kind,ticker,entryDate,exitDate,year,entryTime,depot,isOpen,source,trigger,pnlPct,prev_trade_pnl,days_since_prev_exit,hist_years,dist_ath_pct,at_ath,near_ath5,days_since_ath,dist_52w_pct,pos_52w_range,ext_sma20_pct,ext_sma50_pct,ext_sma200_pct,sma50_gt_sma200,sma50_slope20_pct,sma200_slope20_pct,ret5_pct,ret20_pct,ret63_pct,ret126_pct,gap_entry_pct,atr14_pct,stop_dist_pct,weekly_trend,weekly_last_sh_vs_prev_pct,stop_dist_atr,corr63_depth,corr63_recovery,corr63_days_since_peak,corr126_depth,corr126_recovery,corr126_days_since_peak,qqq_above_sma200,qqq_above_sma50,qqq_dist_ath_pct,qqq_ret20_pct,qqq_ret63_pct,rs63_vs_qqq_pct,r_multiple,hold_days,mfe_pct,mae_pct,exit_reason,new_ath_in_trade,signals_10d
backtest,ISRG,2016-01-13,2016-01-29,2016,18:00,1,0,QQQ,4h,-6.7,nan,nan,11.0,-4.9,0,1,939,0.16,1.007,4.12,8.13,11.46,1,5.34,0.85,-1.78,3.56,17.64,10.2,4.36,1.88,7.66,bullish,9.83,4.07,-4.66,1.347,4,-20.87,1.007,120,0,0,-8.54,-4.45,-0.87,18.67,-0.95,11,2.52,-8.0,zeitstopp,0,0
backtest,AMZN,2016-01-21,2016-02-03,2016,18:00,1,0,QQQ,4h,-5.9,nan,nan,11.0,-15.51,0,0,14,-15.51,0.736,-6.85,-9.68,11.9,1,2.6,5.18,-7.46,-13.91,-0.24,17.17,2.91,4.26,5.14,bullish,2.04,1.21,-21.43,0.276,14,-21.43,0.276,14,0,0,-12.69,-8.27,-7.06,7.34,-1.21,9,8.44,-11.3,stopp,0,2
backtest,GOOG,2016-01-21,2016-02-05,2016,18:00,1,0,QQQ,4h,-2,nan,nan,11.0,-7.9,0,0,14,-7.9,0.78,-2.18,-3.04,14.0,1,2.75,2.98,-3.8,-5.53,4.86,5.46,2.85,3.11,5.87,bullish,0.52,1.89,-13.68,0.422,14,-13.68,0.422,14,0,0,-12.69,-8.27,-7.06,12.83,-0.36,11,9.96,-5.32,zeitstopp,1,2
backtest,CTSH,2016-01-29,2016-02-05,2016,18:00,1,0,QQQ,4h,-6.5,nan,nan,11.1,-9.25,0,0,62,-9.25,0.608,7.07,3.74,0.57,0,-5.25,-0.57,3.86,-0.11,-10.14,-1.48,3.27,3.2,5.55,bearish,-1.02,1.73,-20.44,0.548,62,-20.44,0.548,62,0,0,-11.61,-10.76,-9.52,-0.68,-1.24,5,0.13,-8.52,stopp,0,2
backtest,FISV,2016-02-04,2016-02-22,2016,18:00,1,0,QQQ,4h,1.1,nan,nan,11.1,-1.96,0,1,43,-1.96,0.92,6.23,3.76,9.1,1,-2.41,1.28,4.81,5.44,-2.04,8.03,1.1,2.42,4.69,bearish,-3.16,1.94,-12.41,0.842,43,-12.41,0.842,43,0,0,-11.9,-7.0,-11.03,10.11,0.25,11,2.58,-5.58,zeitstopp,1,1
backtest,ORLY,2016-02-12,2016-03-01,2016,18:00,1,0,QQQ,4h,3.8,nan,nan,11.1,-8.8,0,0,71,-8.8,0.676,3.44,1.81,3.83,1,-3.72,1.09,-0.54,5.88,-8.34,0.93,1.59,3.85,13.05,bullish,2.22,3.39,-17.82,0.581,62,-19.01,0.537,71,0,0,-16.33,-5.25,-14.51,7.21,0.33,11,7.38,-2.05,zeitstopp,0,1
backtest,META,2016-02-17,2016-03-03,2016,18:00,1,0,QQQ,4h,5.3,nan,nan,3.7,-10.92,0,0,9,-10.92,0.718,1.96,1.72,10.77,1,-1.38,2.23,1.86,6.99,-5.93,7.61,3.08,5.41,7.0,bullish,9.14,1.29,-17.66,0.381,9,-17.66,0.381,9,0,0,-13.14,-0.6,-10.27,4.83,0.8,11,5.54,-4.15,struktur,0,1
backtest,MAT,2016-02-18,2016-03-04,2016,10:00,1,0,QQQ,4h,2.3,nan,nan,11.1,-24.7,0,0,536,-5.37,0.879,11.5,17.57,31.65,1,7.87,1.59,3.69,29.96,41.5,42.63,0.61,5.16,11.41,bullish,23.02,2.21,-14.2,0.622,8,-14.2,0.622,8,0,0,-11.18,1.42,-6.4,51.17,0.22,11,3.82,-3.31,zeitstopp,0,2
backtest,ROST,2016-02-22,2016-03-08,2016,18:00,1,0,QQQ,4h,3.7,nan,nan,11.1,-3.15,0,1,12,-3.15,0.87,1.64,2.53,8.35,1,3.36,0.7,4.05,4.71,18.35,-1.35,1.28,2.97,7.26,bullish,2.79,2.44,-8.88,0.645,12,-8.88,0.645,12,0,0,-11.93,0.77,-8.57,29.44,0.54,11,7.32,-0.99,zeitstopp,1,2
backtest,AMAT,2016-02-25,2016-03-11,2016,18:00,1,0,QQQ,4h,4.2,nan,nan,11.1,-24.63,0,0,248,-24.63,0.438,10.77,8.47,8.83,1,-2.72,-1.92,9.63,8.31,3.36,25.15,1.15,3.58,24.35,bullish,5.78,6.8,-20.45,0.899,38,-20.45,0.899,38,0,0,-11.13,-0.58,-10.15,15.03,0.21,11,6.32,-1.72,zeitstopp,0,3
backtest,FAST,2016-03-01,2016-03-16,2016,18:00,1,0,QQQ,4h,-0.7,nan,nan,11.2,-5.95,0,0,986,2.69,1.104,8.18,15.1,17.95,1,3.79,0.58,-0.15,11.66,13.93,17.97,3.62,2.35,9.14,bullish,6.75,3.89,-1.36,2.981,0,-1.36,2.981,0,0,0,-11.18,-1.57,-9.93,26.49,-0.08,11,1.22,-4.73,zeitstopp,0,2
backtest,MAT,2016-03-09,2016-03-24,2016,14:00,1,0,QQQ,4h,-2.2,2.3,5,11.2,-22.34,0,0,550,-2.41,0.946,3.92,13.83,33.04,1,9.49,2.49,2.51,4.83,31.19,49.13,0.08,2.52,4.31,bearish,-1.75,1.71,-14.2,0.831,22,-14.2,0.831,22,0,1,-9.75,7.79,-9.27,44.59,-0.54,11,2.45,-4.19,zeitstopp,0,1
backtest,HSIC,2016-03-14,2016-03-30,2016,13:00,1,0,QQQ,4h,1.6,nan,nan,11.2,-0.3,0,1,8,-0.3,0.988,1.85,8.31,14.34,1,2.73,1.86,1.06,7.5,9.41,25.88,-0.01,1.65,2.72,bullish,5.7,1.65,-3.3,0.909,8,-3.3,0.909,8,0,1,-7.72,10.3,-5.38,15.63,0.61,11,2.26,-3.11,zeitstopp,1,4
backtest,META,2016-03-14,2016-04-27,2016,17:00,1,0,QQQ,4h,-2,5.3,11,3.8,-6.34,0,0,27,-6.34,0.836,3.27,6.23,13.47,1,0.5,2.89,0.94,7.36,4.6,18.95,0.66,2.33,6.56,bearish,-5.99,2.82,-17.66,0.641,27,-17.66,0.641,27,0,1,-7.72,10.3,-5.38,10.55,-0.32,31,6.22,-3.47,struktur,0,4
backtest,NVDA,2016-03-14,2016-05-05,2016,09:00,1,0,QQQ,4h,8.8,nan,nan,11.2,-13.24,0,0,2113,-4.72,0.893,3.9,8.81,23.59,1,-2.37,3.92,-1.01,27.82,-1.13,43.77,0.0,2.51,4.86,bullish,12.67,1.94,-27.08,0.826,49,-27.08,0.826,49,0,1,-7.72,10.3,-5.38,4.49,1.89,37,16.25,-2.02,struktur,1,4
backtest,PYPL,2016-03-14,2016-03-30,2016,09:00,1,0,QQQ,4h,1.2,nan,nan,0.7,-7.23,0,0,163,-7.23,0.755,5.45,12.07,nan,nan,1.96,nan,1.15,17.81,12.6,18.02,-0.04,2.84,6.39,bullish,5.72,2.25,-6.14,0.814,7,-6.14,0.814,7,0,1,-7.72,10.3,-5.38,19.01,0.2,11,5.76,-6.27,zeitstopp,0,4
backtest,ULTA,2016-03-18,2016-04-05,2016,17:00,1,0,QQQ,4h,0.3,nan,nan,8.4,-0.22,0,1,4,-0.22,0.994,12.96,12.31,14.09,1,-3.43,1.02,15.07,21.65,1.4,14.14,1.93,3.23,3.74,bullish,5.52,1.16,-4.14,0.947,4,-4.14,0.947,4,1,1,-6.83,6.11,-3.97,5.59,0.09,11,2.07,-1.95,zeitstopp,1,5
backtest,TCOM,2016-03-21,2016-04-06,2016,17:00,1,0,QQQ,4h,-1.5,nan,nan,11.2,-22.41,0,0,81,-22.41,0.573,8.79,8.27,10.51,1,-6.96,1.11,7.59,4.39,-12.66,23.88,2.26,3.89,13.75,bearish,-5.01,3.53,-29.35,0.611,62,-38.11,0.412,81,1,1,-6.68,5.96,-5.23,-7.84,-0.12,11,2.41,-3.92,zeitstopp,0,5
backtest,LRCX,2016-03-29,2016-04-13,2016,18:00,1,0,QQQ,4h,1.4,nan,nan,11.2,-3.47,0,1,328,-2.75,0.899,5.81,12.72,10.03,0,-0.01,-0.48,-0.37,7.64,-1.21,25.82,2.46,1.73,5.69,bullish,10.16,3.29,-22.38,1.006,60,-22.38,1.006,60,0,1,-6.91,3.87,-4.6,3.56,0.25,11,3.0,-2.87,zeitstopp,0,1
backtest,AMAT,2016-03-30,2016-04-14,2016,18:00,1,0,QQQ,4h,1.2,4.2,19,11.2,-16.01,0,0,271,-6.73,0.821,5.86,15.44,21.24,1,4.45,0.09,-0.68,9.11,8.33,42.59,2.33,2.12,7.98,bullish,17.92,3.76,-5.69,1.142,5,-5.69,1.142,5,1,1,-5.41,6.49,-3.05,11.74,0.17,11,2.14,-1.85,zeitstopp,0,6
backtest,AVGO,2016-03-30,2016-04-14,2016,18:00,1,0,QQQ,4h,-0.7,nan,nan,6.6,1.77,1,1,4,1.77,1.049,7.66,17.47,21.85,1,2.73,0.87,0.81,15.43,5.69,22.39,2.75,1.98,5.85,bullish,12.57,2.95,-2.88,1.614,4,-2.88,1.614,4,1,1,-5.41,6.49,-3.05,9.01,-0.12,11,0.81,-4.55,zeitstopp,1,6
backtest,FISV,2016-03-30,2016-04-14,2016,14:00,1,0,QQQ,4h,-1.6,1.1,37,11.2,0.35,1,1,0,0.35,1.014,3.44,6.76,12.16,1,3.36,2.03,1.26,6.34,9.27,15.85,0.42,1.57,4.15,bullish,1.99,2.64,-2.5,1.142,0,-2.5,1.142,0,1,1,-5.41,6.49,-3.05,12.71,-0.39,11,1.38,-2.99,zeitstopp,1,6
backtest,ISRG,2016-03-30,2016-04-14,2016,14:00,1,0,QQQ,4h,3.6,-6.7,61,11.2,0.16,1,1,0,0.16,1.006,4.3,8.36,16.11,1,2.57,1.63,3.44,7.11,10.16,26.72,0.32,2.32,6.13,bullish,2.76,2.64,-3.64,1.045,0,-3.64,1.045,0,1,1,-5.41,6.49,-3.05,13.63,0.63,11,4.25,-2.3,zeitstopp,1,6
backtest,MSFT,2016-03-30,2016-04-14,2016,10:00,1,0,QQQ,4h,0.6,nan,nan,11.2,-2.8,0,1,61,-2.8,0.909,3.11,5.43,11.8,1,-0.69,1.48,1.58,7.53,-1.02,26.25,0.28,1.93,3.92,bullish,3.77,2.03,-15.23,0.816,61,-15.23,0.816,61,1,1,-5.41,6.49,-3.05,2.1,0.17,11,1.45,-2.01,zeitstopp,0,6
backtest,TCOM,2016-04-08,2016-05-16,2016,18:00,1,0,QQQ,4h,-3.2,-1.5,2,11.3,-22.08,0,0,94,-22.08,0.579,3.27,7.98,9.81,1,-1.24,1.21,-2.03,10.19,-9.46,26.32,3.08,3.12,5.58,bullish,6.37,1.79,-24.66,0.791,62,-38.11,0.421,94,1,1,-5.19,4.37,1.06,-10.41,-0.61,26,10.37,-4.56,struktur,0,5
backtest,BIDU,2016-04-13,2016-04-28,2016,14:00,1,0,QQQ,4h,-1.6,nan,nan,10.7,-24.46,0,0,353,-15.0,0.729,2.25,10.18,9.34,0,3.62,-1.13,1.96,2.96,10.0,29.94,1.58,2.57,5.98,bearish,-11.12,2.33,-6.34,0.726,8,-35.95,0.648,91,1,1,-4.82,2.97,5.28,4.48,-0.28,11,3.75,-3.11,zeitstopp,0,2
backtest,YHOO,2016-04-13,2016-04-28,2016,18:00,1,0,QQQ,4h,-1.1,nan,nan,0.3,-0.64,0,1,6,-0.64,0.979,4.36,14.24,nan,nan,nan,nan,0.69,9.17,21.51,nan,1.64,2.51,5.67,bullish,22.43,2.26,-5.01,0.873,6,-5.01,0.873,6,1,1,-4.82,2.97,5.28,15.42,-0.21,11,2.48,-3.71,zeitstopp,1,2
backtest,LRCX,2016-04-14,2016-04-29,2016,14:00,1,0,QQQ,4h,-5.5,1.4,1,11.3,-1.91,0,1,340,-1.34,0.951,1.81,9.78,11.79,1,5.9,-0.12,0.23,7.32,16.38,25.55,-0.51,1.99,3.65,bullish,14.38,1.83,-3.86,0.652,10,-3.86,0.652,10,1,1,-3.6,4.32,5.4,10.42,-1.57,11,1.75,-8.15,stopp,0,3
backtest,HSIC,2016-04-18,2016-05-03,2016,14:00,1,0,QQQ,4h,-0.3,1.6,19,11.3,-2.35,0,1,12,-2.35,0.914,-0.1,2.09,11.79,1,5.41,1.8,1.18,2.6,15.94,20.73,-0.28,1.4,3.35,bullish,2.13,2.39,-4.56,0.485,12,-4.56,0.485,12,1,1,-3.84,3.21,6.63,8.73,-0.1,11,3.1,-1.15,zeitstopp,1,3
backtest,ISRG,2016-04-20,2016-05-05,2016,14:00,1,0,QQQ,4h,-2.7,3.6,6,11.3,0.69,1,1,4,0.69,1.024,3.93,9.58,19.71,1,4.66,2.27,-0.29,6.98,12.08,33.46,1.82,1.93,3.46,bullish,5.82,1.79,-2.13,1.325,4,-2.13,1.325,4,1,1,-3.92,2.56,9.71,2.16,-0.82,11,3.12,-3.64,zeitstopp,1,4
backtest,CHTR,2016-04-26,2016-05-11,2016,18:00,1,0,QQQ,4h,3.5,nan,nan,6.3,0.2,1,1,0,0.2,1.008,3.13,8.57,13.22,1,7.48,1.72,2.69,4.49,20.12,16.05,0.85,2.41,8.83,bullish,14.19,3.66,-6.52,1.031,0,-6.52,1.031,0,1,1,-5.28,1.75,6.92,12.34,0.43,11,4.77,-1.94,zeitstopp,1,2
backtest,MDLZ,2016-04-27,2016-05-12,2016,18:00,1,0,QQQ,4h,1.6,nan,nan,11.3,-8.69,0,0,181,-8.69,0.66,4.26,6.38,2.97,0,2.27,0.36,-1.76,5.99,3.23,-7.92,3.13,1.72,6.55,bullish,3.05,3.81,-4.81,1.085,5,-23.37,0.744,123,1,1,-5.74,-0.35,5.45,-2.11,0.25,11,3.06,-2.83,zeitstopp,0,4
backtest,ULTA,2016-04-27,2016-05-12,2016,14:00,0,0,QQQ,4h,-1.7,0.3,22,8.5,-0.43,0,1,0,-0.43,0.99,3.05,12.27,19.33,1,7.33,2.64,2.0,7.63,16.19,25.45,-0.39,1.89,3.32,bullish,14.14,1.76,-1.37,0.685,0,-1.37,0.685,0,1,1,-5.74,-0.35,5.45,10.18,-0.54,11,2.7,-2.43,zeitstopp,1,4
backtest,FISV,2016-05-06,2016-05-23,2016,18:00,1,0,QQQ,4h,0.6,-1.6,22,11.3,-1.63,0,1,24,-1.63,0.934,2.52,2.5,9.37,1,2.04,1.5,0.93,-1.05,2.82,3.77,2.61,1.49,5.13,bullish,1.81,3.44,-6.94,0.765,24,-6.94,0.765,24,0,0,-8.72,-3.72,3.62,-0.78,0.13,11,4.21,-4.25,zeitstopp,1,2
backtest,AMZN,2016-05-09,2016-05-24,2016,14:00,1,0,QQQ,4h,3.2,-5.9,96,11.3,-2.85,0,1,89,-2.85,0.929,6.73,12.98,15.94,1,6.97,3.21,2.18,13.35,34.22,5.15,0.39,3.03,4.18,bullish,3.12,1.38,-4.3,0.698,4,-31.94,0.911,89,0,0,-8.24,-3.14,7.92,24.37,0.79,11,6.78,-0.77,zeitstopp,1,3
backtest,ISRG,2016-05-09,2016-05-24,2016,18:00,1,0,QQQ,4h,1.2,-2.7,4,11.3,-4.47,0,1,12,-4.47,0.859,-0.37,3.6,15.99,1,6.35,2.58,-1.18,-0.13,15.43,23.43,1.07,2.0,3.26,bullish,9.88,1.63,-6.67,0.329,12,-6.67,0.329,12,0,0,-8.24,-3.14,7.92,6.95,0.38,11,2.28,-2.0,zeitstopp,0,3
backtest,MNST,2016-05-09,2016-05-24,2016,14:00,1,0,QQQ,4h,0.6,nan,nan,11.3,-7.59,0,0,104,-7.59,0.743,11.66,11.95,6.69,0,1.55,-0.35,2.71,11.73,19.72,11.53,0.13,3.03,3.84,bearish,-1.33,1.27,-4.26,0.629,4,-29.55,0.743,104,0,0,-8.24,-3.14,7.92,10.93,0.17,11,3.8,-0.56,zeitstopp,0,3
backtest,TMUS,2016-05-10,2016-09-12,2016,18:00,1,0,QQQ,4h,11.7,nan,nan,9.1,-41.17,0,0,2216,-8.27,0.648,0.58,2.96,2.45,0,3.11,0.25,-0.23,3.26,17.49,1.17,-0.15,2.82,4.07,bullish,5.61,1.44,-8.84,0.367,9,-8.84,0.367,9,0,0,-7.98,-2.5,9.91,6.9,2.99,86,20.76,0.13,struktur,0,4
backtest,NTES,2016-05-13,2016-11-11,2016,18:00,1,0,QQQ,4h,50.7,nan,nan,11.4,-17.46,0,0,93,-17.46,0.614,10.75,8.42,6.9,0,-1.59,-0.24,3.79,3.08,7.04,-0.09,5.06,2.98,12.53,bearish,-5.73,4.2,-19.14,0.722,57,-30.49,0.427,93,0,0,-7.97,-4.53,10.0,-2.69,4.55,127,79.37,-4.32,struktur,1,5
backtest,CHTR,2016-05-18,2016-06-03,2016,18:00,1,0,QQQ,4h,0.9,3.5,7,6.4,2.6,1,1,3,2.6,1.09,7.52,10.9,20.7,1,7.37,1.53,-6.06,-0.62,18.29,9.05,10.78,2.85,8.41,bullish,6.27,2.95,-8.44,1.308,3,-8.44,1.308,3,0,0,-8.32,-4.59,3.21,14.61,0.12,11,3.73,-4.08,zeitstopp,1,5
backtest,MAT,2016-05-23,2016-06-08,2016,18:00,1,0,QQQ,4h,3,-2.2,60,11.4,-26.19,0,0,602,-9.47,0.792,1.14,-2.22,16.68,1,-1.3,3.12,-0.45,-3.4,-4.54,30.68,1.74,1.85,5.74,bullish,0.03,3.1,-13.84,0.315,24,-13.84,0.315,24,0,0,-7.46,-2.3,3.39,-7.67,0.55,11,4.31,-2.61,zeitstopp,0,1
backtest,ADBE,2016-05-24,2016-06-09,2016,18:00,1,0,QQQ,4h,-1,nan,nan,11.4,1.41,1,1,45,1.41,1.052,4.21,5.51,12.71,1,5.0,1.6,-0.63,0.86,16.31,5.3,2.86,1.62,5.39,bullish,0.07,3.33,-6.89,1.204,45,-6.89,1.204,45,0,0,-7.58,-2.43,4.99,10.79,-0.2,11,1.19,-2.43,zeitstopp,1,2
backtest,AMZN,2016-05-27,2016-06-14,2016,10:00,1,0,QQQ,4h,-0.5,3.2,3,11.4,-0.89,0,1,10,-0.89,0.979,3.23,12.43,20.15,1,9.02,3.12,2.35,18.76,28.76,6.52,0.15,1.82,3.85,bullish,19.76,2.12,-4.66,0.809,10,-4.66,0.809,10,1,1,-4.78,3.09,6.24,21.2,-0.14,11,2.16,-0.68,zeitstopp,1,4
backtest,FISV,2016-05-27,2016-06-14,2016,18:00,1,0,QQQ,4h,0.3,0.6,4,11.4,-1.06,0,1,11,-1.06,0.96,2.51,3.78,11.29,1,1.98,1.62,2.44,6.02,6.41,9.48,0.71,1.51,4.21,bullish,2.51,2.79,-4.85,0.781,11,-4.85,0.781,11,1,1,-4.78,3.09,6.24,0.16,0.06,11,2.47,-0.63,zeitstopp,1,4
backtest,KHC,2016-06-03,2016-06-20,2016,14:00,1,0,QQQ,4h,1.5,nan,nan,0.9,-2.15,0,1,14,-2.15,0.93,0.76,5.21,13.44,1,4.0,1.05,0.61,6.73,11.15,16.43,-0.66,1.9,2.9,bullish,9.47,1.53,-7.15,0.7,14,-7.15,0.7,14,1,1,-3.89,5.26,5.0,5.86,0.53,11,2.71,-0.29,zeitstopp,1,2
backtest,WFM,2016-06-06,2016-06-16,2016,14:00,1,0,QQQ,4h,-11.3,nan,nan,0.4,0.06,1,1,62,0.06,1.003,10.0,12.68,nan,nan,-1.49,nan,4.78,12.76,5.31,nan,1.65,2.09,9.94,bearish,-10.37,4.76,-18.59,1.003,62,-18.59,1.003,62,1,1,-4.34,4.8,4.46,0.81,-1.25,8,2.75,-11.7,stopp,1,1
backtest,TXN,2016-06-07,2016-06-22,2016,14:00,1,0,QQQ,4h,1.4,nan,nan,11.4,0.02,1,1,0,0.02,1.001,4.12,5.43,14.32,1,2.77,1.87,0.44,7.15,11.16,7.73,0.31,1.58,3.25,bullish,3.75,2.06,-1.5,1.012,0,-1.5,1.012,0,1,1,-3.99,4.62,5.49,5.37,0.44,11,1.8,-0.95,zeitstopp,1,2
backtest,ISRG,2016-06-09,2016-06-24,2016,18:00,1,0,QQQ,4h,-0.5,1.2,16,11.4,-1.33,0,1,34,-1.33,0.958,1.96,2.94,17.39,1,3.55,1.92,0.81,2.6,12.21,23.03,0.52,1.37,3.38,bearish,-1.54,2.47,-6.67,0.801,34,-6.67,0.801,34,1,1,-4.07,2.83,5.61,6.26,-0.15,11,2.44,-1.67,zeitstopp,1,4
backtest,NVDA,2016-06-09,2016-06-24,2016,18:00,1,0,QQQ,4h,-1.1,8.8,35,11.4,-1.13,0,1,4,-1.13,0.981,6.86,20.05,50.23,1,12.65,7.76,-1.35,28.75,45.91,40.33,1.79,1.87,3.98,bullish,27.67,2.13,-3.95,0.715,4,-3.95,0.715,4,1,1,-4.07,2.83,5.61,38.16,-0.28,11,3.27,-3.62,zeitstopp,1,4
backtest,AMAT,2016-06-10,2016-06-15,2016,10:00,0,0,QQQ,4h,-2.8,1.2,57,11.4,-1.79,0,1,322,-0.5,0.988,8.19,14.09,34.39,1,5.44,3.48,-0.41,22.57,25.33,30.13,0.44,2.42,2.8,bullish,14.25,1.16,-3.0,0.835,5,-3.0,0.835,5,1,1,-4.23,3.6,5.6,18.69,-1.03,3,-0.32,-4.35,stopp,0,5
backtest,MAT,2016-06-15,2016-06-27,2016,18:00,1,0,QQQ,4h,-7.1,3,7,11.4,-24.57,0,0,618,-7.49,0.836,1.42,0.84,15.75,1,-1.51,3.7,-3.3,1.77,-2.34,21.49,2.13,1.76,2.37,bearish,-5.57,1.35,-13.84,0.459,40,-13.84,0.459,40,1,0,-6.11,1.13,1.61,-3.89,-3.06,8,3.61,-9.39,stopp,0,5
backtest,PAYX,2016-06-17,2016-08-04,2016,14:00,1,0,QQQ,4h,7.3,nan,nan,11.4,-1.09,0,1,7,-1.09,0.959,1.36,3.51,8.37,1,0.74,1.7,-0.56,6.13,2.06,5.21,-0.12,1.15,2.57,bullish,4.74,2.23,-2.6,0.581,7,-2.6,0.581,7,1,0,-6.1,2.06,0.78,1.26,2.92,33,12.83,-2.31,struktur,1,4
backtest,ADBE,2016-06-20,2016-06-23,2016,18:00,1,0,QQQ,4h,-3.7,-1,11,11.5,-2.21,0,1,13,-2.21,0.924,0.05,2.0,9.61,1,2.85,1.91,-1.56,-0.31,2.31,0.02,2.89,1.37,3.13,bullish,2.94,2.28,-5.17,0.573,13,-5.17,0.573,13,0,0,-7.2,1.39,-0.56,2.88,-1.21,3,1.61,-4.56,stopp,0,6
backtest,CHTR,2016-06-20,2016-06-28,2016,18:00,0,0,QQQ,4h,-2,0.9,17,6.4,-5.02,0,0,19,-5.02,0.849,-0.72,3.4,16.08,1,4.79,2.24,-1.11,-2.87,9.98,20.59,0.42,2.02,2.51,bullish,13.1,1.24,-7.53,0.334,19,-7.53,0.334,19,0,0,-7.2,1.39,-0.56,10.59,-0.82,6,1.55,-3.56,stopp,0,6
backtest,DLTR,2016-06-20,2016-07-06,2016,18:00,0,0,QQQ,4h,2.9,nan,nan,11.5,0.1,1,1,6,0.1,1.003,4.81,10.6,21.24,1,3.58,1.47,0.26,19.07,14.45,16.13,0.74,1.48,4.38,bullish,11.8,2.96,-3.14,1.031,6,-3.14,1.031,6,0,0,-7.2,1.39,-0.56,15.09,0.7,11,3.27,-2.2,zeitstopp,1,6
backtest,HSIC,2016-06-20,2016-06-27,2016,18:00,0,0,QQQ,4h,-3,-0.3,48,11.5,-3.19,0,1,6,-3.19,0.895,0.23,1.72,10.98,1,1.27,2.14,-3.06,1.18,3.15,11.62,1.34,1.41,2.72,bullish,3.57,1.93,-5.07,0.371,6,-5.07,0.371,6,0,0,-7.2,1.39,-0.56,3.73,-1.13,5,1.38,-4.97,stopp,0,6
backtest,KHC,2016-06-20,2016-07-06,2016,18:00,0,0,QQQ,4h,3.2,1.5,0,1.0,-0.2,0,1,25,-0.2,0.993,1.78,5.12,14.49,1,3.72,1.55,-0.61,2.9,10.47,18.81,1.27,1.3,3.31,bullish,9.47,2.55,-7.15,0.972,25,-7.15,0.972,25,0,0,-7.2,1.39,-0.56,11.09,1.0,11,4.51,-3.95,zeitstopp,1,6
backtest,AMAT,2016-06-22,2016-06-28,2016,18:00,1,0,QQQ,4h,-5.7,-2.8,7,11.5,-3.45,0,1,330,-2.17,0.95,0.47,9.87,29.75,1,6.72,4.53,0.38,4.52,15.18,32.95,1.19,1.62,4.45,bullish,14.25,2.75,-5.4,0.597,13,-5.4,0.597,13,1,0,-6.32,1.37,-0.31,15.54,-1.33,4,1.72,-8.06,stopp,0,7
backtest,XRAY,2016-06-23,2016-06-27,2016,18:00,1,0,QQQ,4h,-6.1,nan,nan,11.5,-1.71,0,1,7,-1.71,0.932,2.43,4.81,9.23,1,1.62,1.59,0.34,2.95,4.95,6.09,1.82,1.6,3.71,bullish,4.43,2.32,-5.07,0.664,7,-5.07,0.664,7,1,0,-6.55,-0.86,0.28,4.66,-1.7,2,0.33,-8.96,stopp,0,8
backtest,CHTR,2016-06-29,2017-03-22,2016,18:00,1,0,QQQ,4h,41.6,-2,1,6.5,-2.88,0,1,26,-2.88,0.913,2.14,4.46,17.9,1,3.8,2.15,-1.99,-0.26,7.3,19.94,3.93,2.02,7.1,bearish,-2.04,3.51,-8.4,0.657,26,-8.4,0.657,26,0,0,-8.97,-5.08,-4.23,12.04,6.28,183,50.46,-3.12,struktur,1,7
backtest,ADP,2016-06-30,2016-07-18,2016,18:00,1,0,QQQ,4h,4.4,nan,nan,11.5,0.89,1,1,50,0.89,1.029,4.03,4.42,7.68,1,-0.68,1.3,0.35,1.77,-0.04,3.91,2.37,1.56,8.14,bullish,2.4,5.22,-7.3,1.121,50,-7.3,1.121,50,0,0,-7.36,-3.4,-2.39,2.41,0.59,11,4.97,-2.76,zeitstopp,1,5
backtest,INTU,2016-06-30,2016-07-18,2016,18:00,1,0,QQQ,4h,3.1,nan,nan,11.5,2.12,1,1,0,2.12,1.076,4.43,6.69,13.73,1,1.5,1.86,2.67,1.95,5.38,10.68,2.19,1.91,9.49,bullish,3.76,4.97,-2.52,1.838,0,-2.52,1.838,0,0,0,-7.36,-3.4,-2.39,7.95,0.36,11,5.01,-2.31,zeitstopp,1,5
backtest,ISRG,2016-06-30,2016-07-18,2016,18:00,1,0,QQQ,4h,1.6,-0.5,6,11.5,0.06,1,1,4,0.06,1.002,2.87,4.14,18.12,1,2.11,2.4,0.96,3.14,9.43,18.86,0.7,1.73,6.97,bullish,1.59,4.03,-5.52,1.01,4,-5.52,1.01,4,0,0,-7.36,-3.4,-2.39,12.1,0.25,11,2.91,-1.1,zeitstopp,1,5
backtest,ULTA,2016-07-01,2016-07-19,2016,18:00,1,0,QQQ,4h,4.6,-1.7,50,8.7,0.34,1,1,0,0.34,1.007,2.46,10.04,30.76,1,7.9,4.28,0.64,2.78,25.47,31.26,0.49,1.59,6.34,bullish,2.49,3.99,-1.57,1.22,0,-1.57,1.22,0,1,1,-6.28,-2.49,-2.3,28.42,0.76,11,4.93,-1.56,zeitstopp,1,6
backtest,AMZN,2016-07-05,2016-07-20,2016,10:00,1,0,QQQ,4h,2.8,-0.5,21,11.5,-1.11,0,1,19,-1.11,0.974,1.08,3.74,16.43,1,6.77,3.43,3.82,0.02,22.34,7.37,-0.31,1.82,2.55,bullish,1.25,1.4,-6.75,0.836,19,-6.75,0.836,19,1,1,-5.81,-1.54,-1.43,24.11,1.15,11,4.69,-0.52,zeitstopp,1,5
backtest,AMAT,2016-07-08,2017-04-13,2016,18:00,1,0,QQQ,4h,53.4,-5.7,10,11.5,-0.72,0,1,341,0.59,1.014,4.41,10.15,30.25,1,5.05,4.58,3.1,0.25,17.29,38.34,2.08,2.42,6.62,bearish,-0.49,2.74,-10.06,1.059,24,-10.06,1.059,24,1,1,-5.34,-1.32,-0.16,17.47,8.59,193,62.08,-1.47,struktur,1,6
backtest,FISV,2016-07-11,2016-07-26,2016,18:00,0,0,QQQ,4h,0.3,0.3,27,11.5,0.26,1,1,0,0.26,1.009,3.69,5.38,13.35,1,2.34,2.17,0.88,2.19,9.19,24.35,0.48,1.54,3.12,bullish,1.38,2.03,-0.79,1.333,0,-0.79,1.333,0,1,1,-3.88,0.37,1.46,7.61,0.08,11,1.17,-0.58,zeitstopp,1,2
backtest,LRCX,2016-07-12,2016-07-27,2016,18:00,0,0,QQQ,4h,5.6,-5.5,74,11.5,0.18,1,1,11,0.18,1.006,4.98,9.05,15.59,1,1.01,1.76,4.04,4.81,6.47,23.43,1.17,2.44,9.35,bullish,3.79,3.83,-9.22,1.019,11,-9.22,1.019,11,1,1,-3.33,2.1,2.42,3.95,0.65,11,5.66,-0.39,struktur,1,3
backtest,TXN,2016-07-13,2016-08-31,2016,14:00,0,0,QQQ,4h,8,1.4,21,11.5,0.23,1,1,0,0.23,1.007,4.32,7.13,15.81,1,2.52,2.83,5.11,4.63,10.87,27.48,0.28,1.92,7.86,bullish,4.47,4.09,-1.06,1.221,0,-1.06,1.221,0,1,1,-2.84,3.48,2.08,8.61,1.1,35,12.42,-0.33,struktur,1,4
backtest,AVGO,2016-07-14,2016-07-29,2016,18:00,0,0,QQQ,4h,0.6,-0.7,91,6.9,-1.52,0,1,27,-1.52,0.962,5.58,7.31,17.4,1,0.47,2.11,4.5,-0.68,-0.99,21.94,3.53,2.88,11.86,bullish,3.98,4.12,-14.03,0.892,27,-14.03,0.892,27,1,1,-3.08,3.23,0.55,-1.52,0.06,11,2.84,-3.85,zeitstopp,1,5
backtest,DLTR,2016-07-18,2016-08-02,2016,18:00,1,0,QQQ,4h,1.4,2.9,12,11.5,-0.2,0,1,5,-0.2,0.995,2.31,8.52,21.94,1,6.11,3.4,-0.78,2.72,15.4,24.62,1.55,1.46,2.69,bullish,4.16,1.84,-1.83,0.889,5,-1.83,0.889,5,1,1,-2.57,3.76,1.32,13.9,0.54,11,2.12,-1.92,zeitstopp,1,4
backtest,CSCO,2016-07-20,2016-08-04,2016,14:00,1,0,QQQ,4h,2.6,nan,nan,11.5,-0.02,0,1,0,-0.02,0.999,4.13,5.96,11.77,1,1.88,1.46,1.05,4.84,6.57,27.75,0.28,1.3,7.59,bearish,-0.61,5.84,-0.8,0.975,0,-0.8,0.975,0,1,1,-2.28,4.64,1.7,4.79,0.37,11,3.82,-0.08,zeitstopp,1,7
backtest,INTC,2016-07-20,2016-07-22,2016,14:00,1,0,QQQ,4h,-2.8,nan,nan,11.5,-2.23,0,1,406,0.15,1.005,6.14,10.53,11.34,1,2.98,1.53,0.6,9.26,12.2,20.02,0.58,1.47,2.32,bullish,6.97,1.58,-1.27,1.12,3,-1.27,1.12,3,1,1,-2.28,4.64,1.7,10.32,-1.21,2,1.63,-4.23,stopp,0,7
backtest,ISRG,2016-07-20,2016-08-04,2016,10:00,1,0,QQQ,4h,-4,1.6,2,11.5,5.2,1,1,6,5.2,1.151,8.18,10.86,25.23,1,2.2,2.98,-0.5,3.68,7.73,20.74,6.72,1.3,8.4,bullish,4.61,6.46,-2.41,3.153,6,-2.41,3.153,6,1,1,-2.28,4.64,1.7,5.93,-0.52,11,0.42,-5.07,zeitstopp,1,7
backtest,MAT,2016-07-21,2016-08-05,2016,14:00,1,0,QQQ,4h,1.1,-7.1,24,11.5,-22.04,0,0,643,-4.38,0.904,2.77,3.99,14.27,1,0.33,3.77,-1.23,2.18,0.6,34.77,-0.0,1.91,2.79,bullish,2.98,1.46,-4.81,0.349,6,-16.17,0.729,65,1,1,-1.14,5.53,2.8,-2.14,0.39,11,3.48,-2.13,zeitstopp,0,8
backtest,STX,2016-07-21,2016-08-05,2016,14:00,0,0,QQQ,4h,1.8,nan,nan,11.5,-50.94,0,0,395,-37.1,0.407,20.39,32.12,3.27,0,2.78,-5.48,2.25,27.83,22.68,9.93,1.38,4.31,10.37,bearish,-0.88,2.41,-2.75,1.443,1,-49.22,0.7,83,1,1,-1.14,5.53,2.8,19.33,0.19,11,9.15,-2.69,zeitstopp,0,8
backtest,AMZN,2016-07-22,2016-08-08,2016,18:00,1,0,QQQ,4h,2.2,2.8,2,11.5,-0.97,0,1,7,-0.97,0.976,2.65,4.09,18.08,1,5.11,3.32,0.44,4.76,17.98,29.46,0.75,1.51,3.96,bullish,3.53,2.62,-3.78,0.744,7,-3.78,0.744,7,1,1,-1.37,5.54,2.56,15.03,0.59,11,2.73,-2.3,zeitstopp,1,8
backtest,NVDA,2016-07-25,2017-07-05,2016,10:00,0,0,QQQ,4h,159.4,-1.1,31,11.5,0.62,1,1,0,0.62,1.009,9.56,16.18,55.48,1,13.62,8.23,3.73,12.74,51.11,93.37,0.62,2.32,7.19,bullish,2.1,3.1,-3.02,1.205,0,-3.02,1.205,0,1,1,-0.96,4.49,4.56,44.52,23.78,238,208.06,-0.45,struktur,1,7
backtest,LLTC,2016-07-26,2016-08-26,2016,18:00,0,0,QQQ,4h,19.5,nan,nan,0.6,0.19,1,1,5,0.19,1.007,4.38,5.14,nan,nan,2.18,nan,-0.27,6.47,6.26,20.48,1.59,1.41,4.97,bullish,2.63,3.52,-3.6,1.052,5,-3.6,1.052,5,1,1,-0.95,8.98,4.57,1.61,4.11,23,30.82,-1.07,struktur,1,8
backtest,GEN,2016-08-04,2016-11-07,2016,18:00,1,0,QQQ,4h,15,nan,nan,11.6,-1.15,0,1,14,-1.15,0.964,1.98,7.58,21.58,1,8.43,2.75,3.01,2.55,25.92,36.26,0.74,1.63,4.35,bullish,0.09,2.67,-5.82,0.802,14,-5.82,0.802,14,1,1,-0.68,6.5,10.09,14.38,3.59,66,22.56,-1.21,struktur,1,1
backtest,MAT,2016-08-05,2016-08-22,2016,18:00,1,0,QQQ,4h,-1.8,1.1,0,11.6,-19.51,0,0,654,-1.28,0.972,3.1,5.73,15.48,1,2.83,4.15,0.03,2.23,9.85,4.99,2.53,1.87,6.56,neutral,0.0,3.51,-5.19,1.003,17,-16.17,0.921,76,1,1,-0.4,6.49,10.43,-0.53,-0.3,11,1.02,-3.76,zeitstopp,0,1
backtest,DLTR,2016-08-10,2016-08-25,2016,18:00,1,0,QQQ,4h,-10.6,1.4,8,11.6,0.61,1,1,6,0.61,1.016,2.69,4.95,21.14,1,7.25,3.95,-0.29,1.6,17.46,27.53,2.6,1.45,4.65,bullish,1.92,3.21,-2.88,1.213,6,-2.88,1.213,6,1,1,-0.32,4.87,9.23,7.54,-2.39,11,1.51,-13.27,stopp,1,2
backtest,YHOO,2016-08-11,2016-08-26,2016,14:00,1,0,QQQ,4h,2.3,-1.1,105,0.6,3.05,1,1,0,3.05,1.088,6.53,9.12,nan,nan,1.83,nan,4.01,6.08,6.85,47.34,3.18,1.4,7.09,bullish,3.52,5.06,-1.7,2.794,0,-1.7,2.794,0,1,1,-0.57,4.86,9.94,-2.81,0.35,11,5.07,-0.66,zeitstopp,1,3
backtest,MU,2016-08-12,2017-07-31,2016,18:00,1,0,QQQ,4h,98.1,nan,nan,11.6,-59.39,0,0,422,-23.01,0.556,7.49,13.22,18.66,1,10.55,-2.73,2.85,8.58,49.84,48.92,2.98,3.81,6.98,bullish,5.16,1.83,-12.56,0.984,11,-12.56,0.984,11,1,1,-0.21,4.59,10.9,35.12,15.03,242,121.81,-2.89,struktur,0,4
backtest,QCOM,2016-08-15,2016-08-30,2016,18:00,1,0,QQQ,4h,3,nan,nan,11.6,-20.01,0,0,519,-1.82,0.946,1.76,9.19,19.89,1,5.79,0.87,-0.47,12.71,21.4,41.13,-0.06,1.39,1.4,bullish,13.05,1.01,-4.46,0.591,10,-4.46,0.591,10,1,1,-0.14,4.83,11.39,8.99,2.19,11,3.85,0.14,zeitstopp,0,3
backtest,MCHP,2016-08-19,2016-09-06,2016,14:00,0,0,QQQ,4h,2.7,nan,nan,11.6,-0.71,0,1,7,-0.71,0.983,6.35,13.43,27.65,1,6.3,2.46,1.36,14.49,29.29,46.46,-0.1,1.78,3.07,bullish,5.5,1.72,-4.05,0.825,7,-4.05,0.825,7,1,1,-0.58,3.63,11.67,15.78,0.9,11,3.17,-0.47,zeitstopp,1,4
backtest,LRCX,2016-08-23,2016-09-08,2016,18:00,1,0,QQQ,4h,-1.4,5.6,27,11.6,1.07,1,1,17,1.07,1.03,3.94,8.19,20.17,1,5.68,2.66,2.71,2.82,21.76,35.66,1.72,1.85,7.0,bullish,7.58,3.78,-6.05,1.177,17,-6.05,1.177,17,1,1,-0.53,3.25,10.66,10.03,-0.21,11,1.02,-2.63,zeitstopp,1,2
backtest,MAT,2016-08-29,2016-09-09,2016,18:00,1,0,QQQ,4h,-4.9,-1.8,7,11.6,-18.75,0,0,670,-0.34,0.992,1.83,4.46,13.4,1,2.67,3.55,2.53,2.12,7.26,6.13,0.37,1.49,3.22,bullish,1.03,2.16,-1.89,0.821,0,-16.17,0.979,92,1,1,-1.04,1.35,6.32,0.89,-1.58,8,0.46,-6.2,stopp,0,2
backtest,META,2016-08-29,2016-09-14,2016,18:00,1,0,QQQ,4h,0.8,-2,124,4.3,-1.91,0,1,21,-1.91,0.943,1.34,4.91,12.52,1,2.33,2.02,1.13,0.82,4.67,16.87,0.74,0.93,3.3,bearish,-1.75,3.55,-4.88,0.609,21,-4.88,0.609,21,1,1,-1.04,1.35,6.32,-1.55,0.25,11,4.84,-1.22,zeitstopp,1,2
backtest,PAYX,2016-09-01,2016-09-12,2016,18:00,1,0,QQQ,4h,-3.2,7.3,28,11.7,-0.77,0,1,37,-0.77,0.975,1.56,2.63,14.3,1,4.08,1.8,-0.03,3.69,11.28,17.51,0.42,0.84,2.55,bullish,0.64,3.04,-5.16,0.851,37,-5.16,0.851,37,1,1,-1.33,0.95,5.58,5.4,-1.27,6,1.14,-3.49,stopp,1,3
backtest,AMZN,2016-09-06,2016-09-21,2016,10:00,0,0,QQQ,4h,1.1,2.2,29,11.7,-0.13,0,1,0,-0.13,0.997,1.14,3.35,17.46,1,2.58,2.1,0.45,0.84,6.29,37.25,0.33,0.83,2.46,bullish,2.17,2.96,-0.55,0.767,0,-0.55,0.767,0,1,1,-0.75,0.29,6.31,-0.02,0.44,11,2.04,-2.45,zeitstopp,1,3
backtest,ADSK,2016-09-08,2016-09-14,2016,18:00,1,0,QQQ,4h,-4.5,nan,nan,11.7,-0.48,0,1,7,-0.48,0.988,6.18,14.44,19.99,1,5.45,1.01,0.84,13.69,17.2,21.01,0.41,1.97,3.77,bullish,14.87,1.91,-6.0,0.92,7,-6.0,0.92,7,1,1,-0.17,0.86,7.13,9.41,-1.25,4,0.39,-5.55,stopp,0,2
backtest,EBAY,2016-09-16,2016-10-03,2016,14:00,1,0,QQQ,4h,-1.3,nan,nan,11.7,-3.33,0,1,5,-3.33,0.903,0.09,5.07,21.3,1,11.56,1.07,-2.2,4.48,34.09,34.6,-0.82,1.8,1.54,bullish,4.16,0.86,-4.51,0.261,5,-4.51,0.261,5,1,1,-0.41,0.32,9.18,22.82,-0.86,11,4.64,-1.54,zeitstopp,1,2
backtest,INTC,2016-09-16,2016-10-03,2016,18:00,1,0,QQQ,4h,0.4,-2.8,56,11.7,2.41,1,1,6,2.41,1.091,5.06,7.08,16.99,1,4.64,0.91,0.33,4.4,16.24,16.18,2.66,1.57,8.13,bullish,2.78,5.18,-4.34,1.554,6,-4.34,1.554,6,1,1,-0.41,0.32,9.18,6.47,0.06,11,1.38,-2.48,zeitstopp,1,2
backtest,NTAP,2016-09-19,2016-10-04,2016,18:00,1,0,QQQ,4h,-1,nan,nan,11.7,-37.48,0,0,1408,0.12,1.003,2.37,18.98,37.3,1,16.51,1.38,1.58,2.74,41.07,29.62,2.62,1.84,5.14,bullish,0.54,2.79,-5.04,1.023,7,-5.04,1.023,7,1,1,-0.45,0.25,10.42,27.76,-0.21,11,1.06,-3.36,zeitstopp,0,2
backtest,LRCX,2016-09-30,2016-10-17,2016,18:00,1,0,QQQ,4h,2.8,-1.4,22,11.7,-0.25,0,1,22,-0.25,0.993,2.69,3.63,17.81,1,3.46,1.97,0.58,0.23,11.28,13.2,2.13,1.89,6.2,bullish,2.1,3.28,-5.92,0.957,22,-5.92,0.957,22,1,1,-1.16,1.46,9.85,1.3,0.48,11,7.59,-1.88,zeitstopp,1,2
backtest,QCOM,2016-09-30,2016-10-17,2016,10:00,1,0,QQQ,4h,-1.3,3,31,11.7,-13.12,0,0,552,-3.5,0.913,5.59,6.94,25.27,1,6.54,2.85,6.19,6.94,26.98,34.98,-1.52,2.05,8.46,bullish,2.26,4.13,-8.89,0.607,0,-8.89,0.607,0,1,1,-1.16,1.46,9.85,15.59,-0.17,11,5.99,-3.19,zeitstopp,0,2
backtest,TXN,2016-09-30,2016-10-17,2016,18:00,0,0,QQQ,4h,-2.9,8,30,11.7,-2.29,0,1,46,-2.29,0.937,2.19,1.81,18.34,1,3.93,2.16,0.11,0.43,12.07,21.96,1.0,1.58,4.66,bearish,-0.79,2.95,-8.16,0.719,46,-8.16,0.719,46,1,1,-1.16,1.46,9.85,2.02,-0.65,11,1.12,-4.93,zeitstopp,0,2
backtest,ISRG,2016-10-03,2016-10-18,2016,14:00,1,0,QQQ,4h,-1.1,-4,60,11.7,-0.31,0,1,0,-0.31,0.992,3.91,4.62,16.3,1,1.76,2.97,2.06,5.1,8.78,16.52,0.0,1.42,2.77,bearish,-0.58,1.95,-1.34,0.768,0,-1.34,0.768,0,1,1,-0.42,1.95,10.12,-1.21,-0.41,11,0.33,-2.55,zeitstopp,1,3
backtest,ADSK,2016-10-05,2016-10-14,2016,18:00,1,0,QQQ,4h,-2.1,-4.5,21,11.8,-0.03,0,1,3,-0.03,0.999,4.52,11.23,25.36,1,9.37,1.18,-0.67,5.51,34.86,23.61,1.9,2.03,3.76,bullish,5.28,1.85,-2.68,0.989,3,-2.68,0.989,3,1,1,-0.71,0.69,9.57,23.08,-0.59,7,0.86,-6.02,stopp,1,5
backtest,AMZN,2016-10-05,2016-10-20,2016,18:00,1,0,QQQ,4h,-3.4,1.1,14,11.8,0.03,1,1,0,0.03,1.001,5.94,8.54,25.17,1,3.28,1.92,2.2,5.72,13.07,38.52,1.03,1.37,6.77,bullish,2.2,4.94,-1.44,1.019,0,-1.44,1.019,0,1,1,-0.71,0.69,9.57,3.19,-0.54,11,0.55,-4.69,zeitstopp,1,5
backtest,NXPI,2016-10-21,2016-10-27,2016,10:00,1,0,QQQ,4h,-5.7,nan,nan,6.2,-6.63,0,0,352,-1.02,0.976,8.45,16.94,27.86,1,6.65,1.62,2.6,23.82,23.8,23.82,1.86,2.46,6.87,bullish,17.17,2.79,-7.58,0.865,0,-7.58,0.865,0,1,1,-1.48,-1.16,3.83,19.23,-0.89,4,-0.83,-8.05,stopp,0,1
backtest,QCOM,2016-10-21,2016-11-07,2016,18:00,1,0,QQQ,4h,-0.3,-1.3,4,11.8,-11.17,0,0,567,-3.53,0.915,2.95,6.41,24.75,1,4.28,3.5,2.5,6.01,11.06,30.25,0.85,2.24,5.04,bullish,10.52,2.25,-8.66,0.593,14,-8.66,0.593,14,1,1,-1.48,-1.16,3.83,6.96,-0.06,11,5.46,-3.2,zeitstopp,0,1
backtest,AVGO,2016-10-24,2016-11-08,2016,18:00,1,0,QQQ,4h,-0.9,0.6,87,7.2,-0.14,0,1,37,-0.14,0.996,4.19,4.11,16.81,1,1.73,1.99,1.66,3.76,8.55,16.69,3.3,1.93,6.07,bearish,-1.67,3.15,-11.52,0.988,37,-11.52,0.988,37,1,1,-1.11,-0.15,4.21,4.16,-0.15,11,-0.34,-7.17,zeitstopp,0,3
backtest,TMUS,2016-10-24,2016-11-08,2016,14:00,1,0,QQQ,4h,2.4,11.7,42,9.5,-27.21,0,0,2332,2.46,1.08,6.09,6.22,17.35,1,0.34,1.86,1.12,-1.14,3.8,13.53,5.44,1.76,7.1,bearish,-0.91,4.03,-7.82,1.315,53,-7.82,1.315,53,1,1,-1.11,-0.15,4.21,-0.4,0.36,11,4.78,-1.98,zeitstopp,0,3
backtest,TXN,2016-10-25,2016-11-09,2016,10:00,1,0,QQQ,4h,-5.1,-2.9,8,11.8,-0.27,0,1,63,-0.27,0.993,3.38,3.65,18.19,1,0.68,2.56,4.76,4.76,0.9,22.09,0.44,1.78,6.01,bullish,0.68,3.38,-2.1,1.17,0,-8.16,0.967,63,1,1,-0.07,1.9,5.34,-4.22,-0.91,11,0.26,-6.54,zeitstopp,0,4
backtest,AAL,2016-11-07,2017-01-31,2016,18:00,1,0,QQQ,4h,8.2,nan,nan,11.1,-32.92,0,0,2504,-9.94,0.785,5.13,9.81,14.18,1,4.58,-0.36,-0.55,5.59,15.98,21.31,4.19,2.76,5.96,bullish,3.57,2.16,-6.65,1.213,11,-6.65,1.213,11,1,0,-5.02,-4.07,-2.33,18.75,1.45,57,22.31,-2.64,struktur,0,3
backtest,CSX,2016-11-07,2017-03-20,2016,14:00,1,0,QQQ,4h,50.4,nan,nan,11.8,-13.4,0,0,490,-0.73,0.979,2.71,5.57,17.39,1,3.62,2.65,2.11,-0.42,9.26,21.23,1.87,1.82,5.53,bullish,10.57,3.04,-5.42,0.866,15,-5.42,0.866,15,1,0,-5.02,-4.07,-2.33,11.87,9.62,90,61.14,-0.63,struktur,1,3
backtest,LRCX,2016-11-07,2017-04-13,2016,18:00,1,0,QQQ,4h,28.8,2.8,21,11.8,-3.89,0,1,19,-3.89,0.901,0.72,3.35,17.43,1,2.88,3.03,-1.26,-5.33,2.8,28.16,3.64,2.06,4.91,bullish,7.32,2.38,-8.54,0.545,19,-8.54,0.545,19,1,0,-5.02,-4.07,-2.33,5.25,6.16,108,33.25,-3.62,struktur,1,3
backtest,MSFT,2016-11-07,2016-11-15,2016,18:00,0,0,QQQ,4h,-2.9,0.6,207,11.8,-1.46,0,1,8,-1.46,0.937,2.88,4.34,12.14,1,0.95,1.2,-1.94,1.57,1.75,18.81,3.01,1.56,3.1,bullish,5.5,1.99,-4.64,0.686,8,-4.64,0.686,8,1,0,-5.02,-4.07,-2.33,4.17,-0.96,6,0.5,-5.28,stopp,0,3
backtest,ROST,2016-11-17,2016-12-05,2016,18:00,1,0,QQQ,4h,4.5,3.7,254,11.9,-1.86,0,1,62,-1.86,0.943,3.3,2.71,10.47,1,-0.02,1.63,1.59,0.79,1.78,15.56,1.64,1.94,5.78,bearish,-1.16,2.98,-8.11,0.771,62,-8.11,0.771,62,1,0,-2.3,-0.8,-0.07,1.85,0.82,11,7.56,-2.77,zeitstopp,1,0
backtest,TMUS,2016-11-21,2016-12-07,2016,18:00,1,0,QQQ,4h,5.3,2.4,13,9.6,-20.5,0,0,2352,-0.13,0.997,5.48,11.62,24.49,1,3.93,2.95,2.0,14.63,14.73,28.7,0.46,2.73,4.32,bullish,8.35,1.58,-3.78,0.965,4,-3.78,0.965,4,1,1,-1.96,-0.7,0.22,14.47,1.28,11,8.6,-1.37,struktur,0,1
backtest,AKAM,2016-11-22,2016-12-02,2016,10:00,1,0,QQQ,4h,-6.1,nan,nan,11.9,-14.02,0,0,385,-5.07,0.886,1.37,14.46,23.08,1,9.46,4.08,2.23,13.7,24.81,26.94,0.81,1.87,4.46,bullish,26.74,2.39,-8.83,0.426,15,-8.83,0.426,15,1,1,-0.94,-0.86,1.09,23.47,-1.42,7,0.47,-6.84,stopp,0,2
backtest,MAR,2016-11-30,2017-06-30,2016,14:00,1,0,QQQ,4h,28.7,nan,nan,11.9,-4.41,0,1,428,-0.55,0.982,6.04,12.65,15.17,1,2.66,2.19,2.35,15.6,10.27,18.78,0.04,1.92,3.78,bearish,-3.99,1.97,-1.87,0.705,0,-1.87,0.705,0,1,1,-0.6,1.67,2.3,7.8,7.88,146,40.56,-1.4,struktur,1,2
backtest,PCAR,2016-12-01,2016-12-16,2016,18:00,0,0,QQQ,4h,5.2,nan,nan,11.9,-4.65,0,1,488,0.56,1.018,6.8,8.94,13.17,1,0.64,2.07,2.3,14.28,4.27,11.39,1.32,1.84,5.16,bearish,-0.89,2.8,-2.03,1.278,0,-2.03,1.278,0,1,0,-1.81,1.2,1.16,3.07,1.06,11,8.78,-6.66,struktur,1,3
backtest,STX,2016-12-01,2016-12-16,2016,14:00,0,0,QQQ,4h,1.1,1.8,118,11.9,-34.77,0,0,488,0.34,1.006,8.48,10.49,33.61,1,3.46,3.29,2.93,18.96,20.94,71.82,0.76,2.59,6.34,bearish,-9.03,2.45,-2.33,1.145,1,-2.33,1.145,1,1,0,-1.81,1.2,1.16,19.55,0.19,11,2.58,-9.67,zeitstopp,0,3
backtest,ADSK,2016-12-07,2016-12-22,2016,18:00,1,0,QQQ,4h,-3.1,-2.1,54,11.9,-1.09,0,1,12,-1.09,0.977,4.58,7.47,24.2,1,3.37,4.63,1.41,6.0,11.25,30.39,1.83,3.41,15.35,bullish,8.01,4.5,-13.39,0.918,12,-13.39,0.918,12,1,0,-2.32,0.46,-0.63,11.96,-0.23,11,6.9,-4.35,zeitstopp,1,5
backtest,NTAP,2016-12-07,2016-12-22,2016,14:00,1,0,QQQ,4h,3.2,-1,64,11.9,-37.66,0,0,1464,-9.17,0.809,-0.29,2.52,23.21,1,0.74,4.87,-1.48,12.02,1.99,44.94,-1.51,2.74,1.54,bullish,12.81,0.56,-9.64,0.049,12,-9.64,0.049,12,1,0,-2.32,0.46,-0.63,2.64,2.11,11,5.32,-1.99,zeitstopp,0,5
backtest,TMUS,2016-12-07,2016-12-22,2016,18:00,1,0,QQQ,4h,1.6,5.3,0,9.6,-15.07,0,0,2363,1.46,1.035,6.97,14.84,29.81,1,6.33,3.96,1.08,11.2,19.82,27.51,2.73,2.0,8.03,bullish,8.35,4.01,-3.83,1.382,0,-3.83,1.382,0,1,0,-2.32,0.46,-0.63,20.58,0.21,11,2.9,-2.87,zeitstopp,0,5
backtest,QCOM,2016-12-08,2016-12-23,2016,14:00,0,0,QQQ,4h,-1.5,-0.3,31,11.9,-10.47,0,0,600,-4.42,0.896,1.85,1.86,17.75,1,2.78,3.97,0.31,0.89,9.87,26.34,-0.61,2.13,7.57,bullish,1.73,3.55,-10.25,0.568,28,-10.25,0.568,28,1,1,-1.09,1.07,1.22,8.54,-0.22,11,3.41,-2.39,zeitstopp,0,6
backtest,ADP,2016-12-16,2017-01-04,2016,18:00,0,0,QQQ,4h,2.7,4.4,151,11.9,1.43,1,1,2,1.43,1.058,4.51,10.19,13.33,1,4.14,1.64,0.58,6.52,14.52,14.07,1.93,1.21,7.5,bearish,-1.6,6.2,-1.75,1.813,2,-1.75,1.813,2,1,1,-0.59,2.99,2.65,11.57,0.39,11,3.29,-1.32,zeitstopp,1,4
backtest,ADI,2016-12-21,2017-01-09,2016,18:00,0,0,QQQ,4h,-3.3,nan,nan,12.0,-1.03,0,1,7,-1.03,0.973,1.95,9.88,21.45,1,6.14,3.59,0.41,5.72,16.61,30.7,0.89,2.36,3.93,bullish,15.44,1.67,-3.81,0.73,7,-3.81,0.73,7,1,1,-0.23,2.0,2.33,13.95,-0.86,11,0.77,-4.12,zeitstopp,0,1
backtest,MCHP,2016-12-27,2017-01-04,2016,18:00,1,0,QQQ,4h,-2.1,2.7,112,12.0,-2.08,0,1,19,-2.08,0.952,1.21,3.94,17.48,1,2.59,3.9,1.35,-1.03,8.75,37.45,0.03,1.73,2.04,bearish,-0.78,1.18,-9.04,0.77,19,-9.04,0.77,19,1,1,-0.52,1.48,2.74,5.85,-1.03,5,0.98,-3.44,stopp,0,1
backtest,ADSK,2017-01-03,2017-01-19,2017,18:00,1,0,QQQ,4h,5.7,-3.1,12,12.0,-8.61,0,0,14,-8.61,0.828,-0.71,2.15,17.77,1,2.88,3.59,-0.76,6.92,2.32,36.2,2.59,2.79,3.17,bullish,5.73,1.14,-11.41,0.246,14,-11.41,0.246,14,1,1,-2.5,2.91,0.09,2.23,1.86,11,7.22,-1.88,struktur,0,1
backtest,STX,2017-01-04,2017-01-12,2017,14:00,1,0,QQQ,4h,-8.7,1.1,19,12.0,-33.88,0,0,510,-1.19,0.979,3.43,8.44,31.84,1,3.06,2.46,1.3,3.6,4.84,76.93,1.71,2.84,7.6,bullish,1.17,2.68,-7.24,0.836,13,-7.24,0.836,13,1,1,-1.63,3.62,1.13,3.66,-1.23,6,-0.07,-11.56,stopp,0,2
backtest,AKAM,2017-01-05,2017-01-23,2017,18:00,1,0,QQQ,4h,0,-6.1,34,12.0,-11.96,0,0,414,-2.79,0.937,3.24,4.03,21.92,1,8.03,2.09,0.35,6.25,25.05,24.33,1.07,2.13,5.14,bullish,2.21,2.41,-11.56,0.759,44,-11.56,0.759,44,1,1,-1.09,3.38,1.84,22.8,-0.0,11,3.74,-1.77,zeitstopp,0,5
backtest,PCAR,2017-01-05,2017-01-23,2017,14:00,0,0,QQQ,4h,-0.3,5.2,20,12.0,-2.46,0,1,16,-2.46,0.935,0.95,8.48,16.76,1,5.89,2.48,0.9,2.15,13.53,32.63,-0.0,1.58,4.89,bullish,14.22,3.09,-6.07,0.594,16,-6.07,0.594,16,1,1,-1.09,3.38,1.84,11.48,-0.07,11,2.16,-2.2,zeitstopp,0,5
backtest,TMUS,2017-01-05,2017-01-23,2017,14:00,0,0,QQQ,4h,3.4,1.6,14,9.7,-13.22,0,0,2382,-1.16,0.974,2.03,8.11,27.21,1,8.93,4.5,0.86,6.91,25.82,36.32,-0.08,1.59,4.0,bullish,14.6,2.52,-2.39,0.515,0,-2.39,0.515,0,1,1,-1.09,3.38,1.84,23.55,0.88,11,3.55,-5.91,zeitstopp,0,5
backtest,XLNX,2017-01-10,2017-01-26,2017,14:00,0,0,QQQ,4h,2.9,nan,nan,1.0,-5.14,0,0,7,-5.14,0.86,0.08,7.09,18.16,1,6.11,2.61,-2.18,6.15,12.4,26.7,-0.04,2.12,3.21,bullish,14.63,1.51,-7.16,0.283,7,-7.16,0.283,7,1,1,-0.18,3.48,3.56,8.53,0.93,11,2.94,-3.7,zeitstopp,0,5
backtest,NFLX,2017-01-13,2017-07-05,2017,18:00,1,0,QQQ,4h,10.6,nan,nan,12.0,-1.03,0,1,4,-1.03,0.974,4.14,8.07,27.0,1,4.62,2.76,-2.0,4.36,29.83,31.79,2.57,2.25,8.28,bullish,3.55,3.68,-4.02,0.743,4,-4.02,0.743,4,1,1,-0.19,2.19,4.84,23.84,1.39,118,25.94,-1.45,struktur,1,6
backtest,TSLA,2017-01-13,2017-05-24,2017,18:00,0,0,QQQ,4h,30.8,nan,nan,6.5,-19.6,0,0,594,-13.01,0.727,8.28,17.1,9.29,0,3.15,-0.03,1.25,15.87,13.93,3.64,2.05,2.71,12.19,bearish,-6.72,4.5,-2.77,1.358,2,-24.7,0.96,114,1,1,-0.19,2.19,4.84,8.68,2.84,90,39.85,-2.01,struktur,1,6
backtest,AVGO,2017-01-18,2017-04-13,2017,18:00,0,0,QQQ,4h,13.1,-0.9,71,7.4,0.97,1,1,16,0.97,1.025,3.6,6.57,13.47,1,1.95,1.94,1.21,-0.5,5.91,11.3,3.72,1.71,6.99,bullish,4.1,4.09,-5.8,1.168,16,-5.8,1.168,16,1,1,-0.47,2.29,5.13,0.73,2.01,60,22.59,-3.11,struktur,1,3
backtest,ADSK,2017-01-20,2017-02-06,2017,18:00,1,0,QQQ,4h,3.3,5.7,1,12.0,-1.6,0,1,26,-1.6,0.968,5.29,6.99,24.32,1,3.93,3.19,-1.1,5.65,14.05,37.26,2.21,2.26,5.47,bearish,-2.01,2.42,-11.41,0.86,26,-11.41,0.86,26,1,1,-0.54,2.41,4.65,8.98,0.64,11,3.94,-3.18,zeitstopp,1,3
backtest,MCHP,2017-01-23,2017-02-07,2017,14:00,1,0,QQQ,4h,3.8,-2.1,19,12.0,-0.7,0,1,1,-0.7,0.984,2.52,3.05,16.68,1,3.51,3.19,0.68,2.5,12.15,25.84,-0.32,2.0,4.19,bearish,-0.35,2.1,-2.37,0.703,1,-2.37,0.703,1,1,1,-0.47,2.24,4.89,6.92,0.95,11,4.51,-0.52,zeitstopp,1,2
backtest,SWKS,2017-01-31,2017-02-15,2017,14:00,1,0,QQQ,4h,-0.9,nan,nan,12.1,-15.63,0,0,406,-0.72,0.983,13.93,18.06,29.42,1,2.85,0.81,3.13,21.46,20.82,41.99,0.12,3.07,3.41,bullish,18.96,1.11,-3.8,0.809,3,-3.8,0.809,3,1,1,-0.87,4.27,6.24,13.72,-0.26,11,1.8,-2.97,zeitstopp,0,1
backtest,GEN,2017-02-01,2017-02-16,2017,14:00,0,0,QQQ,4h,2,15,86,12.1,0.6,1,1,4,0.6,1.013,6.52,10.98,24.69,1,2.39,3.68,0.73,15.32,11.08,34.93,0.89,1.56,3.8,bullish,10.04,2.44,-2.28,1.263,4,-2.28,1.263,4,1,1,-1.07,5.14,6.69,4.11,0.56,11,5.59,-4.88,zeitstopp,1,2
backtest,AKAM,2017-02-07,2017-02-09,2017,14:00,1,0,QQQ,4h,-9.2,0,15,12.1,-10.38,0,0,436,-1.87,0.958,1.75,3.86,20.41,1,1.3,2.82,2.8,-0.11,4.8,37.6,0.85,1.51,5.67,bearish,-2.5,3.75,-6.2,0.698,17,-6.2,0.698,17,1,1,-0.07,3.2,10.66,-5.3,-1.72,2,1.48,-12.46,stopp,0,2
backtest,ADSK,2017-02-17,2017-03-07,2017,14:00,1,0,QQQ,4h,-2.1,3.3,11,12.1,-1.56,0,1,0,-1.56,0.965,1.49,5.26,23.45,1,4.6,3.63,1.5,6.45,13.29,35.59,-1.19,2.46,2.62,bullish,5.73,1.07,-1.91,0.184,0,-1.91,0.184,0,1,1,-0.29,5.1,11.54,1.57,-0.81,11,6.0,-2.83,zeitstopp,1,1
backtest,SWKS,2017-02-17,2017-03-07,2017,18:00,1,0,QQQ,4h,-0.8,-0.9,2,12.1,-12.77,0,0,419,1.56,1.039,4.78,16.13,31.22,1,8.06,2.74,-0.04,18.16,22.1,32.58,3.83,1.79,7.08,bullish,20.23,3.96,-4.69,1.333,11,-4.69,1.333,11,1,1,-0.29,5.1,11.54,9.47,-0.12,11,1.67,-4.22,zeitstopp,0,1
backtest,TMUS,2017-02-21,2017-03-08,2017,10:00,1,0,QQQ,4h,-4.2,3.4,29,9.8,-5.35,0,0,2413,-2.0,0.957,3.91,8.03,29.5,1,5.64,4.7,2.45,7.21,21.22,36.06,0.29,2.8,8.81,bullish,7.1,3.15,-8.44,0.763,0,-8.44,0.763,0,1,1,-0.01,5.32,11.36,8.85,-0.52,11,-0.77,-5.17,zeitstopp,0,2
backtest,STX,2017-02-27,2017-03-14,2017,10:00,0,0,QQQ,4h,-2.4,-8.7,46,12.1,-20.54,0,0,546,-0.22,0.997,4.2,16.05,44.81,1,8.3,7.69,0.38,8.77,24.57,56.39,1.41,1.96,4.34,bullish,3.96,2.21,-3.73,0.942,6,-3.73,0.942,6,1,1,-0.34,3.74,9.88,13.37,-0.59,11,2.82,-5.87,zeitstopp,0,1
backtest,ATVI,2017-03-01,2017-03-16,2017,18:00,0,0,QQQ,4h,5.1,nan,nan,1.2,-1.54,0,1,11,-1.54,0.958,8.27,17.05,15.76,0,6.36,2.0,-0.46,13.95,21.27,9.96,3.93,3.12,6.23,bullish,20.92,2.0,-6.65,0.768,11,-6.65,0.768,11,1,1,-0.52,4.17,9.77,10.48,0.87,11,5.95,-3.69,struktur,1,2
backtest,GEN,2017-03-02,2017-06-14,2017,14:00,0,0,QQQ,4h,1.8,2,14,12.2,-0.69,0,1,11,-0.69,0.985,1.88,9.11,24.31,1,6.65,5.17,1.71,5.87,19.53,21.25,-0.07,1.54,3.32,bullish,16.89,2.16,-4.45,0.844,11,-4.45,0.844,11,1,1,-0.18,5.51,11.22,7.48,0.56,72,14.28,-2.92,struktur,1,4
backtest,MCHP,2017-03-02,2017-03-17,2017,14:00,0,0,QQQ,4h,1.4,3.8,23,12.2,-3.49,0,1,14,-3.49,0.918,3.16,8.43,22.51,1,4.18,4.1,0.82,9.89,12.31,20.81,-0.25,1.59,2.91,bullish,15.8,1.83,-8.81,0.604,14,-8.81,0.604,14,1,1,-0.18,5.51,11.22,0.98,0.49,11,1.96,-1.14,zeitstopp,0,4
backtest,KLAC,2017-03-10,2017-03-27,2017,14:00,1,0,QQQ,4h,3.2,nan,nan,12.2,0.53,1,1,0,0.53,1.019,3.23,8.8,21.95,1,5.65,2.96,1.17,6.33,18.24,31.4,0.67,1.39,4.26,bullish,7.87,3.06,-0.94,1.562,0,-0.94,1.562,0,1,1,-0.64,3.43,12.28,5.31,0.77,11,4.88,-0.56,zeitstopp,1,4
backtest,SWKS,2017-03-10,2017-03-27,2017,18:00,1,0,QQQ,4h,-1.5,-0.8,3,12.2,-11.02,0,0,433,0.22,1.005,3.34,11.33,29.78,1,9.14,4.16,2.51,5.94,27.92,35.74,0.77,2.29,5.83,bullish,20.23,2.55,-2.67,1.084,0,-2.67,1.084,0,1,1,-0.64,3.43,12.28,13.93,-0.27,11,1.52,-3.37,zeitstopp,0,4
backtest,IDXX,2017-03-22,2017-04-06,2017,17:00,1,0,QQQ,4h,0.7,nan,nan,12.2,-0.25,0,1,3,-0.25,0.995,3.78,12.14,33.85,1,9.35,5.49,-0.73,5.41,25.69,35.67,2.3,1.45,5.94,bullish,7.3,4.1,-3.47,0.929,3,-3.47,0.929,3,1,1,-1.98,-0.28,8.76,15.56,0.12,11,2.25,-1.96,zeitstopp,1,0
backtest,ATVI,2017-03-23,2017-04-07,2017,13:00,1,0,QQQ,4h,1.7,5.1,7,1.2,-1.9,0,1,7,-1.9,0.948,1.89,11.34,17.99,1,11.12,2.38,-1.11,7.6,32.88,10.31,0.15,1.57,1.29,bullish,4.31,0.82,-3.82,0.503,7,-3.82,0.503,7,1,1,-1.31,0.35,9.05,21.85,1.36,11,4.02,-1.27,zeitstopp,1,1
backtest,CHTR,2017-03-24,2017-04-10,2017,17:00,1,0,QQQ,4h,1,41.6,2,7.2,-4.21,0,1,39,-4.21,0.903,0.99,2.05,19.6,1,4.35,3.92,-0.03,-0.25,11.45,17.99,1.08,1.26,3.6,bearish,-3.75,2.86,-7.19,0.414,39,-7.19,0.414,39,1,1,-1.56,0.48,8.36,2.85,0.29,11,3.56,-2.3,zeitstopp,0,2
backtest,AAPL,2017-03-28,2017-04-12,2017,18:00,1,0,QQQ,4h,-0.9,nan,nan,12.2,0.01,1,1,4,0.01,1.0,2.17,7.59,25.33,1,7.53,4.05,-0.41,2.88,21.67,26.18,1.37,1.02,3.24,bullish,1.8,3.18,-2.93,1.004,4,-2.93,1.004,4,1,1,-1.2,0.53,9.15,11.47,-0.27,11,1.85,-1.93,zeitstopp,1,3
backtest,STX,2017-03-31,2017-04-18,2017,14:00,1,0,QQQ,4h,0.7,-2.4,17,12.2,-20.37,0,0,570,-2.54,0.961,3.5,5.74,32.66,1,8.11,7.44,4.41,-2.37,23.13,27.05,1.6,2.59,8.6,bullish,2.6,3.32,-11.04,0.77,20,-11.04,0.77,20,1,1,-0.11,1.5,10.73,11.2,0.08,11,3.33,-6.65,zeitstopp,0,4
backtest,KLAC,2017-04-05,2017-04-21,2017,18:00,0,0,QQQ,4h,1.6,3.2,9,12.2,0.12,1,1,7,0.12,1.004,2.64,7.29,24.56,1,7.14,3.13,0.85,5.95,22.23,38.85,0.59,1.4,3.45,bullish,10.66,2.46,-2.37,1.051,7,-2.37,1.051,7,1,1,-0.23,1.74,11.08,10.04,0.48,11,1.85,-3.52,zeitstopp,1,2
backtest,ATVI,2017-04-19,2017-11-30,2017,18:00,1,0,QQQ,4h,26.2,1.7,12,1.3,-1.65,0,1,12,-1.65,0.951,0.91,5.11,17.79,1,9.42,2.75,0.28,1.05,27.03,13.25,0.81,1.34,3.42,bullish,2.05,2.55,-3.95,0.581,12,-3.95,0.581,12,1,1,-1.65,-0.4,7.14,18.56,7.91,157,35.23,-0.8,struktur,1,2
backtest,MCHP,2017-04-19,2017-05-04,2017,18:00,1,0,QQQ,4h,0.5,1.4,33,12.3,-1.54,0,1,47,-1.54,0.961,2.36,2.84,17.38,1,3.74,3.66,0.98,-0.3,14.71,26.98,1.09,1.79,6.02,bearish,-0.4,3.36,-8.81,0.825,47,-8.81,0.825,47,1,1,-1.65,-0.4,7.14,7.07,0.09,11,3.18,-1.43,zeitstopp,1,2
backtest,STX,2017-04-19,2017-04-27,2017,18:00,1,0,QQQ,4h,-15,0.7,1,12.3,-17.53,0,0,582,0.23,1.004,6.7,6.26,31.91,1,6.25,6.86,1.97,5.34,32.9,42.23,2.15,2.57,9.66,bullish,4.39,3.76,-3.86,1.059,4,-3.86,1.059,4,1,1,-1.65,-0.4,7.14,24.05,-1.7,6,2.78,-15.78,stopp,0,2
backtest,CHTR,2017-04-21,2017-05-05,2017,18:00,1,0,QQQ,4h,-3.8,1,11,7.3,-1.15,0,1,58,-1.15,0.973,2.41,3.43,19.01,1,1.98,3.9,0.3,4.48,9.62,29.1,0.59,1.73,4.61,bullish,3.06,2.66,-7.19,0.84,58,-7.19,0.84,58,1,1,-0.67,1.45,8.04,1.47,-0.87,10,3.79,-4.78,zeitstopp,1,3
backtest,VRTX,2017-04-24,2017-05-09,2017,18:00,1,0,QQQ,4h,-2.4,nan,nan,12.3,-17.51,0,0,428,0.29,1.007,7.86,20.89,31.71,1,11.55,2.51,2.55,31.05,43.42,42.61,1.4,2.59,4.73,bullish,23.84,1.83,-3.27,1.088,1,-3.27,1.088,1,1,1,-0.69,1.69,7.78,33.07,-0.53,11,3.07,-3.95,zeitstopp,0,4
backtest,WDC,2017-04-28,2017-07-31,2017,10:00,1,0,QQQ,4h,4.7,nan,nan,12.3,-22.36,0,0,591,-6.06,0.902,-1.72,4.38,29.28,1,3.82,6.36,1.54,5.31,9.91,61.97,-3.55,2.61,0.06,bullish,11.88,0.02,-6.19,0.022,11,-6.19,0.022,11,1,1,0.0,2.65,8.34,1.45,73.69,64,16.48,-0.64,struktur,0,5
backtest,AVGO,2017-05-03,2017-05-18,2017,14:00,1,0,QQQ,4h,2,13.1,20,7.7,0.17,1,1,35,0.17,1.004,4.15,4.16,22.27,1,2.78,3.65,1.01,3.04,13.52,34.5,0.74,1.61,4.39,bearish,-1.0,2.73,-8.06,1.021,35,-8.06,1.021,35,1,1,-0.04,3.88,10.55,2.68,0.47,11,6.24,-2.31,zeitstopp,1,2
backtest,CSX,2017-05-05,2017-05-22,2017,14:00,1,0,QQQ,4h,-2.5,50.4,46,12.3,0.1,1,1,0,0.1,1.002,5.48,7.61,37.87,1,1.43,6.49,0.92,9.72,12.1,71.59,0.35,2.16,13.87,bearish,-4.25,6.42,-0.89,1.116,0,-0.89,1.116,0,1,1,-0.33,3.84,9.58,2.3,-0.2,11,1.44,-6.04,zeitstopp,1,3
backtest,JD,2017-05-05,2017-08-18,2017,14:00,1,0,QQQ,4h,14.5,nan,nan,3.0,-5.66,0,0,477,0.8,1.018,5.78,11.19,29.78,1,6.36,4.82,0.28,12.27,25.67,39.87,1.27,1.81,4.93,bearish,-0.8,2.72,-2.97,1.27,2,-2.97,1.27,2,1,1,-0.33,3.84,9.58,14.68,3.09,73,36.66,-1.92,struktur,1,3
backtest,AMAT,2017-05-08,2017-06-28,2017,10:00,1,0,QQQ,4h,0,53.4,25,12.3,0.27,1,1,0,0.27,1.005,5.19,8.13,28.64,1,5.08,4.97,3.0,8.42,18.8,47.2,0.41,1.8,4.55,bearish,-1.16,2.53,-1.41,1.189,0,-1.41,1.189,0,1,1,0.0,4.17,9.66,8.33,-0.0,36,14.2,-1.34,struktur,1,3
backtest,ADSK,2017-05-09,2017-08-11,2017,18:00,1,0,QQQ,4h,11.7,-2.1,63,12.3,0.72,1,1,2,0.72,1.015,5.8,8.63,23.87,1,2.51,4.66,1.53,10.14,12.76,38.13,1.37,1.55,3.74,bullish,5.43,2.41,-1.93,1.376,2,-1.93,1.376,2,1,1,0.0,4.45,9.77,2.72,3.25,66,21.74,-1.69,struktur,1,4
backtest,LRCX,2017-05-16,2017-06-01,2017,18:00,0,0,QQQ,4h,2.3,28.8,33,12.4,0.04,1,1,0,0.04,1.001,4.01,13.6,38.39,1,9.54,5.71,1.44,18.8,30.61,58.91,0.31,1.53,3.6,bullish,0.6,2.35,-1.13,1.034,0,-1.13,1.034,0,1,1,-0.06,5.75,8.77,20.08,0.67,11,3.98,-4.35,zeitstopp,1,2
backtest,MCHP,2017-05-23,2017-06-21,2017,18:00,1,0,QQQ,4h,-1.2,0.5,19,12.4,0.35,1,1,4,0.35,1.008,5.66,8.97,22.85,1,2.75,3.72,1.69,7.28,12.42,25.12,0.66,1.91,6.37,bullish,5.7,3.34,-4.71,1.074,4,-4.71,1.074,4,1,1,-0.46,3.61,6.78,5.29,-0.2,20,7.16,-2.15,struktur,1,1
backtest,CSX,2017-05-25,2017-06-12,2017,18:00,1,0,QQQ,4h,0.5,-2.5,3,12.4,0.72,1,1,12,0.72,1.013,3.11,8.05,34.95,1,2.63,6.38,5.78,3.03,9.64,52.55,1.34,1.84,9.83,bullish,9.3,5.34,-7.37,1.098,12,-7.37,1.098,12,1,1,-0.05,3.59,7.74,1.76,0.05,11,4.22,-2.51,zeitstopp,1,2
backtest,AAPL,2017-05-30,2017-06-12,2017,18:00,0,0,QQQ,4h,-5.6,-0.9,48,12.4,-1.47,0,1,9,-1.47,0.966,1.62,5.78,24.34,1,4.04,4.27,0.36,7.37,12.64,39.27,0.48,1.31,2.12,bullish,8.14,1.62,-4.43,0.669,9,-4.43,0.669,9,1,1,-0.08,3.85,8.51,3.81,-2.68,9,1.06,-7.67,stopp,0,2
backtest,AVGO,2017-05-31,2017-06-02,2017,14:00,0,0,QQQ,4h,0.4,2,13,7.8,2.44,1,1,1,2.44,1.058,5.96,10.32,28.55,1,3.03,3.83,0.6,8.36,14.21,37.08,3.2,2.01,4.9,bullish,7.64,2.44,-1.36,2.795,1,-1.36,2.795,1,1,1,-0.12,3.02,8.93,4.85,0.09,2,3.37,-5.53,stopp,1,3
backtest,SWKS,2017-06-01,2017-06-15,2017,18:00,0,0,QQQ,4h,-6.3,-1.5,66,12.4,-2.03,0,1,490,0.22,1.005,3.87,6.52,25.75,1,2.88,4.6,1.2,6.01,10.32,38.48,0.99,1.84,3.9,bullish,2.63,2.12,-1.7,1.13,1,-1.7,1.13,1,1,1,-0.39,2.81,7.72,2.41,-1.67,10,4.3,-6.44,stopp,1,5
backtest,WYNN,2017-06-01,2017-06-16,2017,14:00,0,0,QQQ,4h,3.2,nan,nan,12.4,-43.15,0,0,816,0.94,1.026,4.88,9.02,28.79,1,8.71,2.79,3.66,3.14,25.83,27.35,1.2,2.45,6.69,bullish,1.86,2.73,-6.63,1.142,10,-6.63,1.142,10,1,1,-0.39,2.81,7.72,16.81,0.51,11,5.17,-2.03,zeitstopp,0,5
backtest,CSX,2017-06-14,2017-06-29,2017,14:00,1,0,QQQ,4h,1.1,0.5,2,12.4,-2.01,0,1,7,-2.01,0.964,2.14,6.22,32.07,1,4.71,6.55,-0.15,5.32,13.05,45.63,0.15,1.7,4.06,bullish,4.97,2.39,-4.89,0.588,7,-4.89,0.588,7,1,1,-2.46,0.95,7.13,5.52,0.29,11,1.46,-4.06,zeitstopp,0,0
backtest,NTES,2017-06-19,2017-07-05,2017,18:00,0,0,QQQ,4h,-4.5,50.7,220,12.4,-4.62,0,1,6,-4.62,0.909,4.14,9.81,19.78,1,1.57,3.68,-2.19,5.42,2.25,37.51,3.77,3.6,9.06,bullish,7.45,2.52,-11.66,0.603,6,-11.66,0.603,6,1,1,-3.73,0.92,5.19,-2.79,-0.54,11,9.54,-5.86,zeitstopp,1,3
backtest,PYPL,2017-06-19,2017-07-05,2017,18:00,0,0,QQQ,4h,0.4,1.2,446,1.9,-4.24,0,1,5,-4.24,0.889,1.4,8.52,23.43,1,8.16,3.44,-2.92,5.56,20.33,31.07,1.86,2.02,4.93,bullish,25.89,2.44,-7.82,0.458,5,-7.82,0.458,5,1,1,-3.73,0.92,5.19,14.4,0.08,11,4.35,-1.31,zeitstopp,0,3
backtest,WYNN,2017-06-19,2017-07-05,2017,14:00,0,0,QQQ,4h,-3.2,3.2,3,12.4,-40.64,0,0,828,-0.72,0.982,4.71,9.62,31.45,1,6.77,3.42,3.76,9.83,22.54,47.25,1.15,2.57,4.99,bullish,4.83,1.94,-2.24,0.681,0,-2.24,0.681,0,1,1,-3.73,0.92,5.19,16.49,-0.68,11,2.7,-5.28,zeitstopp,0,3
backtest,ISRG,2017-06-20,2017-07-06,2017,18:00,0,0,QQQ,4h,-0.7,-1.1,245,12.5,0.2,1,1,0,0.2,1.006,2.8,9.33,28.3,1,8.03,3.15,3.75,7.68,24.95,46.66,0.22,1.68,6.35,bullish,20.78,3.78,-2.0,1.103,0,-2.0,1.103,0,1,1,-2.12,2.18,6.85,16.93,-0.12,11,2.59,-1.99,zeitstopp,1,5
backtest,REGN,2017-06-20,2017-07-06,2017,18:00,0,0,QQQ,4h,-2.1,nan,nan,12.5,-17.07,0,0,472,2.77,1.083,7.2,17.12,28.25,1,8.71,1.45,-0.96,4.81,23.47,24.78,6.54,2.59,11.92,bullish,21.88,4.6,-7.25,1.381,10,-7.25,1.381,10,1,1,-2.12,2.18,6.85,15.55,-0.2,11,8.16,-5.55,zeitstopp,0,5
backtest,VRTX,2017-06-21,2017-07-07,2017,18:00,1,0,QQQ,4h,-3.1,-2.4,43,12.5,-7.12,0,0,469,1.94,1.043,7.7,11.66,40.56,1,8.96,2.65,3.13,6.21,41.15,64.49,5.46,2.67,11.08,bullish,7.16,4.15,-7.59,1.256,11,-7.59,1.256,11,1,1,-2.89,0.53,7.65,31.12,-0.31,11,3.02,-5.8,zeitstopp,0,6
backtest,AAL,2017-06-30,2017-08-10,2017,18:00,1,0,QQQ,4h,-2.4,8.2,150,11.8,-18.12,0,0,2666,-3.14,0.935,1.9,6.49,13.57,1,6.33,2.93,1.33,1.16,16.89,4.55,1.41,2.36,4.8,bearish,-2.68,2.03,-7.58,0.587,14,-7.58,0.587,14,1,0,-4.12,-2.73,4.15,12.24,-0.52,28,8.26,-4.04,struktur,0,1
backtest,AVGO,2017-07-07,2017-07-24,2017,18:00,1,0,QQQ,4h,4.5,0.4,35,7.9,-5.22,0,0,22,-5.22,0.876,1.15,2.61,20.55,1,4.06,3.62,-2.49,-7.17,8.71,33.91,3.1,2.53,6.85,bearish,-3.05,2.71,-11.03,0.526,22,-11.03,0.526,22,1,0,-5.03,-4.71,3.55,4.98,0.71,11,5.23,-2.91,zeitstopp,0,3
backtest,ISRG,2017-07-07,2017-07-24,2017,18:00,1,0,QQQ,4h,-2.1,-0.7,1,12.5,-1.72,0,1,9,-1.72,0.953,1.86,5.71,26.71,1,7.28,3.36,-1.22,0.3,22.55,48.5,1.3,1.74,3.91,bullish,2.82,2.25,-4.46,0.615,9,-4.46,0.615,9,1,0,-5.03,-4.71,3.55,18.34,-0.57,11,2.92,-2.25,zeitstopp,1,3
backtest,REGN,2017-07-07,2017-07-24,2017,18:00,1,0,QQQ,4h,3.2,-2.1,1,12.5,-17.36,0,0,484,-7.87,0.804,1.59,8.56,25.71,1,11.22,2.38,-4.48,1.7,29.9,27.95,2.15,4.1,4.45,bullish,11.16,1.09,-11.23,0.299,9,-11.23,0.299,9,1,0,-5.03,-4.71,3.55,25.44,0.76,11,4.82,-2.33,zeitstopp,0,3
backtest,ADBE,2017-07-11,2017-07-26,2017,14:00,1,0,QQQ,4h,4,-3.7,383,12.5,-3.05,0,1,12,-3.05,0.914,1.22,2.43,18.95,1,3.11,3.42,1.34,3.83,10.08,32.35,-0.27,2.1,4.4,bullish,2.15,2.1,-6.2,0.508,12,-6.2,0.508,12,1,0,-3.38,-0.67,5.36,4.48,0.94,11,5.21,-0.58,zeitstopp,1,4
backtest,NTES,2017-07-11,2017-07-26,2017,18:00,0,0,QQQ,4h,0.9,-4.5,6,12.5,-8.97,0,0,9,-8.97,0.801,0.07,4.81,16.6,1,5.2,3.32,0.12,-0.86,8.98,33.56,2.08,3.5,6.99,bullish,4.47,2.0,-14.06,0.362,9,-14.06,0.362,9,1,0,-3.38,-0.67,5.36,3.44,0.14,11,3.41,-2.32,zeitstopp,0,4
backtest,SWKS,2017-07-20,2017-08-04,2017,10:00,0,0,QQQ,4h,-3.9,-6.3,35,12.5,-5.35,0,0,27,-5.35,0.881,5.44,2.83,17.12,1,0.02,3.16,3.62,3.54,6.51,33.74,0.66,1.95,5.21,bearish,-6.12,2.67,-15.84,0.662,27,-15.84,0.662,27,1,1,-0.15,3.32,9.8,-3.0,-0.78,11,2.31,-4.54,zeitstopp,0,2
backtest,TCOM,2017-07-26,2017-08-10,2017,18:00,1,0,QQQ,4h,-4.7,-3.2,436,12.6,1.88,1,1,32,1.88,1.058,7.2,7.6,23.75,1,3.43,2.17,0.43,5.29,17.88,31.91,3.11,2.04,6.02,bullish,3.06,2.95,-11.61,1.162,32,-11.61,1.162,32,1,1,-0.32,2.72,7.15,10.01,-0.83,11,1.63,-8.93,zeitstopp,1,1
backtest,AMAT,2017-07-27,2017-07-31,2017,10:00,1,0,QQQ,4h,-4.6,0,29,12.6,-0.45,0,1,32,-0.45,0.99,6.45,6.56,28.45,1,3.24,4.25,0.57,13.27,16.82,38.56,0.41,2.04,4.96,bearish,-6.71,2.43,-14.77,0.97,32,-14.77,0.97,32,1,1,-0.06,4.96,7.65,8.51,-0.98,2,-0.12,-7.63,stopp,0,4
backtest,MELI,2017-07-27,2017-08-07,2017,14:00,1,0,QQQ,4h,-10.1,nan,nan,10.0,-3.62,0,1,49,-3.62,0.928,7.08,5.1,35.52,1,3.14,4.19,1.95,11.82,25.37,56.17,0.34,2.2,5.07,bearish,-4.43,2.3,-17.56,0.794,49,-17.56,0.794,49,1,1,-0.06,4.96,7.65,16.46,-2.09,7,2.39,-11.9,stopp,0,4
backtest,PYPL,2017-07-27,2017-08-11,2017,10:00,1,0,QQQ,4h,-4.2,0.4,22,2.1,1.71,1,1,4,1.71,1.044,7.28,12.28,34.44,1,7.3,3.69,0.75,11.49,32.38,40.95,2.73,2.05,12.29,bullish,7.77,6.0,-2.49,1.687,4,-2.49,1.687,4,1,1,-0.06,4.96,7.65,22.97,-0.39,11,1.5,-4.66,zeitstopp,1,4
backtest,ADBE,2017-08-03,2017-08-18,2017,18:00,1,0,QQQ,4h,0,4,8,12.6,-1.78,0,1,8,-1.78,0.951,0.82,2.95,19.62,1,3.21,3.26,-1.77,4.19,9.11,29.79,0.4,1.44,3.42,bullish,2.0,2.38,-4.07,0.562,8,-4.07,0.562,8,1,1,-1.38,4.67,5.37,3.55,0.0,11,2.89,-2.4,zeitstopp,1,4
backtest,META,2017-08-07,2017-08-22,2017,18:00,1,0,QQQ,4h,-2,0.8,327,5.2,-2.14,0,1,6,-2.14,0.939,4.43,9.5,23.84,1,3.89,2.65,-1.64,12.0,12.9,29.5,1.24,1.81,3.93,bullish,12.13,2.17,-4.89,0.562,6,-4.89,0.562,6,1,1,-1.58,4.28,4.73,7.8,-0.53,11,0.77,-3.44,zeitstopp,0,2
backtest,NVDA,2017-08-07,2017-08-14,2017,18:00,1,0,QQQ,4h,-7.2,159.4,33,12.6,1.14,1,1,0,1.14,1.017,4.93,11.01,50.3,1,12.89,9.33,1.72,13.93,61.17,46.53,2.87,2.69,10.27,bearish,-4.01,3.82,-2.11,1.541,0,-2.11,1.541,0,1,1,-1.58,4.28,4.73,53.89,-0.77,5,1.48,-11.1,stopp,1,2
backtest,AAPL,2017-08-15,2017-08-30,2017,18:00,1,0,QQQ,4h,1.4,-5.6,64,12.6,0.2,1,1,4,0.2,1.005,5.22,8.35,20.25,1,0.2,3.06,1.05,7.3,3.07,20.89,1.05,2.09,5.51,bullish,9.14,2.64,-4.07,1.05,4,-4.07,1.05,4,1,1,-1.39,1.22,3.8,-0.7,0.27,11,1.46,-3.97,zeitstopp,1,3
backtest,PYPL,2017-08-15,2017-08-30,2017,18:00,1,0,QQQ,4h,1.9,-4.2,4,2.1,-2.22,0,1,12,-2.22,0.946,1.75,7.18,29.99,1,6.51,4.12,-0.94,2.57,18.67,43.45,1.49,2.11,5.15,bearish,-2.32,2.44,-6.07,0.635,12,-6.07,0.635,12,1,1,-1.39,1.22,3.8,14.32,0.38,11,3.2,-1.98,zeitstopp,1,3
backtest,LRCX,2017-08-16,2017-08-31,2017,18:00,1,0,QQQ,4h,0.7,2.3,76,12.6,-3.28,0,1,13,-3.28,0.932,3.65,6.51,27.49,1,1.62,5.02,2.86,0.54,5.31,39.48,2.62,3.04,11.43,bullish,10.67,3.76,-12.79,0.743,13,-12.79,0.743,13,1,1,-1.32,0.62,3.44,1.81,0.07,11,1.77,-4.8,zeitstopp,0,4
backtest,ADSK,2017-08-22,2017-09-07,2017,18:00,1,0,QQQ,4h,2.3,11.7,11,12.6,-3.22,0,1,17,-3.22,0.929,1.82,4.0,22.48,1,0.64,4.44,0.78,-0.96,-3.18,25.93,1.63,2.33,5.11,bullish,5.67,2.19,-9.09,0.646,17,-9.09,0.646,17,1,0,-3.36,-2.57,1.75,-4.85,0.48,11,7.34,-2.24,zeitstopp,1,4
backtest,AVGO,2017-08-22,2017-08-28,2017,18:00,1,0,QQQ,4h,-4.4,4.5,29,8.0,-0.04,0,1,17,-0.04,0.999,3.31,5.22,20.78,1,1.49,3.92,-0.51,-1.35,5.16,18.36,3.51,2.19,6.04,bearish,-1.45,2.76,-7.66,0.995,17,-7.66,0.995,17,1,0,-3.36,-2.57,1.75,3.35,-0.77,4,0.38,-6.15,struktur,1,4
backtest,ADBE,2017-08-30,2017-09-15,2017,18:00,1,0,QQQ,4h,1.1,0,12,12.7,0.09,1,1,2,0.09,1.003,2.61,4.37,20.16,1,2.38,3.36,-0.07,3.24,7.25,26.41,0.66,1.63,3.7,bullish,1.73,2.27,-1.95,1.047,2,-1.95,1.047,2,1,1,-2.05,-0.41,1.46,5.7,0.32,11,3.1,-0.82,zeitstopp,1,2
backtest,ISRG,2017-08-31,2017-09-18,2017,14:00,1,0,QQQ,4h,4.5,-2.1,38,12.7,-0.2,0,1,6,-0.2,0.995,2.94,4.52,24.7,1,2.21,3.83,0.95,6.76,8.37,34.13,-0.0,1.6,2.98,bullish,2.39,1.86,-2.17,0.909,6,-2.17,0.909,6,1,1,-0.9,0.49,2.26,5.98,1.57,11,5.9,-0.37,zeitstopp,1,3
backtest,BIDU,2017-09-01,2017-09-19,2017,18:00,1,0,QQQ,4h,2.8,-1.6,491,12.1,-7.72,0,0,704,-0.35,0.989,3.53,13.22,26.89,1,8.66,2.95,1.42,0.29,21.56,31.22,1.97,2.14,10.01,bearish,-1.69,4.68,-8.5,0.959,17,-8.5,0.959,17,1,1,-0.01,1.96,2.19,18.96,0.31,11,3.39,-3.87,zeitstopp,0,2
backtest,CHTR,2017-09-06,2017-09-12,2017,18:00,1,0,QQQ,4h,-4.9,-3.8,124,7.7,-2.03,0,1,18,-2.03,0.95,1.56,8.74,21.52,1,6.31,4.35,1.05,3.23,14.73,21.68,1.83,1.58,4.93,bullish,18.44,3.12,-6.01,0.662,18,-6.01,0.662,18,1,1,-1.3,0.09,1.56,12.97,-1.04,4,1.05,-6.45,stopp,0,3
backtest,MU,2017-09-11,2018-01-02,2017,18:00,1,0,QQQ,4h,25.8,98.1,42,12.7,-9.75,0,0,693,0.0,1.0,7.06,8.69,22.99,1,-0.76,5.18,1.5,18.04,6.05,28.87,1.76,2.34,5.39,bearish,-4.61,2.3,-2.15,1.001,0,-2.15,1.001,0,1,1,-1.62,2.25,3.3,2.66,5.05,78,51.09,-0.64,struktur,1,2
backtest,PYPL,2017-09-11,2017-09-26,2017,18:00,1,0,QQQ,4h,1.7,1.9,12,2.2,0.66,1,1,4,0.66,1.017,3.7,6.89,30.76,1,5.18,4.25,-0.89,5.36,14.48,42.2,2.47,1.73,4.45,bullish,1.52,2.57,-2.65,1.249,4,-2.65,1.249,4,1,1,-1.62,2.25,3.3,10.82,0.4,11,4.15,-1.69,zeitstopp,1,2
backtest,ADSK,2017-09-12,2017-09-26,2017,14:00,1,0,QQQ,4h,-5.1,2.3,5,12.7,-2.71,0,1,10,-2.71,0.941,4.03,6.49,24.16,1,1.83,4.34,2.44,7.84,8.41,34.36,0.0,2.58,4.57,bullish,3.89,1.77,-8.75,0.69,10,-8.75,0.69,10,1,1,-0.49,2.65,5.05,3.2,-1.16,10,0.44,-6.72,stopp,0,3
backtest,NFLX,2017-09-19,2017-09-26,2017,18:00,1,0,QQQ,4h,-2.5,10.6,76,12.7,-3.19,0,1,40,-3.19,0.938,5.68,5.97,22.24,1,5.61,3.93,1.58,10.86,20.35,26.6,0.42,2.15,3.22,bullish,19.71,1.5,-14.24,0.776,40,-14.24,0.776,40,1,1,-0.56,3.28,3.85,15.89,-0.81,5,2.45,-4.77,stopp,0,4
backtest,WYNN,2017-09-19,2017-09-26,2017,18:00,1,0,QQQ,4h,-3.1,-3.2,76,12.7,-35.64,0,0,892,-0.42,0.991,4.64,8.88,26.69,1,1.98,4.45,-1.41,6.63,4.32,29.88,2.11,1.89,3.85,bullish,6.02,2.04,-3.14,0.866,7,-3.14,0.866,7,1,1,-0.56,3.28,3.85,0.45,-0.83,5,0.69,-4.55,stopp,0,4
backtest,GEN,2017-09-20,2017-10-05,2017,14:00,1,0,QQQ,4h,-2.5,1.8,98,12.7,0.32,1,1,4,0.32,1.009,10.32,13.25,18.58,1,3.55,2.42,1.27,21.39,19.93,14.45,0.35,2.36,6.97,bullish,8.32,2.95,-5.27,1.061,4,-5.27,1.061,4,1,1,-0.39,3.59,4.85,14.38,-0.38,11,-0.23,-5.49,zeitstopp,1,7
backtest,ISRG,2017-09-20,2017-09-26,2017,18:00,1,0,QQQ,4h,-2.5,4.5,2,12.7,-0.59,0,1,7,-0.59,0.986,3.01,7.32,27.27,1,3.65,4.67,0.04,6.39,11.18,40.15,0.3,1.33,2.21,bullish,8.22,1.66,-2.82,0.792,7,-2.82,0.792,7,1,1,-0.39,3.59,4.85,6.03,-1.17,4,0.33,-3.36,stopp,0,7
backtest,MAR,2017-09-20,2017-10-05,2017,14:00,1,0,QQQ,4h,1.8,28.7,82,12.7,-2.58,0,1,75,-2.58,0.937,3.9,4.93,13.65,1,0.42,3.09,2.16,8.71,3.38,21.27,-0.04,1.8,3.83,bullish,1.24,2.13,-2.2,0.946,0,-12.32,0.791,75,1,1,-0.39,3.59,4.85,-1.4,0.48,11,3.91,-0.43,zeitstopp,1,7
backtest,BIDU,2017-09-22,2017-10-09,2017,18:00,1,0,QQQ,4h,3.1,2.8,3,12.1,-4.48,0,1,718,0.12,1.003,4.11,9.2,27.96,1,10.33,3.62,0.67,6.19,33.23,40.86,0.75,2.23,3.55,bullish,21.31,1.59,-2.11,1.055,3,-2.11,1.055,3,1,1,-1.3,1.46,2.9,29.48,0.9,11,5.64,-4.21,zeitstopp,1,5
backtest,CELG,2017-09-25,2017-10-10,2017,18:00,0,0,QQQ,4h,-3.9,nan,nan,1.7,0.21,1,1,1,0.21,1.007,3.75,6.53,16.05,1,2.68,1.63,1.3,10.64,7.13,16.62,0.7,1.46,4.85,bearish,-0.84,3.32,-1.96,1.109,1,-1.96,1.109,1,1,1,-1.4,1.66,2.4,4.62,-0.84,11,1.57,-4.82,zeitstopp,1,6
backtest,KLAC,2017-09-27,2017-10-12,2017,18:00,1,0,QQQ,4h,3,1.6,159,12.7,-6.44,0,0,75,-6.44,0.834,4.97,7.64,10.37,1,0.74,2.17,-2.78,8.34,6.36,4.94,2.7,2.12,4.38,bullish,11.04,2.07,-4.56,0.76,5,-19.76,0.674,75,1,0,-2.19,0.75,3.95,2.32,0.71,11,4.17,-2.14,zeitstopp,0,9
backtest,NFLX,2017-09-27,2017-09-29,2017,18:00,1,0,QQQ,4h,-0.5,-2.5,1,12.7,-5.17,0,0,46,-5.17,0.897,0.68,1.95,18.28,1,6.4,4.25,-3.39,7.34,18.77,23.57,1.24,2.34,0.13,bearish,-0.81,0.06,-14.24,0.637,46,-14.24,0.637,46,1,0,-2.19,0.75,3.95,14.26,-3.75,2,0.96,-1.23,stopp,0,9
backtest,XLNX,2017-09-27,2017-10-12,2017,18:00,1,0,QQQ,4h,3.4,2.9,244,1.7,0.03,1,1,5,0.03,1.001,5.03,8.62,14.3,1,0.86,2.38,-0.42,6.66,7.39,21.26,1.19,1.81,3.66,bullish,5.78,2.02,-2.6,1.012,5,-2.6,1.012,5,1,0,-2.19,0.75,3.95,3.31,0.97,11,3.72,-1.14,zeitstopp,1,9
backtest,AMAT,2017-09-28,2018-02-05,2017,10:00,1,0,QQQ,4h,2.5,-4.6,59,12.7,-1.74,0,1,0,-1.74,0.961,5.54,8.27,20.95,1,2.49,3.95,3.3,10.95,14.67,26.22,0.01,2.8,8.25,bullish,0.76,2.95,-6.1,0.715,0,-6.1,0.715,0,1,1,-1.3,1.26,3.4,10.9,0.33,88,24.66,-1.05,struktur,1,11
backtest,LRCX,2017-09-28,2017-10-13,2017,14:00,1,0,QQQ,4h,5.5,0.7,28,12.7,-1.04,0,1,0,-1.04,0.979,4.78,9.29,28.89,1,5.55,5.17,3.68,10.81,21.67,41.05,-0.36,2.68,7.78,bullish,2.4,2.9,-4.19,0.751,0,-4.19,0.751,0,1,1,-1.3,1.26,3.4,17.67,0.77,11,6.47,-0.59,struktur,1,11
backtest,WYNN,2017-09-29,2017-10-16,2017,18:00,1,0,QQQ,4h,-4.1,-3.1,3,12.7,-34.25,0,0,900,1.45,1.032,4.01,9.67,27.26,1,3.23,4.4,-0.7,6.08,9.17,27.33,3.93,1.82,8.11,bullish,0.27,4.46,-5.21,1.279,6,-5.21,1.279,6,1,1,-1.34,0.05,5.19,3.79,-0.54,11,0.23,-7.23,zeitstopp,0,10
backtest,ADSK,2017-10-02,2017-12-04,2017,18:00,0,0,QQQ,4h,-4.3,-5.1,6,12.7,-5.7,0,0,24,-5.7,0.87,-0.44,1.22,17.1,1,3.05,4.03,0.43,-1.92,11.35,29.83,0.57,1.69,4.96,bearish,-2.17,2.93,-9.25,0.384,24,-9.25,0.384,24,1,1,-0.63,-0.3,5.91,5.14,-0.92,44,16.12,-6.86,stopp,1,8
backtest,ISRG,2017-10-02,2017-10-17,2017,18:00,0,0,QQQ,4h,0.6,-2.5,6,12.7,0.68,1,1,15,0.68,1.016,2.74,7.31,26.42,1,3.73,4.92,1.39,4.1,11.81,36.45,1.53,1.17,5.85,bullish,8.22,5.0,-3.92,1.173,15,-3.92,1.173,15,1,1,-0.63,-0.3,5.91,5.58,0.1,11,3.82,-1.35,zeitstopp,1,8
backtest,AAL,2017-10-03,2017-10-18,2017,18:00,0,0,QQQ,4h,4.7,-2.4,54,12.0,-18.84,0,0,2731,-8.45,0.75,8.17,5.59,6.7,1,-4.44,-0.1,0.06,5.34,-5.09,12.91,4.29,2.49,7.83,bullish,2.14,3.14,-21.63,0.609,56,-21.63,0.609,56,1,1,-0.54,-0.07,7.13,-11.4,0.65,11,7.96,-4.31,zeitstopp,0,9
backtest,PYPL,2017-10-05,2017-10-20,2017,18:00,1,0,QQQ,4h,8.7,1.7,9,2.2,0.56,1,1,8,0.56,1.013,3.6,7.17,31.03,1,5.03,4.98,1.07,4.52,19.71,49.24,2.49,1.63,5.0,bullish,4.84,3.07,-4.41,1.126,8,-4.41,1.126,8,1,1,-0.23,0.84,7.38,11.48,1.83,11,9.34,-2.11,struktur,1,9
backtest,NVDA,2017-10-09,2017-12-05,2017,18:00,1,0,QQQ,4h,-1.8,-7.2,56,12.8,-2.75,0,1,14,-2.75,0.959,4.65,9.21,39.22,1,4.97,6.68,1.41,10.76,18.06,81.05,2.56,2.65,6.11,bullish,11.23,2.31,-11.0,0.75,14,-11.0,0.75,14,1,1,0.0,2.62,6.72,10.62,-0.32,40,17.6,-2.81,struktur,1,4
backtest,BIDU,2017-10-10,2017-10-25,2017,10:00,1,0,QQQ,4h,4.2,3.1,1,12.2,-0.15,0,1,0,-0.15,0.996,5.24,9.44,31.76,1,9.63,4.05,1.43,8.02,36.77,44.77,0.67,2.09,5.88,bullish,21.31,2.81,-2.69,0.945,0,-2.69,0.945,0,1,1,-0.35,1.33,6.3,28.66,0.76,11,8.3,-0.15,zeitstopp,1,5
backtest,CTAS,2017-10-20,2017-11-02,2017,18:00,1,0,QQQ,4h,-3.8,nan,nan,12.8,0.2,1,1,3,0.2,1.006,4.08,9.91,20.16,1,4.21,2.26,-0.37,9.82,9.04,22.58,1.23,0.96,2.67,bearish,-2.93,2.78,-2.01,1.098,3,-2.01,1.098,3,1,1,-0.6,2.67,3.14,5.73,-1.44,9,0.02,-4.73,stopp,1,1
backtest,ISRG,2017-10-20,2017-11-06,2017,18:00,1,0,QQQ,4h,2.9,0.6,3,12.8,1.36,1,1,9,1.36,1.031,5.43,8.74,28.36,1,4.78,5.15,-1.4,4.09,15.62,31.83,4.21,1.68,6.62,bullish,4.53,3.94,-4.76,1.286,9,-4.76,1.286,9,1,1,-0.6,2.67,3.14,12.1,0.46,11,3.78,-4.19,zeitstopp,1,1
backtest,CTSH,2017-10-23,2017-11-07,2017,14:00,1,0,QQQ,4h,0,-6.5,626,12.8,-0.01,0,1,0,-0.01,1.0,2.11,3.99,16.05,1,2.1,2.72,0.56,3.8,7.15,27.58,0.02,0.97,2.93,bullish,1.51,3.02,-0.84,0.994,0,-0.84,0.994,0,1,1,-0.34,3.04,2.95,4.08,-0.0,11,2.26,-5.73,zeitstopp,1,2
backtest,MAR,2017-10-24,2017-11-08,2017,18:00,1,0,QQQ,4h,3.6,1.8,19,12.8,0.14,1,1,3,0.14,1.003,3.85,9.37,19.32,1,3.85,3.12,0.49,5.92,12.26,22.73,1.32,1.11,3.16,bullish,8.76,2.85,-1.95,1.071,3,-1.95,1.071,3,1,1,-0.99,3.46,2.54,9.48,1.17,11,6.43,-1.19,zeitstopp,1,3
backtest,LRCX,2017-10-27,2017-11-13,2017,14:00,1,0,QQQ,4h,-1.8,5.5,14,12.8,0.2,1,1,0,0.2,1.004,8.42,17.6,41.49,1,8.46,6.24,2.89,13.73,28.3,43.54,1.1,2.15,6.12,bullish,2.4,2.85,-2.09,1.094,0,-2.09,1.094,0,1,1,-1.51,1.77,2.39,25.3,-0.31,11,1.12,-4.08,zeitstopp,1,5
backtest,MCHP,2017-10-27,2017-11-13,2017,14:00,1,0,QQQ,4h,-2.9,-1.2,128,12.8,-1.03,0,1,4,-1.03,0.973,1.98,5.65,18.44,1,4.75,3.67,0.08,4.46,15.89,24.31,0.6,1.37,3.34,bullish,3.08,2.44,-3.26,0.684,4,-3.26,0.684,4,1,1,-1.51,1.77,2.39,13.18,-0.88,11,2.39,-4.38,zeitstopp,1,5
backtest,PYPL,2017-10-31,2017-11-15,2017,17:00,0,0,QQQ,4h,2.8,8.7,11,2.3,0.3,1,1,2,0.3,1.006,6.17,11.93,37.44,1,5.9,5.57,1.93,10.86,19.9,45.06,1.6,2.26,4.99,bullish,10.47,2.21,-2.14,1.141,2,-2.14,1.141,2,1,1,-0.4,4.12,5.82,13.31,0.59,11,4.38,-1.63,zeitstopp,1,4
backtest,AVGO,2017-11-03,2017-11-20,2017,17:00,1,0,QQQ,4h,0.3,-4.4,67,8.2,1.91,1,1,2,1.91,1.047,9.03,10.3,16.97,1,0.02,3.18,6.46,6.5,4.57,15.55,4.73,2.41,13.07,bearish,-0.61,5.42,-6.69,1.285,2,-6.69,1.285,2,1,1,-0.67,2.95,5.91,-1.27,0.03,11,3.69,-5.4,zeitstopp,1,3
backtest,ALGN,2017-11-06,2017-11-21,2017,18:00,1,0,QQQ,4h,4.6,nan,nan,12.8,0.74,1,1,2,0.74,1.011,18.31,27.67,67.31,1,8.09,8.26,2.29,29.04,38.7,76.17,2.1,3.5,7.14,bullish,5.72,2.04,-5.02,1.148,2,-5.02,1.148,2,1,1,-0.01,3.8,6.26,30.53,0.68,11,5.06,-3.18,zeitstopp,1,5
backtest,AMZN,2017-11-06,2017-11-21,2017,10:00,0,0,QQQ,4h,1.9,-3.4,382,12.8,-1.01,0,1,4,-1.01,0.972,8.57,12.27,17.82,1,1.89,2.6,0.97,12.33,12.03,17.13,-0.02,2.31,3.29,bullish,1.57,1.42,-3.2,0.683,4,-3.2,0.683,4,1,1,-0.01,3.8,6.26,5.43,0.61,11,2.57,-0.24,zeitstopp,1,5
backtest,SWKS,2017-11-06,2017-11-21,2017,18:00,0,0,QQQ,4h,-4.6,-3.9,94,12.8,0.98,1,1,3,0.98,1.026,8.01,9.94,14.51,1,1.44,3.11,4.89,7.84,8.32,12.71,2.42,2.49,7.82,bullish,4.24,3.14,-5.4,1.182,3,-5.4,1.182,3,1,1,-0.01,3.8,6.26,1.94,-0.63,11,1.49,-7.58,zeitstopp,1,5
backtest,TXN,2017-11-06,2017-11-21,2017,10:00,0,0,QQQ,4h,0.8,-5.1,362,12.8,-0.04,0,1,0,-0.04,0.999,3.63,10.39,20.77,1,6.62,2.81,1.14,7.94,20.0,24.85,-0.02,1.43,3.51,bearish,-0.05,2.45,-1.69,0.977,0,-1.69,0.977,0,1,1,-0.01,3.8,6.26,12.94,0.24,11,1.72,-2.38,zeitstopp,1,5
backtest,NFLX,2017-11-13,2017-11-16,2017,18:00,1,0,QQQ,4h,-0.3,-0.5,45,12.9,-4.59,0,1,18,-4.59,0.9,-0.88,2.81,18.86,1,5.7,4.03,-3.99,-3.74,12.29,20.0,1.55,2.11,0.9,bullish,7.6,0.43,-7.28,0.37,18,-7.28,0.37,18,1,1,-0.56,3.6,7.01,4.94,-0.39,3,1.38,-2.05,stopp,0,4
backtest,LRCX,2017-11-15,2017-11-30,2017,10:00,1,0,QQQ,4h,-6.9,-1.8,2,12.9,0.33,1,1,4,0.33,1.006,2.8,11.77,37.76,1,10.92,6.66,-0.26,7.24,28.17,42.45,1.66,2.24,4.73,bullish,25.32,2.11,-3.86,1.085,4,-3.86,1.085,4,1,1,-0.8,2.86,6.49,20.35,-1.53,10,3.58,-10.77,stopp,1,5
backtest,PYPL,2017-11-16,2017-12-04,2017,18:00,1,0,QQQ,4h,-1,2.8,1,2.4,1.17,1,1,6,1.17,1.024,5.48,12.77,39.9,1,7.79,6.08,-1.79,9.17,23.85,49.52,3.95,1.76,5.13,bullish,15.65,2.91,-4.03,1.29,6,-4.03,1.29,6,1,1,-1.26,2.51,8.2,14.46,-0.2,11,4.0,-10.12,zeitstopp,1,2
backtest,MAR,2017-11-17,2017-12-05,2017,14:00,1,0,QQQ,4h,2.6,3.6,9,12.9,0.47,1,1,0,0.47,1.012,4.5,9.87,23.46,1,7.15,3.76,4.69,7.97,27.3,21.37,0.5,1.87,7.0,bullish,1.24,3.74,-2.35,1.2,0,-2.35,1.2,0,1,1,-0.23,4.2,9.66,16.09,0.4,11,3.92,-0.99,zeitstopp,1,3
backtest,ADBE,2017-11-21,2017-11-30,2017,18:00,1,0,QQQ,4h,-3.6,1.1,67,12.9,0.23,1,1,8,0.23,1.005,3.14,12.96,28.73,1,7.05,4.95,0.27,5.91,19.76,30.69,1.39,1.49,3.97,bullish,16.82,2.66,-2.93,1.079,8,-2.93,1.079,8,1,1,-0.68,4.12,7.66,11.24,-0.95,6,0.76,-5.17,stopp,1,6
backtest,AMZN,2017-11-21,2017-12-07,2017,18:00,1,0,QQQ,4h,1.7,1.9,0,12.9,-0.27,0,1,5,-0.27,0.992,3.51,10.83,18.43,1,5.43,3.01,-0.25,16.56,16.49,15.93,0.93,1.31,2.38,bullish,13.99,1.82,-1.6,0.83,5,-1.6,0.83,5,1,1,-0.68,4.12,7.66,8.2,0.75,11,6.74,-1.06,zeitstopp,1,6
backtest,TXN,2017-11-21,2017-12-07,2017,18:00,1,0,QQQ,4h,-1.8,0.8,0,12.9,0.01,1,1,9,0.01,1.0,2.03,7.27,20.3,1,7.52,2.86,1.29,2.81,22.49,24.87,0.79,1.31,3.92,bullish,19.11,2.99,-3.45,1.002,9,-3.45,1.002,9,1,1,-0.68,4.12,7.66,13.77,-0.46,11,0.74,-4.38,zeitstopp,1,6
backtest,AAPL,2017-11-24,2017-12-11,2017,10:00,0,0,QQQ,4h,-3.3,1.4,86,12.9,-0.35,0,1,10,-0.35,0.991,2.74,8.45,16.26,1,2.59,3.36,3.48,12.26,10.25,14.56,0.02,1.44,4.24,bullish,6.85,2.94,-4.12,0.914,10,-4.12,0.914,10,1,1,-0.1,5.6,9.67,0.52,-0.81,11,0.29,-4.87,zeitstopp,0,7
backtest,QCOM,2017-11-24,2017-12-11,2017,10:00,0,0,QQQ,4h,-5.9,-1.5,336,12.9,-6.73,0,0,842,0.58,1.02,10.95,22.16,25.3,1,8.1,1.07,3.84,26.54,31.23,19.01,0.77,3.34,6.25,bullish,3.54,1.87,-2.96,1.195,0,-2.96,1.195,0,1,1,-0.1,5.6,9.67,19.66,-1.0,11,0.91,-6.29,stopp,0,7
backtest,ALGN,2017-11-27,2017-12-05,2017,18:00,0,0,QQQ,4h,-14.1,4.6,6,12.9,1.18,1,1,2,1.18,1.018,5.84,22.69,65.37,1,15.32,10.76,-0.06,25.51,47.64,79.28,2.82,2.49,5.17,bullish,5.72,2.08,-2.82,1.419,2,-2.82,1.419,2,1,1,-0.03,6.33,10.31,33.85,-2.87,6,1.71,-14.97,stopp,1,5
backtest,MNST,2017-12-01,2017-12-18,2017,14:00,1,0,QQQ,4h,3.7,0.6,556,12.9,-1.08,0,1,11,-1.08,0.969,2.43,7.4,19.97,1,3.32,3.52,2.28,8.43,12.27,22.24,-0.88,2.0,2.1,bullish,9.69,1.05,-4.22,0.743,11,-4.22,0.743,11,1,1,-0.98,2.01,6.35,5.56,1.82,11,4.3,-0.43,zeitstopp,1,3
backtest,CSCO,2017-12-04,2017-12-19,2017,14:00,1,0,QQQ,4h,1.9,2.6,487,12.9,-0.23,0,1,2,-0.23,0.991,6.46,9.95,16.28,1,4.71,1.61,3.04,9.91,17.41,20.53,0.91,1.87,5.52,bullish,2.79,2.95,-3.42,0.932,2,-3.42,0.932,2,1,1,-1.4,1.77,6.05,10.72,0.36,11,2.5,-2.03,zeitstopp,1,3
backtest,ROST,2017-12-04,2017-12-19,2017,18:00,1,0,QQQ,4h,-1.2,4.5,364,12.9,1.93,1,1,1,1.93,1.061,14.25,19.41,26.63,1,6.06,0.45,6.41,17.91,29.15,20.18,3.91,2.78,12.44,bullish,13.91,4.47,-3.78,1.51,1,-3.78,1.51,1,1,1,-1.4,1.77,6.05,21.79,-0.11,11,0.19,-4.44,zeitstopp,1,3
backtest,WYNN,2017-12-05,2017-12-20,2017,18:00,1,0,QQQ,4h,3.7,-4.1,50,12.9,-29.63,0,0,946,-0.45,0.991,3.04,7.4,22.47,1,3.71,4.73,-0.27,5.66,11.29,20.06,1.27,2.14,5.68,bullish,8.9,2.65,-3.77,0.881,1,-3.77,0.881,1,1,1,-2.54,-0.37,5.77,5.21,0.69,11,5.73,-2.46,zeitstopp,0,4
backtest,NTES,2017-12-11,2018-01-11,2017,18:00,1,0,QQQ,4h,-1.8,0.9,138,12.9,-8.75,0,0,14,-8.75,0.802,4.74,14.53,18.2,1,7.93,2.11,-0.74,2.99,18.55,5.46,6.22,3.73,10.56,bullish,26.92,2.83,-16.64,0.474,14,-16.64,0.474,14,1,1,-1.27,0.66,6.29,11.54,-0.19,21,10.58,-5.07,struktur,1,3
backtest,MSFT,2017-12-12,2017-12-28,2017,10:00,1,0,QQQ,4h,0.4,-2.9,392,12.9,-0.21,0,1,30,-0.21,0.993,2.73,5.88,18.8,1,4.84,2.91,5.12,2.13,14.7,21.89,0.42,1.72,7.13,bullish,0.69,4.15,-5.91,0.964,30,-5.91,0.964,30,1,1,-0.5,1.44,6.85,7.34,0.06,11,2.24,-1.23,zeitstopp,1,4
backtest,AMZN,2017-12-14,2018-01-02,2017,18:00,1,0,QQQ,4h,-0.4,1.7,7,12.9,-3.0,0,1,12,-3.0,0.922,1.73,8.09,19.39,1,7.48,3.36,1.02,2.4,17.33,20.74,1.11,2.06,2.76,bullish,21.34,1.34,-7.31,0.589,12,-7.31,0.589,12,1,1,-0.45,1.75,7.4,9.24,-0.16,11,1.51,-1.4,zeitstopp,0,3
backtest,ATVI,2017-12-15,2018-01-03,2017,18:00,1,0,QQQ,4h,-3.2,26.2,15,1.9,-0.54,0,1,28,-0.54,0.988,5.32,5.86,13.27,1,-0.59,3.44,5.62,3.41,0.05,10.6,2.52,3.0,17.55,bearish,-0.85,5.85,-14.53,0.963,28,-14.53,0.963,28,1,1,-0.52,2.16,6.96,-6.46,-0.21,11,1.09,-6.11,zeitstopp,1,3
backtest,DLTR,2017-12-18,2018-01-04,2017,18:00,1,0,QQQ,4h,-1.2,-10.6,480,12.9,0.36,1,1,3,0.36,1.009,6.1,13.27,33.71,1,8.13,3.17,-2.19,12.32,27.77,50.66,2.92,2.5,6.25,bullish,12.65,2.5,-4.59,1.078,3,-4.59,1.078,3,1,1,-0.11,2.01,8.31,17.96,-0.2,11,1.34,-2.69,zeitstopp,1,5
backtest,MAR,2017-12-18,2018-01-04,2017,14:00,0,0,QQQ,4h,4.2,2.6,13,12.9,1.06,1,1,5,1.06,1.027,3.09,8.12,25.01,1,7.06,4.06,0.39,4.65,23.33,23.29,1.19,1.32,3.92,bullish,1.26,2.97,-1.77,1.597,5,-1.77,1.597,5,1,1,-0.11,2.01,8.31,13.86,1.11,11,4.75,-0.79,zeitstopp,1,5
backtest,WYNN,2017-12-20,2018-01-08,2017,18:00,1,0,QQQ,4h,-2.5,3.7,0,13.0,-25.99,0,0,957,0.91,1.018,4.78,10.08,25.31,1,4.33,5.01,2.36,5.85,14.41,21.73,1.33,2.09,3.63,bearish,-1.5,1.74,-1.64,1.559,1,-1.64,1.559,1,1,1,-0.67,2.73,8.72,5.23,-0.72,11,1.61,-4.63,zeitstopp,0,6
backtest,ILMN,2017-12-28,2018-02-09,2017,18:00,1,0,QQQ,4h,-2.7,nan,nan,13.0,-10.34,0,0,616,-5.82,0.87,0.35,2.16,13.38,1,2.6,2.77,0.34,-4.78,8.95,19.04,0.85,1.97,2.97,bearish,-4.86,1.51,-8.96,0.351,18,-8.96,0.351,18,1,1,-1.4,0.18,8.59,0.33,-0.95,29,14.58,-4.5,stopp,1,1
backtest,JD,2018-01-02,2018-03-22,2018,18:00,1,0,QQQ,4h,-0.9,14.5,137,3.6,-11.56,0,0,100,-11.56,0.761,7.93,10.05,9.73,0,0.46,2.42,-2.01,10.6,8.43,5.61,4.6,2.76,5.09,bullish,1.66,1.84,-5.0,0.929,7,-26.94,0.571,100,1,1,-1.9,0.6,7.31,1.04,-0.18,55,16.98,-5.53,struktur,1,1
backtest,AMZN,2018-01-03,2018-10-25,2018,18:00,1,0,QQQ,4h,41.9,-0.4,1,13.0,-1.06,0,1,24,-1.06,0.972,2.6,5.89,19.4,1,7.33,3.28,1.77,2.29,23.96,24.68,0.97,1.15,3.87,bearish,-1.54,3.37,-7.31,0.856,24,-7.31,0.856,24,1,1,-0.18,2.8,9.1,13.62,11.23,205,70.79,-1.02,struktur,1,3
backtest,MELI,2018-01-03,2018-02-12,2018,14:00,1,0,QQQ,4h,4.5,-10.1,149,10.4,-3.08,0,1,8,-3.08,0.942,6.43,17.81,24.07,1,7.06,3.84,2.51,18.26,22.41,28.81,0.6,3.44,4.83,bullish,18.56,1.4,-7.15,0.569,8,-7.15,0.569,8,1,1,-0.18,2.8,9.1,12.2,0.97,27,21.93,-1.33,struktur,1,3
backtest,DLTR,2018-01-05,2018-01-23,2018,18:00,1,0,QQQ,4h,3.9,-1.2,1,13.0,-0.04,0,1,10,-0.04,0.999,2.93,9.96,32.21,1,7.86,3.91,1.27,2.8,22.25,60.25,1.8,2.01,4.35,bullish,15.91,2.16,-3.93,0.991,10,-3.93,0.991,10,1,1,-0.3,5.13,10.01,11.12,0.93,11,4.93,-1.95,zeitstopp,1,4
backtest,ROST,2018-01-12,2018-01-30,2018,14:00,1,0,QQQ,4h,2.4,-1.2,24,13.0,0.21,1,1,0,0.21,1.006,3.75,11.79,29.75,1,9.3,2.18,2.04,8.05,28.17,52.44,0.29,1.47,5.11,bullish,6.81,3.48,-2.71,1.079,0,-2.71,1.079,0,1,1,-0.01,5.1,10.53,15.96,0.5,11,3.46,-2.65,zeitstopp,1,4
backtest,TXN,2018-01-12,2018-01-30,2018,14:00,1,0,QQQ,4h,0.4,-1.8,36,13.0,0.36,1,1,2,0.36,1.01,5.55,10.45,28.38,1,5.15,3.2,2.2,12.44,19.93,39.13,0.64,1.23,3.96,bullish,5.55,3.22,-2.5,1.142,2,-2.5,1.142,2,1,1,-0.01,5.1,10.53,8.5,0.1,11,8.42,-2.42,zeitstopp,1,4
backtest,MU,2018-01-18,2018-01-31,2018,10:00,1,0,QQQ,4h,-2.9,25.8,16,13.0,-11.28,0,0,36,-11.28,0.802,1.1,0.2,25.82,1,2.02,5.12,3.0,4.39,6.68,38.75,0.0,3.51,5.39,bullish,0.38,1.54,-21.69,0.48,36,-21.69,0.48,36,1,1,-0.38,5.38,11.61,-4.42,-0.57,9,1.04,-6.3,stopp,0,3
backtest,PYPL,2018-01-18,2018-02-02,2018,10:00,1,0,QQQ,4h,-5.3,-1,45,2.5,-0.22,0,1,0,-0.22,0.996,7.39,9.05,34.11,1,4.14,5.83,4.14,9.02,22.52,39.87,-0.05,1.96,7.16,bearish,-3.82,3.65,-3.21,0.932,0,-3.21,0.932,0,1,1,-0.38,5.38,11.61,9.77,-0.79,11,4.72,-7.46,zeitstopp,1,3
backtest,CDNS,2018-01-19,2018-02-02,2018,18:00,0,0,QQQ,4h,-7.7,nan,nan,13.0,-0.15,0,1,36,-0.15,0.997,4.59,3.94,19.52,1,1.17,3.26,0.22,3.17,7.49,27.24,1.4,1.54,4.14,bearish,-2.59,2.69,-8.61,0.982,36,-8.61,0.982,36,1,1,-0.36,4.53,11.49,-3.59,-1.95,10,0.94,-9.85,stopp,1,5
backtest,NVDA,2018-01-19,2018-02-05,2018,18:00,0,0,QQQ,4h,-1.5,-1.8,45,13.0,1.25,1,1,2,1.25,1.022,9.85,12.03,37.61,1,2.38,6.7,0.34,13.41,13.58,36.16,2.64,2.9,7.38,bearish,-0.53,2.54,-4.76,1.264,2,-4.76,1.264,2,1,1,-0.36,4.53,11.49,1.87,-0.21,11,8.21,-11.01,zeitstopp,1,5
backtest,VRTX,2018-01-22,2018-02-06,2018,18:00,0,0,QQQ,4h,-5,-3.1,199,13.0,-4.25,0,1,123,-4.25,0.919,4.53,8.27,13.97,1,0.83,4.27,-0.27,8.83,2.07,-0.85,1.74,2.18,5.27,bearish,-5.54,2.42,-3.53,1.15,3,-18.68,0.772,123,1,1,-0.16,5.48,11.98,-8.84,-1.01,11,8.86,-5.83,stopp,1,4
backtest,ATVI,2018-01-23,2018-02-07,2018,10:00,1,0,QQQ,4h,-3,-3.2,20,2.1,0.55,1,1,0,0.55,1.012,7.66,10.69,17.74,1,2.57,2.98,1.33,10.75,15.01,17.02,0.7,2.46,6.03,bullish,1.41,2.45,-2.41,1.23,0,-2.41,1.23,0,1,1,0.0,6.72,13.59,1.25,-0.53,11,4.38,-8.46,zeitstopp,1,5
backtest,STX,2018-01-29,2018-02-05,2018,10:00,0,0,QQQ,4h,-9.6,-15,277,13.1,-0.97,0,1,778,3.09,1.067,16.73,30.73,48.21,1,12.7,1.25,4.41,30.47,46.15,74.52,3.21,3.46,9.51,bullish,6.71,2.75,-2.84,2.091,0,-2.84,2.091,0,1,1,-0.01,9.19,16.18,25.8,-1.1,5,-0.44,-12.68,stopp,0,2
backtest,DLTR,2018-01-30,2018-02-05,2018,10:00,1,0,QQQ,4h,-6.5,3.9,7,13.1,-0.51,0,1,0,-0.51,0.988,3.42,8.16,33.76,1,7.81,4.28,1.16,7.66,24.8,62.05,-0.32,1.93,3.93,bullish,15.91,2.04,-1.75,0.706,0,-1.75,0.706,0,1,1,-0.5,8.53,15.99,7.6,-1.73,4,0.58,-9.26,stopp,1,3
backtest,IDXX,2018-02-01,2018-02-16,2018,18:00,1,0,QQQ,4h,-8.3,0.7,301,13.1,4.75,1,1,0,4.75,1.133,11.9,19.79,22.49,1,5.02,1.41,1.61,18.52,13.76,20.92,5.59,1.75,22.05,bullish,5.54,12.6,-1.83,3.594,0,-1.83,3.594,0,1,1,-0.91,6.88,11.99,1.58,-0.46,11,0.62,-15.59,zeitstopp,1,3
backtest,WYNN,2018-02-07,2018-02-23,2018,14:00,1,0,QQQ,4h,-8.6,-2.5,30,13.1,-20.39,0,0,989,-11.07,0.799,3.82,8.02,25.72,1,5.84,4.37,-4.77,0.57,9.1,26.23,10.95,6.08,13.82,bullish,19.04,2.27,-21.07,0.475,8,-21.07,0.475,8,1,1,-5.05,-0.15,6.12,2.81,-0.71,11,-0.55,-11.16,zeitstopp,0,3
backtest,MXIM,2018-02-12,2018-03-23,2018,14:00,1,0,QQQ,4h,4.1,nan,nan,2.1,-22.32,0,0,9,-22.32,0.486,0.16,6.12,18.74,1,3.66,3.04,-4.27,6.16,5.44,33.95,0.45,6.3,6.5,bullish,38.59,1.03,-26.33,0.152,9,-26.33,0.152,9,1,0,-8.69,-4.4,1.25,4.15,0.67,28,11.39,-0.58,struktur,0,1
backtest,NFLX,2018-02-13,2018-03-23,2018,10:00,1,0,QQQ,4h,19.4,-0.3,89,13.1,-10.22,0,0,10,-10.22,0.803,1.55,18.01,38.58,1,11.89,6.18,1.45,16.6,33.03,50.5,-0.17,4.97,10.16,bullish,48.88,2.04,-17.68,0.422,10,-17.68,0.422,10,1,0,-7.07,-3.42,3.59,28.43,2.1,27,29.7,-1.09,struktur,1,2
backtest,ADBE,2018-02-16,2018-03-06,2018,10:00,1,0,QQQ,4h,4,-3.6,78,13.1,-0.09,0,1,17,-0.09,0.998,4.32,9.67,26.56,1,3.2,4.16,9.62,3.45,11.94,33.71,0.64,2.99,15.05,bullish,9.76,5.03,-12.28,0.993,17,-12.28,0.993,17,1,1,-3.07,-0.07,8.31,3.35,0.31,11,4.49,-2.49,zeitstopp,1,3
backtest,NVDA,2018-02-20,2018-03-02,2018,18:00,1,0,QQQ,4h,-9,-1.5,15,13.1,0.21,1,1,0,0.21,1.003,6.43,15.42,38.04,1,5.35,7.99,5.07,5.97,16.21,51.25,2.74,5.19,16.34,bullish,14.68,3.15,-2.61,1.079,0,-2.61,1.079,0,1,1,-3.5,-0.83,8.33,7.27,-0.64,8,0.58,-11.39,struktur,1,3
backtest,CSCO,2018-02-26,2018-03-13,2018,18:00,1,0,QQQ,4h,1.9,1.9,69,13.1,-0.45,0,1,5,-0.45,0.987,7.48,11.22,30.49,1,5.71,2.75,-0.18,5.01,20.95,44.6,2.11,3.67,6.16,bullish,5.0,1.68,-5.27,0.915,5,-5.27,0.915,5,1,1,-1.63,-0.11,8.37,11.6,0.33,11,2.74,-4.07,zeitstopp,1,1
backtest,MU,2018-03-05,2018-05-01,2018,18:00,1,0,QQQ,4h,-11.4,-2.9,33,13.2,3.15,1,1,67,3.15,1.063,16.32,17.42,36.69,1,0.02,4.51,5.54,15.58,12.28,55.36,4.78,3.49,18.03,bearish,-4.81,5.17,-7.1,1.57,2,-24.79,1.127,67,1,1,-2.9,-1.17,8.11,3.86,-0.75,40,23.24,-11.93,struktur,1,1
backtest,AMAT,2018-03-06,2018-03-21,2018,18:00,1,0,QQQ,4h,-0.1,2.5,29,13.2,-1.68,0,1,71,-1.68,0.958,11.21,10.58,19.98,1,0.41,2.5,-2.01,13.92,9.41,28.18,3.51,3.41,9.32,bullish,0.64,2.73,-6.58,1.169,5,-25.76,0.935,71,1,1,-1.83,1.96,8.4,0.93,-0.01,11,4.6,-3.66,zeitstopp,1,4
backtest,ATVI,2018-03-06,2018-03-21,2018,10:00,1,0,QQQ,4h,-6.2,-3,27,2.2,0.73,1,1,0,0.73,1.019,7.59,9.78,19.09,1,4.2,2.77,2.65,5.15,20.36,14.56,1.07,2.87,8.37,bearish,-3.75,2.92,-3.22,1.227,0,-3.22,1.227,0,1,1,-1.83,1.96,8.4,11.03,-0.8,11,4.91,-8.03,zeitstopp,1,4
backtest,MELI,2018-03-06,2018-03-20,2018,18:00,1,0,QQQ,4h,-8.5,4.5,22,10.6,0.86,1,1,3,0.86,1.018,8.88,13.72,39.66,1,10.45,4.19,-0.43,6.11,42.14,51.39,3.04,4.2,9.3,bullish,0.93,2.21,-6.79,1.127,3,-6.79,1.127,3,1,1,-1.83,1.96,8.4,31.12,-1.0,10,3.76,-11.74,stopp,1,4
backtest,ADBE,2018-03-07,2018-08-16,2018,18:00,1,0,QQQ,4h,18.4,4,1,13.2,0.0,1,1,4,0.0,1.0,5.83,9.91,28.81,1,5.41,4.2,1.53,11.43,18.1,36.73,0.67,2.36,6.86,bullish,4.4,2.91,-5.47,1.0,4,-5.47,1.0,4,1,1,-1.41,6.59,9.32,8.03,2.87,113,23.61,-2.91,struktur,1,5
backtest,STX,2018-03-20,2018-03-26,2018,13:00,1,0,QQQ,4h,-5.8,-9.6,43,13.2,1.12,1,1,3,1.12,1.022,9.89,16.41,52.98,1,12.43,3.94,0.32,17.46,46.16,86.21,2.14,2.5,5.33,bullish,8.08,2.13,-3.03,1.368,3,-3.03,1.368,3,1,1,-4.47,1.46,7.6,35.84,-1.15,4,-0.34,-7.84,stopp,1,0
backtest,AMAT,2018-03-22,2018-03-26,2018,09:00,1,0,QQQ,4h,-5.1,-0.1,1,13.2,-3.36,0,1,7,-3.36,0.917,2.26,8.33,19.14,1,4.98,3.02,0.91,8.28,14.03,26.39,-0.79,3.02,5.99,bullish,6.44,1.98,-7.9,0.574,7,-7.9,0.574,7,1,1,-4.58,1.44,5.39,8.2,-0.91,2,0.53,-8.18,stopp,0,1
backtest,INTC,2018-03-27,2018-04-09,2018,10:00,1,0,QQQ,4h,-6.9,0.4,540,13.2,-1.77,0,1,9,-1.77,0.955,4.14,10.73,28.64,1,5.07,3.93,3.25,6.86,12.99,42.95,0.66,2.88,8.11,bullish,6.48,2.82,-8.22,0.785,9,-8.22,0.785,9,1,0,-6.02,-3.36,4.52,8.11,-0.93,8,0.8,-10.48,stopp,0,2
backtest,STX,2018-04-10,2018-04-25,2018,18:00,1,0,QQQ,4h,-3.7,-5.8,15,13.3,-0.29,0,1,13,-0.29,0.994,3.85,10.81,47.28,1,8.72,4.7,-2.53,-5.49,32.47,69.29,7.77,3.48,9.29,bearish,-1.27,2.67,-7.84,0.964,13,-7.84,0.964,13,1,0,-9.83,-8.76,-2.43,35.77,-0.44,11,3.35,-5.73,zeitstopp,1,0
backtest,WDAY,2018-04-11,2018-04-26,2018,18:00,1,0,QQQ,4h,-3.4,nan,nan,5.5,-8.33,0,0,22,-8.33,0.803,-0.91,1.51,15.75,1,6.12,2.68,1.19,-9.04,15.06,14.76,1.38,3.34,6.25,bullish,14.69,1.87,-12.84,0.352,22,-12.84,0.352,22,1,0,-7.84,-7.24,-0.66,15.83,-0.58,11,4.14,-5.93,zeitstopp,0,1
backtest,WYNN,2018-04-17,2018-05-02,2018,18:00,1,0,QQQ,4h,0.2,-8.6,53,13.3,-15.84,0,0,1036,-5.99,0.866,5.67,9.28,23.17,1,1.62,3.15,4.61,2.13,14.34,34.91,1.14,3.06,7.33,bullish,7.35,2.4,-22.89,0.739,55,-22.89,0.739,55,1,0,-7.05,-4.77,-0.99,15.48,0.03,11,1.99,-6.1,zeitstopp,0,2
backtest,INTC,2018-04-24,2018-05-09,2018,14:00,1,0,QQQ,4h,4.4,-6.9,15,13.3,-4.73,0,1,3,-4.73,0.882,1.14,3.94,21.27,1,4.84,4.2,-2.48,3.53,12.45,29.09,1.34,2.97,7.86,bullish,2.08,2.65,-6.46,0.267,3,-6.46,0.267,3,1,0,-7.45,2.13,-3.55,16.59,0.61,11,7.73,-2.29,zeitstopp,1,1
backtest,INTU,2018-04-26,2018-05-11,2018,18:00,1,0,QQQ,4h,4.8,3.1,647,13.3,1.27,1,1,1,1.27,1.034,6.39,7.21,19.87,1,2.43,2.57,-2.66,2.04,5.51,20.28,5.04,2.38,5.68,bullish,1.01,2.39,-4.68,1.271,1,-4.68,1.271,1,1,0,-9.3,-0.27,-5.64,11.82,0.9,11,5.95,-2.43,zeitstopp,1,2
backtest,ISRG,2018-04-27,2018-05-14,2018,14:00,1,0,QQQ,4h,4.4,2.9,172,13.3,-5.05,0,0,6,-5.05,0.878,5.84,6.0,18.39,1,0.39,3.08,-3.57,10.88,-0.8,20.11,0.82,3.19,5.91,bullish,6.45,1.85,-9.45,0.465,6,-9.45,0.465,6,1,0,-7.4,3.01,-3.62,2.92,0.79,11,5.1,-2.62,zeitstopp,0,3
backtest,STX,2018-04-27,2018-05-02,2018,14:00,1,0,QQQ,4h,-13.5,-3.7,2,13.3,-3.79,0,1,7,-3.79,0.929,2.08,5.72,41.55,1,5.71,5.09,-0.93,4.31,12.78,56.69,1.66,3.04,6.55,bullish,3.06,2.15,-8.79,0.569,7,-8.79,0.569,7,1,0,-7.4,3.01,-3.62,17.02,-2.19,3,0.04,-18.64,stopp,0,3
backtest,CSCO,2018-04-30,2018-05-15,2018,14:00,1,0,QQQ,4h,0.2,1.9,48,13.3,-1.5,0,1,32,-1.5,0.958,4.93,3.75,22.12,1,2.0,3.48,1.41,5.08,5.9,32.38,0.88,2.32,6.57,bullish,0.59,2.83,-12.23,0.877,32,-12.23,0.877,32,1,0,-7.34,1.22,-5.02,11.49,0.04,11,2.81,-3.69,zeitstopp,1,4
backtest,CTAS,2018-05-04,2018-05-21,2018,18:00,1,0,QQQ,4h,4.7,-3.8,183,13.3,-1.97,0,1,38,-1.97,0.942,1.82,2.0,13.89,1,2.31,3.11,0.07,0.76,4.74,17.35,1.05,1.72,4.5,bearish,-1.82,2.62,-9.1,0.784,38,-9.1,0.784,38,1,0,-7.5,0.72,-3.51,8.55,1.09,11,5.37,-1.68,zeitstopp,1,6
backtest,IDXX,2018-05-04,2018-05-21,2018,18:00,1,0,QQQ,4h,-1.7,-8.3,77,13.3,-0.55,0,1,33,-0.55,0.981,5.75,6.14,21.19,1,2.74,1.87,-1.65,2.57,0.94,17.82,5.22,2.33,8.64,bearish,-2.36,3.71,-11.24,0.951,33,-11.24,0.951,33,1,0,-7.5,0.72,-3.51,4.62,-0.22,11,5.77,-5.81,zeitstopp,1,6
backtest,SIRI,2018-05-04,2018-07-25,2018,14:00,0,0,QQQ,4h,9.5,nan,nan,13.3,-16.13,0,0,3118,-1.78,0.938,3.2,2.84,12.74,1,1.95,1.69,3.01,3.01,6.58,19.95,-0.12,2.0,5.6,bearish,-1.66,2.8,-8.02,0.778,37,-8.02,0.778,37,1,0,-7.5,0.72,-3.51,10.46,1.8,56,18.8,-0.81,struktur,0,6
backtest,ILMN,2018-05-07,2018-10-25,2018,14:00,0,0,QQQ,4h,17.2,-2.7,87,13.3,-2.68,0,1,34,-2.68,0.922,3.29,3.91,14.36,1,2.53,3.14,0.15,7.3,11.19,17.85,2.02,3.09,7.02,bearish,-1.49,2.27,-12.01,0.777,34,-12.01,0.777,34,1,1,-5.75,5.26,0.32,10.84,2.63,120,49.19,0.11,struktur,1,4
backtest,WYNN,2018-05-09,2018-05-24,2018,18:00,1,0,QQQ,4h,-0.6,0.2,7,13.3,-13.29,0,0,1052,-3.14,0.924,4.07,7.84,23.19,1,5.25,3.68,-0.05,4.62,17.84,28.56,2.55,2.49,4.47,bullish,1.33,1.8,-2.66,1.254,2,-22.89,0.863,71,1,1,-5.06,3.01,2.48,14.98,-0.14,11,2.97,-4.2,zeitstopp,0,5
backtest,BIDU,2018-05-17,2018-05-21,2018,10:00,1,0,QQQ,4h,-9.5,4.2,204,12.8,-0.43,0,1,0,-0.43,0.989,11.93,15.62,17.08,1,1.97,2.55,8.72,19.48,20.42,19.67,-0.38,3.06,7.62,bearish,-4.91,2.49,-4.57,0.906,0,-4.57,0.906,0,1,1,-3.4,1.53,4.04,15.75,-1.35,2,0.34,-15.96,stopp,0,1
backtest,CSX,2018-05-21,2018-06-06,2018,14:00,1,0,QQQ,4h,1.2,1.1,326,13.4,0.24,1,1,1,0.24,1.009,5.12,10.22,18.14,1,4.67,1.75,1.06,6.2,14.11,32.14,0.73,1.83,4.82,bullish,5.31,2.63,-1.61,1.152,1,-1.61,1.152,1,1,1,-4.27,3.18,1.68,12.22,0.25,11,3.04,-2.5,zeitstopp,1,3
backtest,INTU,2018-05-21,2018-12-18,2018,18:00,1,0,QQQ,4h,4.2,4.8,10,13.4,-2.25,0,1,5,-2.25,0.939,2.2,6.76,20.49,1,4.82,3.52,-1.88,6.97,11.24,24.42,0.7,1.7,2.76,bullish,9.73,1.62,-4.09,0.451,5,-4.09,0.451,5,1,1,-4.27,3.18,1.68,9.4,1.55,146,21.06,-2.43,struktur,1,3
backtest,JBHT,2018-05-21,2018-06-06,2018,18:00,1,0,QQQ,4h,-1.4,nan,nan,13.4,1.33,1,1,0,1.33,1.038,7.18,8.81,16.01,1,0.52,2.71,1.76,6.3,5.43,25.45,1.55,2.2,6.75,bearish,-0.1,3.07,-6.55,1.203,0,-6.55,1.203,0,1,1,-4.27,3.18,1.68,3.68,-0.22,11,1.18,-5.54,zeitstopp,1,3
backtest,PYPL,2018-05-25,2018-06-12,2018,14:00,1,0,QQQ,4h,1.5,-5.3,112,2.9,-4.19,0,1,79,-4.19,0.899,6.89,6.74,12.7,1,-0.91,2.62,2.98,7.26,2.33,4.86,1.41,2.35,5.2,bearish,-3.69,2.21,-16.39,0.906,49,-18.65,0.775,79,1,1,-3.07,4.67,0.98,1.34,0.3,11,4.23,-3.03,zeitstopp,0,4
backtest,CTAS,2018-05-30,2018-09-27,2018,18:00,1,0,QQQ,4h,10.5,4.7,9,13.4,-1.05,0,1,10,-1.05,0.969,1.54,4.56,15.66,1,1.88,3.14,-1.53,6.06,5.63,22.28,0.92,1.21,2.78,bullish,5.21,2.3,-2.78,0.622,10,-2.78,0.622,10,1,1,-3.4,4.99,0.57,5.03,3.88,84,19.23,-0.93,struktur,1,4
backtest,NVDA,2018-05-31,2018-06-25,2018,10:00,1,0,QQQ,4h,-2.5,-9,90,13.4,-2.84,0,1,13,-2.84,0.94,2.43,7.16,19.03,1,0.57,3.99,4.3,11.45,4.61,18.29,-0.01,2.54,3.57,bullish,8.88,1.41,-7.77,0.635,13,-7.77,0.635,13,1,1,-2.71,4.55,1.94,2.61,-0.72,17,6.42,-6.88,struktur,1,2
backtest,MU,2018-06-07,2018-06-22,2018,14:00,1,0,QQQ,4h,-0.1,-11.4,37,13.4,-6.79,0,0,5,-6.79,0.884,5.38,14.22,32.61,1,1.19,6.58,-5.03,22.34,10.1,48.92,1.43,4.53,7.52,bullish,19.15,1.66,-12.43,0.454,5,-12.43,0.454,5,1,1,-0.02,5.9,4.27,5.59,-0.02,11,3.79,-5.64,zeitstopp,0,2
backtest,ASML,2018-06-13,2018-06-26,2018,18:00,1,0,QQQ,4h,-8.4,nan,nan,13.4,1.37,1,1,57,1.37,1.033,6.86,8.86,17.05,1,-0.19,2.89,0.01,3.66,1.53,22.8,3.68,2.0,6.79,bullish,4.73,3.4,-12.36,1.111,57,-12.36,1.111,57,1,1,-0.1,3.58,2.57,-1.01,-1.33,9,-0.06,-9.79,stopp,1,2
backtest,NFLX,2018-06-13,2018-06-28,2018,18:00,1,0,QQQ,4h,3.1,19.4,82,13.4,3.64,1,1,5,3.64,1.06,9.99,17.06,53.71,1,4.63,7.52,-0.54,10.74,15.18,92.97,5.35,2.2,8.68,bullish,11.37,3.95,-3.67,1.992,5,-3.67,1.992,5,1,1,-0.1,3.58,2.57,12.3,0.38,11,10.41,-5.01,zeitstopp,1,2
backtest,MSFT,2018-06-20,2018-06-26,2018,18:00,0,0,QQQ,4h,-3.2,0.4,174,13.5,-0.59,0,1,8,-0.59,0.983,1.84,5.18,16.59,1,3.75,3.36,-0.44,3.34,8.77,17.18,1.21,1.32,3.71,bullish,5.35,2.81,-3.18,0.814,8,-3.18,0.814,8,1,1,-0.85,4.74,5.21,3.39,-0.89,4,0.43,-4.68,stopp,0,2
backtest,PYPL,2018-06-21,2018-06-26,2018,14:00,0,0,QQQ,4h,-4.4,1.5,9,3.0,-0.54,0,1,0,-0.54,0.986,3.28,8.37,14.51,1,3.0,3.25,0.8,6.61,6.06,14.11,0.64,2.0,4.73,bearish,-3.69,2.37,-2.47,0.783,0,-2.47,0.783,0,1,1,-0.41,5.62,6.42,-0.34,-0.98,3,1.21,-6.12,stopp,1,4
backtest,ROST,2018-06-21,2018-07-09,2018,14:00,0,0,QQQ,4h,0.5,2.4,142,13.5,-0.68,0,1,0,-0.68,0.983,3.72,6.09,15.24,1,3.17,3.69,2.27,5.46,12.18,12.29,-0.57,1.81,3.66,bullish,2.13,2.02,-2.13,0.68,0,-2.13,0.68,0,1,1,-0.41,5.62,6.42,5.42,0.14,11,1.28,-3.57,zeitstopp,1,4
backtest,PYPL,2018-06-29,2018-10-10,2018,18:00,1,0,QQQ,4h,-4.6,-4.4,3,3.0,-4.71,0,1,5,-4.71,0.882,-1.02,3.75,9.51,1,3.8,3.18,-4.06,0.5,8.71,10.58,1.15,2.45,3.77,bullish,8.23,1.54,-8.44,0.443,5,-8.44,0.443,5,1,1,-3.82,0.87,7.14,1.47,-1.26,71,12.31,-9.72,stopp,1,4
backtest,VRTX,2018-06-29,2018-10-25,2018,18:00,1,0,QQQ,4h,-6.4,-5,143,13.5,-5.81,0,0,76,-5.81,0.803,10.68,9.32,8.2,0,-2.42,-0.23,-5.74,-4.16,-9.44,-2.61,13.69,2.71,13.25,bullish,1.15,4.89,-13.27,1.076,50,-19.13,0.696,76,1,1,-3.82,0.87,7.14,-15.47,-0.55,82,16.16,-8.82,struktur,1,4
backtest,ATVI,2018-07-02,2018-08-06,2018,18:00,1,0,QQQ,4h,-7,-6.2,103,2.5,-3.44,0,1,11,-3.44,0.885,1.28,6.31,13.03,1,5.1,1.77,0.45,4.51,17.25,21.01,0.26,2.43,5.3,bullish,7.81,2.18,-7.38,0.534,11,-7.38,0.534,11,1,1,-3.56,-0.42,10.62,6.0,-1.39,24,6.69,-7.91,stopp,1,2
backtest,ISRG,2018-07-03,2018-10-25,2018,14:00,1,0,QQQ,4h,-0.2,4.4,50,13.5,-1.32,0,1,13,-1.32,0.965,0.71,4.56,18.52,1,6.27,3.78,3.09,2.13,20.98,33.75,0.46,2.04,4.9,bullish,5.11,2.4,-5.82,0.773,13,-5.82,0.773,13,1,1,-2.91,-0.65,10.12,9.86,-0.05,80,18.51,-1.7,struktur,1,4
backtest,TTWO,2018-07-03,2018-07-30,2018,14:00,1,0,QQQ,4h,1.9,nan,nan,13.5,-7.16,0,0,104,-7.16,0.839,2.77,6.85,9.56,1,7.04,1.9,2.69,5.45,25.05,9.19,0.11,2.83,6.78,bullish,3.6,2.4,-7.85,0.67,11,-28.19,0.746,104,1,1,-2.91,-0.65,10.12,13.56,0.29,18,7.25,-6.21,struktur,0,4
backtest,ALGN,2018-07-06,2018-10-11,2018,18:00,1,0,QQQ,4h,-10.5,-14.1,213,13.5,-6.08,0,0,12,-6.08,0.898,-0.89,10.54,34.84,1,14.26,7.2,-0.41,-1.44,33.69,47.66,2.22,3.1,6.17,bullish,32.59,1.99,-10.64,0.429,12,-10.64,0.429,12,1,1,-2.84,-1.46,7.87,23.94,-1.81,68,14.31,-11.4,stopp,1,7
backtest,META,2018-07-06,2018-07-23,2018,18:00,0,0,QQQ,4h,4.3,-2,318,6.1,-0.77,0,1,10,-0.77,0.972,3.12,7.52,12.96,1,7.95,1.44,1.33,3.72,24.55,7.46,1.78,2.33,6.14,bullish,8.09,2.64,-5.57,0.862,10,-5.57,0.862,10,1,1,-2.84,-1.46,7.87,15.46,0.74,11,4.77,-2.12,zeitstopp,1,7
backtest,NFLX,2018-07-06,2018-07-19,2018,18:00,0,0,QQQ,4h,-8.6,3.1,8,13.5,-4.04,0,1,9,-4.04,0.939,4.14,14.13,52.13,1,10.59,8.74,2.05,8.42,35.52,94.29,1.94,3.75,7.95,bullish,27.45,2.12,-10.51,0.615,9,-10.51,0.615,9,1,1,-2.84,-1.46,7.87,25.64,-1.17,9,3.37,-15.29,stopp,0,7
backtest,ORLY,2018-07-27,2018-10-11,2018,14:00,0,0,QQQ,4h,10.2,3.8,878,13.6,-2.06,0,1,0,-2.06,0.948,5.56,7.85,20.99,1,5.38,3.19,1.51,11.33,18.01,11.32,-0.05,2.15,5.33,bullish,0.94,2.48,-3.93,0.474,0,-3.93,0.474,0,1,1,-1.57,6.08,11.39,5.95,2.02,53,15.83,-1.8,struktur,1,0
backtest,ROST,2018-08-03,2018-11-21,2018,14:00,1,0,QQQ,4h,-2.7,0.5,25,13.6,-3.1,0,1,0,-3.1,0.926,0.58,2.56,11.12,1,2.66,3.06,1.6,5.11,11.6,9.71,-2.67,2.09,2.62,bullish,3.4,1.25,-4.63,0.33,0,-4.63,0.33,0,1,1,-1.86,3.82,11.2,0.37,-1.07,77,20.12,-7.04,stopp,1,1
backtest,CSX,2018-08-06,2018-08-21,2018,18:00,1,0,QQQ,4h,2.2,1.2,61,13.6,0.02,1,1,6,0.02,1.001,5.59,8.84,23.92,1,4.37,2.82,1.41,9.63,19.23,29.94,1.37,2.45,4.1,bullish,6.69,1.67,-3.17,1.008,6,-3.17,1.008,6,1,1,-1.56,2.55,9.46,8.93,0.56,11,4.02,-1.3,zeitstopp,1,1
backtest,IDXX,2018-08-08,2018-08-23,2018,14:00,0,0,QQQ,4h,-0.2,-1.7,79,13.6,-2.47,0,1,8,-2.47,0.941,1.65,7.52,28.48,1,7.39,4.61,0.24,4.88,19.79,36.36,0.3,2.74,9.2,bullish,10.25,3.36,-9.78,0.748,8,-9.78,0.748,8,1,1,-0.62,2.53,9.71,9.19,-0.02,11,1.19,-3.18,zeitstopp,0,2
backtest,MELI,2018-08-09,2018-08-20,2018,18:00,0,0,QQQ,4h,-15.5,-8.5,142,11.0,-8.3,0,0,103,-8.3,0.827,9.16,19.9,18.18,0,4.98,2.98,-0.49,13.58,5.88,0.26,11.26,3.83,15.52,bullish,18.83,4.05,-12.17,1.037,13,-32.76,0.747,103,1,1,-0.5,3.17,8.65,-2.56,-1.15,7,3.05,-17.74,stopp,0,3
backtest,AAPL,2018-08-14,2018-08-29,2018,14:00,0,0,QQQ,4h,4.7,-3.3,246,13.6,-0.35,0,1,0,-0.35,0.988,6.08,9.48,18.69,1,2.46,2.57,0.25,9.79,11.4,29.32,0.64,1.88,4.19,bullish,2.18,2.23,-1.54,0.773,0,-1.54,0.773,0,1,1,-1.43,0.64,6.45,4.65,1.18,11,6.32,-0.93,zeitstopp,1,3
backtest,MSFT,2018-08-15,2018-08-30,2018,10:00,0,0,QQQ,4h,2,-3.2,50,13.6,-1.12,0,1,14,-1.12,0.969,1.96,5.84,17.67,1,4.02,3.54,0.62,3.41,13.06,23.07,0.31,1.52,5.89,bearish,-0.89,3.87,-5.75,0.804,14,-5.75,0.804,14,1,1,-0.81,0.65,8.32,4.38,0.36,11,2.86,-3.38,zeitstopp,1,4
backtest,ADP,2018-09-06,2018-09-21,2018,18:00,1,0,QQQ,4h,2.4,2.7,610,13.7,-0.09,0,1,2,-0.09,0.997,2.86,5.96,18.32,1,2.05,2.52,1.61,5.97,7.92,28.23,0.47,1.15,2.86,bullish,4.68,2.49,-1.88,0.951,2,-1.88,0.951,2,1,1,-2.17,0.91,4.54,3.24,0.87,11,3.34,-1.24,zeitstopp,1,0
backtest,IDXX,2018-09-10,2018-09-25,2018,18:00,1,0,QQQ,4h,-1.4,-0.2,18,13.7,-3.66,0,1,6,-3.66,0.915,0.13,2.4,22.47,1,4.55,4.71,-4.31,-0.85,10.39,19.38,1.77,1.86,3.32,bullish,2.83,1.78,-5.58,0.344,6,-5.58,0.344,6,1,1,-3.42,-0.44,4.05,6.1,-0.44,11,1.24,-3.17,zeitstopp,0,1
backtest,ADBE,2018-09-11,2018-09-26,2018,18:00,0,0,QQQ,4h,0.3,18.4,26,13.7,-0.86,0,1,7,-0.86,0.982,3.68,5.05,19.95,1,1.37,3.64,0.71,4.6,5.73,20.11,0.85,2.01,6.2,bullish,2.32,3.08,-5.71,0.849,7,-5.71,0.849,7,1,1,-3.09,0.66,4.12,1.55,0.06,11,3.73,-3.95,zeitstopp,1,2
backtest,AAPL,2018-09-13,2018-09-28,2018,18:00,0,0,QQQ,4h,-1.2,4.7,15,13.7,-0.93,0,1,5,-0.93,0.974,3.55,10.87,24.72,1,6.67,2.84,-2.56,5.4,16.33,24.8,2.92,1.92,6.17,bullish,18.68,3.21,-5.75,0.837,5,-5.75,0.837,5,1,1,-2.63,0.62,4.07,11.79,-0.21,11,0.36,-5.37,zeitstopp,0,3
backtest,ESRX,2018-09-14,2018-10-01,2018,18:00,0,0,QQQ,4h,4,nan,nan,2.7,0.23,1,1,0,0.23,1.006,3.26,9.73,18.96,1,4.72,3.72,1.21,5.39,11.04,19.64,0.28,1.57,4.71,bearish,-0.64,3.0,-1.42,1.162,0,-1.42,1.162,0,1,1,-1.59,2.96,4.12,6.64,0.89,11,5.32,-0.62,zeitstopp,1,6
backtest,MSFT,2018-09-14,2018-10-01,2018,14:00,0,0,QQQ,4h,1.3,2,15,13.7,-0.39,0,1,0,-0.39,0.989,3.47,5.5,18.15,1,3.69,2.92,3.83,4.88,11.76,20.87,0.33,1.49,6.71,bullish,2.77,4.5,-1.42,0.721,0,-1.42,0.721,0,1,1,-1.59,2.96,4.12,7.33,0.21,11,2.12,-1.98,zeitstopp,1,6
backtest,TTWO,2018-09-14,2018-10-01,2018,14:00,0,0,QQQ,4h,1,1.9,46,13.7,-1.37,0,1,9,-1.37,0.959,4.23,8.05,19.61,1,4.69,1.48,4.53,8.19,11.84,25.12,0.36,2.92,7.48,bullish,6.3,2.56,-7.99,0.829,9,-7.99,0.829,9,1,1,-1.59,2.96,4.12,7.41,0.14,11,2.31,-5.72,zeitstopp,1,6
backtest,IDXX,2018-09-25,2018-10-05,2018,18:00,1,0,QQQ,4h,-5.6,-1.4,0,13.7,-4.42,0,1,17,-4.42,0.897,-0.75,0.01,18.66,1,3.74,4.7,-0.09,-2.72,11.6,23.02,0.9,2.08,3.39,bullish,2.83,1.63,-6.72,0.342,17,-6.72,0.342,17,1,1,-1.76,0.95,7.5,3.81,-1.72,8,3.19,-7.6,stopp,0,0
backtest,NFLX,2018-09-26,2018-10-09,2018,18:00,1,0,QQQ,4h,-8.1,-8.6,69,13.7,-10.42,0,0,66,-10.42,0.821,4.83,7.24,20.37,1,-4.46,5.7,0.48,1.33,-7.5,22.86,2.62,3.46,8.07,bullish,0.21,2.33,-25.93,0.626,53,-26.53,0.607,66,1,1,-1.63,0.07,7.21,-13.72,-1.08,9,2.03,-10.81,stopp,0,1
backtest,ADP,2018-10-01,2018-10-11,2018,18:00,1,0,QQQ,4h,-6.4,2.4,10,13.7,0.07,1,1,0,0.07,1.002,2.59,6.35,19.58,1,3.61,2.98,-0.01,4.04,12.84,34.28,0.5,1.1,4.4,bearish,-0.8,4.0,-1.06,1.061,0,-1.06,1.061,0,1,1,-0.74,-0.15,8.43,4.07,-1.52,8,1.38,-9.49,stopp,1,4
backtest,CSCO,2018-10-01,2018-10-11,2018,14:00,0,0,QQQ,4h,-6.8,0.2,139,13.7,0.06,1,1,2,0.06,1.002,3.01,7.66,14.12,1,4.73,2.79,0.19,3.18,13.94,20.52,0.91,1.24,5.35,bullish,9.65,4.31,-2.04,1.031,2,-2.04,1.031,2,1,1,-0.74,-0.15,8.43,5.08,-1.33,8,0.77,-9.93,stopp,1,4
backtest,MSFT,2018-10-01,2018-10-08,2018,14:00,0,0,QQQ,4h,-3,1.3,0,13.7,-0.12,0,1,5,-0.12,0.997,2.59,4.94,17.99,1,4.23,3.16,0.1,2.16,16.43,30.26,0.68,1.53,2.26,bullish,2.23,1.48,-2.66,0.954,5,-2.66,0.954,5,1,1,-0.74,-0.15,8.43,7.37,-1.37,5,0.89,-5.05,stopp,1,4
backtest,BMRN,2018-10-09,2018-10-24,2018,18:00,1,0,QQQ,4h,-3.4,nan,nan,13.8,-31.49,0,0,812,-2.1,0.927,5.27,4.44,13.82,1,-0.56,1.45,2.75,3.92,1.97,26.93,2.61,2.32,7.19,bullish,1.13,3.1,-10.4,0.798,43,-10.4,0.798,43,1,0,-4.52,-1.29,1.16,0.81,-0.51,11,2.66,-10.77,zeitstopp,0,4
backtest,ESRX,2018-10-09,2018-10-16,2018,18:00,1,0,QQQ,4h,-2.1,4,8,2.8,-0.17,0,1,15,-0.17,0.996,2.31,8.65,21.53,1,7.1,3.5,0.57,6.05,18.67,36.92,0.72,1.21,2.85,bullish,16.5,2.36,-5.11,0.968,15,-5.11,0.968,15,1,0,-4.52,-1.29,1.16,17.31,-0.77,5,0.97,-3.11,stopp,1,4
backtest,ULTA,2018-10-15,2018-10-30,2018,18:00,1,0,QQQ,4h,-0.4,4.6,818,11.0,-11.13,0,0,343,-3.61,0.898,0.61,6.76,16.79,1,4.45,2.4,2.15,-1.24,7.88,20.93,1.51,2.44,6.77,bullish,11.44,2.77,-8.82,0.59,23,-8.82,0.59,23,1,0,-7.04,-5.09,-2.54,10.69,-0.07,11,2.59,-6.01,zeitstopp,0,3
backtest,WBA,2018-10-15,2018-10-30,2018,18:00,1,0,QQQ,4h,3.1,nan,nan,2.8,-24.4,0,0,454,-5.53,0.787,3.04,6.74,10.79,1,4.38,0.31,1.35,4.58,13.52,12.39,1.82,2.47,8.46,bullish,5.11,3.43,-6.55,1.053,11,-6.55,1.053,11,1,0,-7.04,-5.09,-2.54,16.48,0.39,11,5.49,-2.46,zeitstopp,0,3
backtest,CA,2018-10-29,2018-11-13,2018,17:00,1,0,QQQ,4h,0.5,nan,nan,2.8,0.1,1,1,26,0.1,1.003,0.87,0.82,15.84,1,0.25,2.94,0.0,-0.41,0.42,28.0,0.61,1.15,2.51,bearish,-0.02,2.18,-7.13,1.014,26,-7.13,1.014,26,0,0,-11.13,-10.3,-4.65,5.32,0.19,11,0.54,-0.49,zeitstopp,1,0
backtest,ESRX,2018-11-06,2018-11-21,2018,18:00,1,0,QQQ,4h,-3.2,-2.1,21,2.8,-0.79,0,1,2,-0.79,0.98,2.98,4.95,21.22,1,5.58,2.24,2.72,1.94,23.43,43.06,0.77,2.13,3.41,bullish,1.81,1.6,-3.09,0.745,2,-3.09,0.745,2,0,0,-9.9,-5.64,-6.9,32.57,-0.97,11,2.27,-3.21,zeitstopp,1,1
backtest,WBA,2018-11-07,2018-11-23,2018,14:00,1,0,QQQ,4h,-2.4,3.1,8,2.8,-17.66,0,0,471,1.07,1.039,6.2,11.17,20.04,1,5.08,0.53,2.28,9.55,22.01,29.66,1.12,2.32,4.87,bullish,5.11,2.1,-1.32,1.808,0,-1.32,1.808,0,0,0,-9.22,-5.23,-6.3,30.21,-0.52,11,2.61,-3.43,zeitstopp,0,3
backtest,XLNX,2018-11-07,2018-11-13,2018,18:00,1,0,QQQ,4h,-4.2,3.4,391,2.8,0.09,1,1,3,0.09,1.003,11.62,11.85,22.57,1,3.39,1.04,4.72,10.65,17.0,26.84,2.1,4.24,6.08,bullish,4.35,1.43,-4.69,1.02,3,-4.69,1.02,3,0,0,-9.22,-5.23,-6.3,24.87,-0.74,4,0.54,-5.87,stopp,1,3
backtest,SHPG,2018-11-12,2018-11-28,2018,14:00,1,0,QQQ,4h,-5.2,nan,nan,2.8,-12.13,0,0,540,-0.49,0.985,2.81,3.38,12.87,1,0.96,1.74,2.29,5.81,6.35,7.1,0.64,1.87,4.29,bullish,1.91,2.29,-8.1,0.94,31,-8.1,0.94,31,0,0,-8.54,-1.61,-4.71,11.6,-1.27,11,0.55,-6.44,stopp,0,3
backtest,ORLY,2018-11-14,2018-11-21,2018,14:00,1,0,QQQ,4h,-5.9,10.2,34,13.9,-0.03,0,1,0,-0.03,0.999,6.89,5.57,24.21,1,1.0,2.53,7.19,2.95,10.09,31.8,0.4,2.79,4.51,bearish,-0.56,1.62,-1.59,0.981,0,-1.59,0.981,0,0,0,-11.23,-6.07,-6.95,18.32,-1.37,5,1.18,-6.44,stopp,1,4
backtest,VRSK,2018-11-16,2018-12-04,2018,10:00,1,0,QQQ,4h,1.1,nan,nan,9.1,-0.62,0,1,0,-0.62,0.977,4.45,3.87,11.8,1,0.05,1.85,0.95,7.13,5.5,16.53,-0.34,2.57,3.91,bearish,-0.94,1.52,-3.03,0.794,0,-3.03,0.794,0,0,0,-10.37,-2.94,-6.38,12.69,0.3,11,2.05,-3.56,zeitstopp,1,4
backtest,SBUX,2018-11-19,2018-11-27,2018,14:00,1,0,QQQ,4h,-4,nan,nan,13.9,-0.65,0,1,6,-0.65,0.98,8.25,15.93,22.65,1,7.36,0.9,-0.11,16.82,27.09,20.34,0.01,2.51,3.76,bullish,15.54,1.5,-3.28,0.801,6,-3.28,0.801,6,0,0,-10.68,-3.19,-6.62,36.1,-1.1,5,0.45,-4.33,stopp,0,3
backtest,XEL,2018-11-20,2018-12-07,2018,10:00,0,0,QQQ,4h,3.7,nan,nan,13.9,-2.02,0,1,1,-2.02,0.911,2.8,5.26,12.14,1,1.69,1.22,1.0,5.63,8.57,20.1,-0.84,1.89,2.36,bullish,3.38,1.25,-2.64,0.236,1,-2.64,0.236,1,0,0,-13.58,-6.81,-9.98,20.61,1.59,11,4.48,-1.36,zeitstopp,1,4
backtest,ESRX,2018-11-26,2018-12-12,2018,14:00,1,0,QQQ,4h,0.3,-3.2,5,2.9,-3.12,0,1,11,-3.12,0.921,0.34,1.67,18.29,1,3.59,2.22,-0.67,1.47,10.12,25.6,0.51,1.82,2.75,bullish,3.3,1.51,-7.45,0.582,11,-7.45,0.582,11,0,0,-15.1,-6.93,-12.6,25.99,0.12,11,4.55,-2.83,zeitstopp,1,2
backtest,WBA,2018-11-28,2018-12-14,2018,14:00,1,0,QQQ,4h,-5.6,-2.4,5,2.9,-14.69,0,0,485,0.55,1.018,3.72,9.67,23.17,1,6.8,1.19,1.95,9.3,21.2,33.01,0.57,2.11,7.39,bullish,12.14,3.5,-2.57,1.215,0,-2.57,1.215,0,0,0,-12.85,0.13,-11.31,36.65,-0.82,11,2.76,-6.62,zeitstopp,0,3
backtest,FAST,2018-11-29,2018-12-17,2018,14:00,1,0,QQQ,4h,-8.6,-0.7,988,13.9,-2.91,0,1,69,-2.91,0.874,6.57,7.97,9.42,1,-2.25,0.44,6.66,15.1,1.23,12.62,-0.29,2.59,8.13,bearish,-2.6,3.14,-18.75,0.983,55,-20.86,0.861,69,0,0,-10.04,1.68,-9.5,11.85,-1.14,11,2.63,-10.78,stopp,0,5
backtest,ORLY,2018-11-29,2018-12-04,2018,14:00,1,0,QQQ,4h,-3,-5.9,8,13.9,-1.62,0,1,9,-1.62,0.959,3.75,4.62,21.59,1,0.8,2.88,6.78,8.59,7.84,33.21,-0.44,2.74,3.09,bullish,3.87,1.13,-7.54,0.784,9,-7.54,0.784,9,0,0,-10.04,1.68,-9.5,19.16,-1.0,3,1.2,-4.0,stopp,0,5
backtest,XLNX,2018-11-29,2018-12-17,2018,14:00,1,0,QQQ,4h,-2,-4.2,16,2.9,-0.75,0,1,0,-0.75,0.977,4.9,11.84,24.62,1,5.3,2.37,7.69,11.61,17.01,35.1,-0.68,3.38,9.63,bullish,9.01,2.85,-3.56,0.79,0,-3.56,0.79,0,0,0,-10.04,1.68,-9.5,29.29,-0.22,11,5.09,-5.15,zeitstopp,1,5
backtest,MSFT,2018-12-12,2018-12-21,2018,14:00,1,0,QQQ,4h,-7.4,-3,65,13.9,-5.13,0,0,47,-5.13,0.822,2.45,1.6,7.38,1,-1.69,1.69,-3.12,-0.47,-1.96,8.06,1.07,3.11,6.71,bullish,1.49,2.16,-14.12,0.637,47,-14.12,0.637,47,0,0,-12.76,-4.61,-10.49,9.53,-1.18,7,1.38,-11.2,stopp,0,0
backtest,ESRX,2018-12-14,2018-12-20,2018,10:00,1,0,QQQ,4h,-6.7,0.3,2,2.9,-2.67,0,1,7,-2.67,0.922,1.03,2.28,18.17,1,2.09,2.76,0.99,2.14,8.36,20.32,0.06,2.26,5.77,bullish,1.29,2.55,-7.06,0.621,7,-7.06,0.621,7,0,0,-11.96,-0.82,-10.37,20.89,-1.24,4,0.98,-6.97,stopp,0,1
backtest,NTES,2018-12-21,2019-01-03,2018,14:00,1,0,QQQ,4h,-9.1,-1.8,344,14.0,-33.54,0,0,250,-33.54,0.341,5.95,11.23,3.2,0,4.13,-2.58,-6.91,4.18,10.83,-6.78,5.69,4.34,8.28,bullish,6.47,1.91,-10.88,0.717,5,-31.59,0.764,103,0,0,-18.79,-4.32,-17.41,34.19,-1.19,7,1.51,-12.19,stopp,0,2
backtest,DLTR,2018-12-27,2019-05-13,2018,14:00,1,0,QQQ,4h,18.6,-6.5,325,14.0,-25.81,0,0,227,-25.81,0.205,1.65,2.09,-2.29,0,0.96,-1.94,2.52,5.86,3.24,3.37,-1.68,2.62,6.33,bullish,1.3,2.42,-8.68,0.622,16,-18.01,0.448,89,0,0,-18.47,-6.14,-16.97,24.33,3.12,93,28.97,-1.33,struktur,0,3
backtest,TSLA,2018-12-27,2019-01-04,2018,10:00,1,0,QQQ,4h,-5,30.8,582,8.5,-17.3,0,0,320,-16.84,0.543,-7.13,-3.03,3.09,1,8.13,0.37,-3.25,-5.75,8.34,-4.65,-1.19,5.28,4.36,bullish,3.47,0.83,-22.5,0.329,12,-36.05,0.533,97,0,0,-18.47,-6.14,-16.97,30.48,-1.2,5,5.28,-7.7,stopp,0,3
backtest,XLNX,2018-12-27,2019-03-11,2018,10:00,1,0,QQQ,4h,44.9,-2,10,3.0,-12.33,0,0,15,-12.33,0.653,-5.25,-1.22,12.37,1,5.0,2.53,-4.49,-4.26,10.62,30.35,-2.09,4.31,6.39,bullish,4.4,1.48,-16.76,0.264,15,-16.76,0.264,15,0,0,-18.47,-6.14,-16.97,33.23,7.48,49,53.55,-2.84,struktur,1,3
backtest,TMUS,2019-01-07,2019-01-23,2019,14:00,1,0,QQQ,4h,-0.8,-4.2,670,11.7,-5.1,0,0,65,-5.1,0.772,4.05,1.17,6.1,1,-2.45,0.31,7.73,1.38,-2.16,12.37,-0.25,3.1,8.96,bullish,0.81,2.89,-15.29,0.68,38,-15.48,0.67,65,0,0,-16.45,-5.46,-15.74,16.12,-0.09,11,2.58,-2.5,zeitstopp,0,0
backtest,REGN,2019-01-10,2019-01-28,2019,18:00,1,0,QQQ,4h,2,3.2,535,14.0,-32.83,0,0,864,-2.28,0.93,9.12,12.61,15.09,1,-1.46,1.14,7.29,5.82,1.38,9.09,1.86,3.39,5.69,bullish,7.99,1.68,-1.46,1.948,0,-21.35,0.893,89,0,0,-14.0,-1.1,-9.92,12.55,0.37,11,3.68,-3.4,zeitstopp,0,1
backtest,INCY,2019-01-15,2019-04-04,2019,14:00,1,0,QQQ,4h,11.9,nan,nan,14.0,-50.73,0,0,461,-21.76,0.468,12.85,13.74,11.57,0,1.59,-3.15,-0.9,9.29,19.09,4.77,2.6,4.1,4.79,bullish,11.49,1.17,-5.36,0.66,4,-5.36,0.66,4,0,0,-14.83,-3.26,-5.82,26.46,2.6,55,17.73,-1.86,struktur,0,2
backtest,VRTX,2019-01-17,2019-02-04,2019,18:00,1,0,QQQ,4h,-0.3,-6.4,84,14.0,-2.63,0,1,73,-2.63,0.899,11.28,10.5,12.08,1,-1.39,0.09,2.11,12.02,4.78,1.95,1.96,2.83,4.72,bullish,0.59,1.67,-3.07,1.16,3,-22.12,0.881,73,0,1,-13.18,3.42,-5.46,10.83,-0.07,11,3.17,-2.79,zeitstopp,1,2
backtest,NFLX,2019-01-25,2019-02-11,2019,18:00,1,0,QQQ,4h,3.4,-8.1,108,14.1,-19.99,0,0,148,-19.99,0.559,9.36,17.58,1.12,0,-1.5,0.17,-7.03,39.67,-0.87,-8.58,3.65,4.61,7.35,bullish,20.13,1.59,-11.22,0.497,5,-40.22,0.69,77,0,1,-12.72,13.73,-5.89,5.33,0.49,11,6.32,-3.09,zeitstopp,0,1
backtest,AVGO,2019-01-30,2019-02-14,2019,14:00,1,0,QQQ,4h,3.6,0.3,436,9.5,-0.07,0,1,293,0.76,1.027,7.31,11.06,16.25,1,4.94,0.83,3.11,5.02,21.1,22.66,1.71,2.75,5.79,bearish,-0.14,2.11,-3.79,1.2,1,-3.79,1.2,1,0,1,-13.6,5.62,-5.28,27.84,0.66,11,4.41,-2.21,zeitstopp,1,1
backtest,REGN,2019-01-31,2019-02-15,2019,18:00,1,0,QQQ,4h,-1.5,2,3,14.1,-29.94,0,0,878,0.6,1.018,5.06,12.09,18.14,1,5.33,2.09,4.66,12.43,25.04,13.03,1.1,2.56,9.07,bullish,6.48,3.54,-6.83,1.088,6,-6.83,1.088,6,0,1,-11.4,7.4,-0.3,25.42,-0.19,11,1.6,-5.95,zeitstopp,0,3
backtest,WDAY,2019-01-31,2019-02-15,2019,14:00,1,0,QQQ,4h,6.1,-3.4,280,6.3,3.27,1,1,5,3.27,1.084,8.86,15.45,30.1,1,9.85,2.89,0.56,8.1,43.08,39.32,5.37,2.73,11.71,bullish,2.01,4.29,-6.62,1.494,5,-6.62,1.494,5,0,1,-11.4,7.4,-0.3,43.51,0.58,11,6.31,-1.43,struktur,1,3
backtest,FISV,2019-02-06,2019-02-22,2019,14:00,1,0,QQQ,4h,-0.2,0.3,925,14.1,-0.63,0,1,6,-0.63,0.976,7.44,10.99,10.96,0,0.63,1.08,1.77,16.48,13.62,11.62,0.0,2.9,4.47,bullish,6.97,1.54,-3.92,0.839,6,-3.92,0.839,6,1,1,-8.54,8.19,-0.31,13.97,-0.05,11,1.39,-2.6,zeitstopp,1,3
backtest,LULU,2019-02-12,2019-02-28,2019,18:00,1,0,QQQ,4h,-3.8,nan,nan,11.5,-5.28,0,0,90,-5.28,0.903,5.95,16.82,19.0,1,3.77,4.4,2.15,13.34,4.58,16.88,4.21,2.26,10.21,bullish,9.09,4.52,-6.38,1.336,11,-32.82,0.839,90,0,1,-9.94,4.8,-3.81,8.73,-0.41,11,1.65,-6.77,zeitstopp,0,1
backtest,VRSN,2019-02-13,2019-03-01,2019,10:00,1,0,QQQ,4h,2.2,nan,nan,14.1,-0.96,0,1,67,-0.96,0.975,4.32,10.58,17.73,1,3.73,3.26,0.29,11.01,8.84,13.97,0.44,1.77,3.96,bullish,9.19,2.24,-3.1,0.91,2,-21.49,0.955,67,0,1,-8.61,7.3,-1.77,10.8,0.58,11,3.27,-0.93,zeitstopp,1,2
backtest,AMD,2019-02-15,2019-03-05,2019,10:00,1,0,QQQ,4h,0.2,nan,nan,14.1,-45.46,0,0,3260,-31.78,0.568,5.15,13.59,15.14,1,3.52,6.33,2.03,17.23,21.54,15.53,0.69,5.42,5.64,bullish,17.26,1.04,-11.42,0.355,10,-53.05,0.401,105,1,1,-8.44,5.46,3.23,17.74,0.04,11,9.57,-1.2,zeitstopp,0,3
backtest,ADSK,2019-02-25,2019-03-06,2019,14:00,1,0,QQQ,4h,-5.5,-4.3,448,14.1,1.27,1,1,0,1.27,1.041,6.99,16.82,18.03,1,5.16,1.77,0.98,18.71,28.45,19.18,1.44,1.76,4.43,bullish,6.89,2.52,-0.98,2.296,0,-0.98,2.296,0,1,1,-7.54,5.94,6.99,20.06,-1.31,7,3.18,-7.2,stopp,1,2
backtest,ALXN,2019-02-25,2019-03-12,2019,18:00,1,0,QQQ,4h,0.2,nan,nan,3.1,-29.48,0,0,788,-6.03,0.824,6.75,16.13,9.55,0,1.55,0.89,3.02,10.02,12.75,10.89,1.97,2.45,5.79,bullish,0.73,2.36,-3.16,1.453,2,-34.25,0.824,99,1,1,-7.54,5.94,6.99,5.39,0.04,11,4.57,-4.97,zeitstopp,0,2
backtest,WDAY,2019-02-25,2019-03-05,2019,10:00,1,0,QQQ,4h,-8,6.1,10,6.4,0.61,1,1,0,0.61,1.015,5.72,14.57,35.49,1,10.64,4.14,3.27,13.73,56.93,34.27,0.67,2.32,5.77,bullish,17.56,2.49,-2.33,1.263,0,-2.33,1.263,0,1,1,-7.54,5.94,6.99,46.68,-1.47,6,2.04,-10.45,stopp,1,2
backtest,ADP,2019-02-28,2019-03-08,2019,18:00,1,0,QQQ,4h,-2.4,-6.4,140,14.1,-0.71,0,1,2,-0.71,0.977,3.81,11.25,10.54,0,1.57,2.16,1.61,14.16,9.2,7.65,0.31,1.25,4.68,bullish,0.67,3.74,-1.87,0.621,2,-1.87,0.621,2,1,1,-7.17,7.44,9.34,-0.13,-0.53,6,0.62,-2.95,struktur,0,3
backtest,REGN,2019-03-01,2019-03-08,2019,18:00,1,0,QQQ,4h,-7.1,-1.5,14,14.2,-27.63,0,0,898,0.95,1.027,4.45,9.14,18.27,1,6.09,3.18,2.9,2.58,21.96,10.89,1.8,2.02,6.53,bullish,8.83,3.23,-1.32,1.722,0,-1.32,1.722,0,1,1,-7.38,4.53,6.63,14.38,-1.15,5,0.8,-8.87,stopp,0,4
backtest,SBUX,2019-03-05,2019-03-20,2019,18:00,1,0,QQQ,4h,0.3,-4,98,14.2,-0.69,0,1,5,-0.69,0.98,2.04,7.61,21.66,1,2.61,2.37,-0.14,4.71,6.73,34.65,0.87,1.28,3.6,bullish,0.74,2.81,-3.18,0.782,5,-3.18,0.782,5,1,1,-6.72,4.16,3.69,2.94,0.09,11,1.16,-3.55,zeitstopp,1,5
backtest,INTU,2019-03-11,2019-03-26,2019,17:00,1,0,QQQ,4h,2.2,4.2,83,14.2,-0.83,0,1,4,-0.83,0.976,4.07,13.29,17.73,1,7.45,2.57,-1.81,11.27,18.68,12.94,1.72,2.05,3.11,bearish,-1.59,1.52,-4.83,0.829,4,-4.83,0.829,4,0,1,-8.46,1.75,3.58,14.58,0.74,11,4.24,-1.43,zeitstopp,1,3
backtest,KLAC,2019-03-11,2019-03-26,2019,17:00,1,0,QQQ,4h,3.6,3,515,14.2,-3.38,0,1,248,-3.38,0.899,3.93,14.04,14.29,1,8.57,0.8,-1.58,8.79,19.63,-2.64,2.17,2.18,4.34,bullish,4.05,1.99,-4.53,0.751,4,-4.53,0.751,4,0,1,-8.46,1.75,3.58,15.49,0.87,11,7.1,-1.48,zeitstopp,1,3
backtest,SNPS,2019-03-11,2019-06-04,2019,17:00,1,0,QQQ,4h,8.6,nan,nan,14.2,0.74,1,1,11,0.74,1.031,2.87,11.07,13.58,1,6.49,1.56,0.01,4.82,15.37,2.51,1.72,1.81,4.65,bullish,11.03,2.57,-5.34,1.138,11,-5.34,1.138,11,0,1,-8.46,1.75,3.58,11.38,1.95,59,18.24,-1.38,struktur,1,3
backtest,CSCO,2019-03-12,2019-03-27,2019,09:00,1,0,QQQ,4h,2.2,-6.8,152,14.2,0.14,1,1,6,0.14,1.006,3.83,11.09,15.67,1,4.41,1.45,1.49,10.02,8.13,11.41,0.47,1.52,4.31,bullish,6.82,2.84,-3.03,1.045,6,-3.03,1.045,6,1,1,-6.56,3.66,5.0,2.98,0.53,11,3.97,-0.92,zeitstopp,1,5
backtest,MELI,2019-03-12,2019-03-27,2019,09:00,1,0,QQQ,4h,2.5,-15.5,204,11.6,-1.19,0,1,0,-1.19,0.975,17.31,30.76,42.23,1,9.23,2.68,3.73,38.32,37.24,49.99,-0.65,4.29,10.63,bullish,5.93,2.48,-6.8,0.825,0,-6.8,0.825,0,1,1,-6.56,3.66,5.0,30.71,0.26,11,7.72,-1.22,zeitstopp,1,5
backtest,PYPL,2019-03-13,2019-03-28,2019,17:00,1,0,QQQ,4h,3.2,-4.6,154,3.7,0.84,1,1,7,0.84,1.029,4.31,8.58,15.13,1,5.41,2.24,1.0,5.19,17.8,9.77,2.86,1.6,7.18,bullish,3.55,4.49,-4.97,1.169,7,-4.97,1.169,7,1,1,-6.05,4.33,9.18,7.89,0.47,11,4.26,-2.14,zeitstopp,1,6
backtest,ADI,2019-03-15,2019-04-01,2019,17:00,0,0,QQQ,4h,-3.2,-3.3,795,14.2,0.53,1,1,8,0.53,1.017,3.31,11.85,18.11,1,8.86,1.73,2.43,4.2,22.75,17.31,1.67,1.7,6.77,bullish,16.3,3.98,-4.9,1.108,8,-4.9,1.108,8,1,1,-5.5,3.33,8.32,13.32,-0.51,11,0.96,-6.14,zeitstopp,1,6
backtest,VRSN,2019-03-22,2019-04-08,2019,13:00,1,0,QQQ,4h,2.5,2.2,21,14.2,-0.77,0,1,0,-0.77,0.98,2.64,6.81,18.47,1,7.44,3.45,2.18,5.33,23.56,13.78,-0.57,1.6,3.77,bearish,-9.05,2.36,-2.29,0.665,0,-2.29,0.665,0,1,1,-2.19,6.57,15.78,6.72,0.7,11,3.01,-3.23,zeitstopp,1,3
backtest,XEL,2019-03-22,2019-04-08,2019,17:00,1,0,QQQ,4h,-2,3.7,105,14.2,-0.08,0,1,4,-0.08,0.997,2.86,7.44,16.95,1,4.17,2.51,0.57,3.85,11.33,19.13,0.64,1.14,3.59,bullish,6.71,3.15,-2.57,0.968,4,-2.57,0.968,4,1,1,-2.19,6.57,15.78,-3.84,-0.58,11,1.17,-3.7,zeitstopp,1,3
backtest,ULTA,2019-03-25,2019-05-02,2019,17:00,0,0,QQQ,4h,-0.6,-0.4,146,11.4,-2.41,0,1,5,-2.41,0.943,5.9,11.17,23.3,1,10.2,2.5,-2.33,6.37,38.16,15.1,1.93,2.72,11.83,bullish,8.3,4.35,-5.28,0.543,5,-5.28,0.543,5,1,1,-4.34,3.47,16.09,19.01,-0.05,27,6.76,-1.79,struktur,1,2
backtest,ADP,2019-03-27,2019-04-11,2019,13:00,1,0,QQQ,4h,2.9,-2.4,19,14.2,0.1,1,1,0,0.1,1.003,2.22,6.93,11.33,1,6.83,1.85,1.02,2.7,25.24,4.8,0.14,1.23,3.43,bullish,3.85,2.79,-1.3,1.075,0,-1.3,1.075,0,1,1,-4.07,3.27,21.9,2.74,0.89,11,4.02,-0.92,zeitstopp,1,4
backtest,PAYX,2019-03-27,2019-04-11,2019,13:00,1,0,QQQ,4h,1.6,-3.2,926,14.2,-0.09,0,1,0,-0.09,0.997,2.74,7.53,14.51,1,7.63,2.06,1.25,5.28,26.47,8.23,0.0,1.34,3.88,bullish,3.37,2.9,-1.27,0.932,0,-1.27,0.932,0,1,1,-4.07,3.27,21.9,3.74,0.43,11,1.86,-2.97,zeitstopp,1,4
backtest,AVGO,2019-03-29,2019-05-21,2019,09:00,1,0,QQQ,4h,-8,3.6,43,9.6,-0.73,0,1,0,-0.73,0.98,7.14,9.99,25.5,1,5.76,1.76,0.77,9.58,21.6,23.13,0.67,2.73,3.99,bullish,10.88,1.46,-2.52,0.71,0,-2.52,0.71,0,1,1,-4.47,3.14,17.17,3.78,-2.08,36,7.34,-10.78,stopp,1,6
backtest,MELI,2019-03-29,2019-04-15,2019,17:00,1,0,QQQ,4h,-1,2.5,2,11.6,-1.35,0,1,11,-1.35,0.973,5.44,23.71,45.76,1,19.94,5.5,-1.45,8.36,76.41,55.54,2.17,3.48,7.09,bullish,37.32,2.04,-6.97,0.806,11,-6.97,0.806,11,1,1,-4.47,3.14,17.17,50.56,-0.15,11,3.77,-3.36,zeitstopp,1,6
backtest,CDNS,2019-04-01,2019-04-16,2019,10:00,1,0,QQQ,4h,-2.2,-7.7,423,14.2,5.32,1,1,0,5.32,1.12,9.9,21.76,42.29,1,14.83,4.02,2.83,9.24,46.3,41.29,5.4,1.69,10.66,bearish,-5.24,6.31,-1.2,5.447,0,-1.2,5.447,0,1,1,-3.75,3.21,17.6,24.41,-0.23,11,-1.94,-5.81,zeitstopp,1,8
backtest,CSCO,2019-04-01,2019-04-16,2019,14:00,0,0,QQQ,4h,4.6,2.2,5,14.2,0.44,1,1,6,0.44,1.016,3.52,9.42,18.83,1,8.61,2.21,2.37,5.02,26.8,13.15,0.88,1.54,4.32,bullish,4.11,2.81,-3.65,1.119,6,-3.65,1.119,6,1,1,-3.75,3.21,17.6,7.82,1.11,11,6.29,-0.14,zeitstopp,1,8
backtest,INTU,2019-04-01,2019-04-16,2019,14:00,0,0,QQQ,4h,-0.7,2.2,6,14.2,0.96,1,1,0,0.96,1.026,4.14,11.2,21.97,1,10.41,2.63,3.45,4.39,32.84,18.18,1.04,1.69,5.4,bearish,-1.59,3.2,-1.01,1.944,0,-1.01,1.944,0,1,1,-3.75,3.21,17.6,12.96,-0.14,11,3.03,-2.85,zeitstopp,1,8
backtest,PYPL,2019-04-01,2019-04-16,2019,14:00,0,0,QQQ,4h,3.6,3.2,4,3.7,0.28,1,1,0,0.28,1.009,4.97,9.34,18.88,1,6.32,2.08,2.54,5.1,23.16,15.57,1.12,1.87,4.24,bullish,3.55,2.27,-1.18,1.24,0,-1.18,1.24,0,1,1,-3.75,3.21,17.6,4.73,0.89,11,3.81,-2.24,zeitstopp,1,8
backtest,AMD,2019-04-03,2019-04-18,2019,10:00,0,0,QQQ,4h,1.4,0.2,29,14.2,-36.25,0,0,3292,-20.27,0.724,10.68,15.32,23.84,1,10.38,4.89,4.13,13.83,44.91,-13.4,1.76,4.83,12.0,bullish,10.15,2.48,-12.66,0.75,8,-49.76,0.705,125,1,1,-2.1,4.88,18.67,22.11,0.13,11,10.03,-0.96,zeitstopp,0,9
backtest,XLNX,2019-04-09,2019-04-26,2019,14:00,1,0,QQQ,4h,-9.8,44.9,29,3.3,-2.03,0,1,3,-2.03,0.962,1.15,5.54,43.17,1,13.53,6.92,0.13,6.53,45.18,59.12,-1.46,2.36,1.95,bullish,0.06,0.83,-2.93,0.309,3,-2.93,0.309,3,1,1,-0.82,6.14,17.32,23.75,-5.09,12,10.62,-13.82,stopp,1,5
backtest,ADSK,2019-04-10,2019-04-26,2019,18:00,1,0,QQQ,4h,3.3,-5.5,35,14.3,0.46,1,1,27,0.46,1.015,7.19,8.27,19.31,1,6.48,1.6,1.65,7.91,24.79,9.91,1.66,2.28,5.16,bullish,5.99,2.26,-11.56,1.04,27,-11.56,1.04,27,1,1,-1.17,5.19,15.86,7.71,0.66,11,4.5,-2.96,zeitstopp,1,6
backtest,ADI,2019-04-11,2019-04-29,2019,14:00,1,0,QQQ,4h,1.9,-3.2,10,14.3,-0.05,0,1,0,-0.05,0.999,3.19,5.7,19.0,1,8.26,1.14,2.03,3.69,28.88,30.96,-0.0,2.02,3.72,bullish,18.04,1.84,-1.94,0.977,0,-1.94,0.977,0,1,1,-0.64,4.97,15.54,11.55,0.54,11,5.77,-0.8,zeitstopp,1,4
backtest,FAST,2019-04-11,2019-05-24,2019,18:00,1,0,QQQ,4h,-7,-8.6,115,14.3,1.57,1,1,2,1.57,1.051,6.43,8.47,20.21,1,6.02,2.25,-0.96,4.0,21.84,16.75,4.53,1.57,11.81,bullish,0.68,7.52,-4.46,1.353,2,-4.46,1.353,2,1,1,-0.64,4.97,15.54,5.46,-0.66,30,6.13,-9.28,struktur,1,4
backtest,LULU,2019-04-15,2019-05-01,2019,18:00,1,0,QQQ,4h,2.1,-3.8,46,11.7,-0.16,0,1,5,-0.16,0.997,8.75,13.15,23.11,1,4.62,2.59,0.3,19.81,28.54,20.76,1.62,3.07,5.34,bullish,12.31,1.74,-4.26,0.963,5,-4.26,0.963,5,1,1,-0.44,4.38,15.86,10.95,0.41,11,3.98,-2.72,zeitstopp,1,4
backtest,QCOM,2019-04-17,2019-05-20,2019,10:00,1,0,QQQ,4h,3.8,-5.9,492,14.3,0.4,1,1,144,0.4,1.011,29.68,36.87,27.26,0,3.85,0.18,22.65,23.66,27.88,12.06,6.61,2.74,35.98,bullish,1.93,13.13,-19.34,1.297,0,-19.34,1.297,0,1,1,-0.22,4.16,15.06,11.14,0.14,22,20.28,1.28,struktur,1,5
backtest,INTU,2019-04-23,2019-04-30,2019,18:00,1,0,QQQ,4h,-5.9,-0.7,7,14.3,-2.82,0,1,12,-2.82,0.922,1.51,5.2,19.77,1,8.1,2.57,0.59,3.71,22.53,20.03,0.92,1.69,4.73,bearish,-3.51,2.8,-6.28,0.55,12,-6.28,0.55,12,1,1,-0.04,5.24,13.93,7.56,-1.31,5,1.27,-9.73,stopp,0,3
backtest,PAYX,2019-04-23,2019-05-08,2019,18:00,0,0,QQQ,4h,0.9,1.6,12,14.3,0.02,1,1,3,0.02,1.001,2.27,5.43,16.11,1,5.96,1.96,-0.67,4.04,17.68,20.45,1.28,0.99,2.95,bullish,16.09,2.98,-1.86,1.01,3,-1.86,1.01,3,1,1,-0.04,5.24,13.93,3.29,0.31,11,2.66,-1.6,zeitstopp,1,3
backtest,KLAC,2019-04-24,2019-05-08,2019,18:00,0,0,QQQ,4h,-7.8,3.6,29,14.3,0.18,1,1,3,0.18,1.005,2.97,6.93,21.37,1,8.55,1.61,0.74,3.15,33.06,36.89,2.37,1.73,4.0,bullish,0.27,2.31,-2.69,1.069,3,-2.69,1.069,3,1,1,-0.12,6.78,17.73,13.02,-2.03,10,2.35,-9.4,stopp,1,5
backtest,VRSN,2019-04-24,2019-05-09,2019,18:00,0,0,QQQ,4h,0.5,2.5,16,14.3,-0.6,0,1,5,-0.6,0.985,1.74,4.57,18.21,1,4.72,3.04,0.13,4.42,16.08,33.12,0.41,1.34,3.95,bullish,2.93,2.95,-3.41,0.825,5,-3.41,0.825,5,1,1,-0.12,6.78,17.73,-1.4,0.13,11,6.96,-1.27,zeitstopp,1,5
backtest,PYPL,2019-04-25,2019-05-10,2019,14:00,0,0,QQQ,4h,0.2,3.6,9,3.8,0.05,1,1,6,0.05,1.001,2.6,7.72,20.85,1,6.27,2.5,-0.91,3.95,18.48,26.47,1.71,1.71,4.83,bullish,9.6,2.82,-3.6,1.013,6,-3.6,1.013,6,1,1,-0.52,5.95,17.21,1.08,0.03,11,4.25,-1.65,zeitstopp,1,5
backtest,ALGN,2019-04-26,2019-05-13,2019,18:00,1,0,QQQ,4h,0,-10.5,197,14.3,-21.68,0,0,145,-21.68,0.609,8.17,16.32,9.19,0,9.63,-2.18,8.43,10.33,34.47,-5.56,5.27,3.76,16.15,bullish,13.1,4.3,-9.3,0.877,0,-9.3,0.877,0,1,1,-0.39,7.07,16.93,15.0,-0.0,11,6.65,-4.64,zeitstopp,0,7
backtest,WDAY,2019-04-26,2019-05-13,2019,10:00,1,0,QQQ,4h,-0.3,-8,52,6.5,-0.5,0,1,38,-0.5,0.988,3.49,4.44,25.93,1,3.12,4.43,4.08,4.82,16.13,53.27,0.09,2.44,9.1,bearish,-1.07,3.73,-12.25,0.959,38,-12.25,0.959,38,1,1,-0.39,7.07,16.93,-0.68,-0.03,11,4.69,-3.89,zeitstopp,1,7
backtest,AMD,2019-05-01,2019-05-08,2019,10:00,1,0,QQQ,4h,-8.9,1.4,13,14.3,-32.08,0,0,3311,-15.06,0.78,3.76,12.68,25.38,1,9.59,5.49,-1.22,4.82,43.53,43.38,4.96,3.06,8.29,bearish,-3.64,2.71,-10.05,0.684,18,-10.05,0.684,18,1,1,-0.93,4.12,17.52,22.13,-1.17,5,0.52,-9.62,stopp,0,8
backtest,MCHP,2019-05-01,2019-05-09,2019,18:00,1,0,QQQ,4h,-10.8,-2.9,534,14.3,-2.32,0,1,223,-2.32,0.944,4.99,11.54,23.72,1,5.81,0.22,1.76,14.21,26.17,61.24,0.54,2.06,6.69,bullish,14.36,3.25,-5.18,1.03,8,-5.18,1.03,8,1,1,-0.93,4.12,17.52,7.36,-1.73,6,0.91,-13.6,stopp,0,8
backtest,HAS,2019-05-03,2019-05-14,2019,14:00,1,0,QQQ,4h,-7.3,nan,nan,14.3,-5.76,0,0,447,-3.14,0.893,12.15,17.67,13.18,0,1.76,0.19,2.73,22.27,15.11,14.85,0.43,2.86,5.03,bearish,-2.11,1.76,-1.63,1.195,0,-1.63,1.195,0,1,1,-1.68,2.36,12.07,2.72,-1.52,7,0.96,-7.94,stopp,0,8
backtest,LULU,2019-05-03,2019-05-14,2019,18:00,0,0,QQQ,4h,-5.5,2.1,2,11.8,-0.63,0,1,6,-0.63,0.987,3.17,12.09,24.37,1,6.23,3.36,-0.42,6.22,19.44,29.93,1.03,1.87,2.71,bullish,3.82,1.45,-2.84,0.778,6,-2.84,0.778,6,1,1,-1.68,2.36,12.07,6.58,-2.09,7,0.34,-6.81,stopp,0,8
backtest,SBUX,2019-05-07,2019-05-22,2019,18:00,0,0,QQQ,4h,-1.1,0.3,48,14.3,0.02,1,1,1,0.02,1.001,2.55,6.43,23.55,1,4.18,4.47,1.5,4.04,16.11,35.38,0.46,1.45,3.21,bullish,1.88,2.21,-1.76,1.014,1,-1.76,1.014,1,1,1,-0.72,2.86,12.24,3.45,-0.35,11,2.04,-2.53,zeitstopp,1,4
backtest,AMD,2019-05-13,2019-05-24,2019,10:00,1,0,QQQ,4h,-1.5,-8.9,5,14.3,-36.74,0,0,3319,-20.88,0.682,-2.39,2.75,14.62,1,6.53,5.18,-0.92,0.61,21.3,35.2,-3.4,4.49,4.81,bearish,-2.67,1.07,-13.09,0.25,26,-13.09,0.25,26,1,1,-3.3,-0.02,9.95,10.32,-0.32,9,5.37,-3.63,struktur,0,6
backtest,CHTR,2019-05-13,2019-05-29,2019,14:00,1,0,QQQ,4h,1.1,-4.9,608,9.3,-9.01,0,0,440,-1.68,0.947,1.32,4.1,14.81,1,2.71,2.18,0.06,6.37,9.8,17.84,-1.56,1.8,2.02,bullish,2.81,1.12,-3.29,0.49,7,-3.29,0.49,7,1,1,-3.3,-0.02,9.95,-0.14,0.54,11,4.14,-1.25,zeitstopp,0,6
backtest,MDLZ,2019-05-13,2019-05-29,2019,10:00,1,0,QQQ,4h,-1.3,1.6,1096,14.3,-1.78,0,1,7,-1.78,0.936,1.76,4.71,16.28,1,3.22,2.22,0.21,4.43,11.18,20.79,-0.45,1.4,3.16,bullish,5.1,2.26,-3.82,0.535,7,-3.82,0.535,7,1,1,-3.3,-0.02,9.95,1.12,-0.42,11,2.61,-2.1,zeitstopp,1,6
backtest,MELI,2019-05-13,2019-08-01,2019,10:00,1,0,QQQ,4h,13.6,-1,28,11.7,-6.71,0,0,5,-6.71,0.881,7.5,10.24,45.58,1,12.56,5.21,-3.64,10.74,60.38,65.93,-1.41,4.73,6.66,bullish,13.69,1.41,-11.65,0.424,5,-11.65,0.424,5,1,1,-3.3,-0.02,9.95,45.86,2.17,56,22.28,-1.97,struktur,1,6
backtest,PYPL,2019-05-13,2019-05-29,2019,10:00,1,0,QQQ,4h,1.9,0.2,3,3.8,-4.43,0,1,7,-4.43,0.871,-0.75,3.64,18.63,1,6.32,2.62,-1.38,3.71,20.18,30.37,-1.59,2.32,2.34,bullish,14.32,1.01,-5.67,0.219,7,-5.67,0.219,7,1,1,-3.3,-0.02,9.95,9.3,0.84,11,5.52,-1.97,zeitstopp,1,6
backtest,VRSN,2019-05-13,2019-05-29,2019,14:00,0,0,QQQ,4h,2,0.5,4,14.3,-6.58,0,0,10,-6.58,0.832,-1.31,1.75,15.87,1,3.93,3.06,-1.17,2.7,12.45,23.86,-2.44,2.23,1.42,bullish,9.44,0.64,-6.96,0.054,10,-6.96,0.054,10,1,1,-3.3,-0.02,9.95,2.27,1.41,11,5.01,-1.51,zeitstopp,0,6
backtest,PAYX,2019-05-15,2019-05-31,2019,18:00,1,0,QQQ,4h,1.1,0.9,7,14.4,0.1,1,1,0,0.1,1.003,2.59,5.59,18.17,1,4.21,2.14,1.6,2.97,13.35,23.9,0.86,1.89,4.04,bullish,3.37,2.14,-2.23,1.045,0,-2.23,1.045,0,1,0,-5.63,-2.86,5.84,7.1,0.27,11,3.34,-1.37,zeitstopp,1,8
backtest,WDAY,2019-05-15,2019-05-31,2019,18:00,0,0,QQQ,4h,-0.6,-0.3,2,6.6,-1.5,0,1,10,-1.5,0.966,3.42,6.27,26.33,1,1.69,4.39,1.38,4.34,6.21,37.87,1.95,3.24,6.94,bullish,5.29,2.14,-8.2,0.817,10,-8.2,0.817,10,1,0,-5.63,-2.86,5.84,0.35,-0.1,11,6.05,-2.88,zeitstopp,1,8
backtest,CERN,2019-05-16,2019-06-03,2019,18:00,0,0,QQQ,4h,0.8,nan,nan,3.4,-5.95,0,0,397,0.18,1.006,4.74,13.08,16.36,1,6.63,0.87,0.9,8.85,20.56,19.21,1.22,2.23,4.64,bullish,5.03,2.08,-3.29,1.054,8,-3.29,1.054,8,1,1,-4.3,-1.83,7.26,12.4,0.17,11,2.2,-2.31,zeitstopp,0,10
backtest,MSFT,2019-05-16,2019-06-03,2019,18:00,0,0,QQQ,4h,-4.1,-7.4,146,14.4,-1.33,0,1,14,-1.33,0.954,2.54,7.14,17.25,1,6.22,2.17,0.78,4.73,18.93,16.43,2.48,2.07,6.41,bullish,8.73,3.1,-6.34,0.79,14,-6.34,0.79,14,1,1,-4.3,-1.83,7.26,10.88,-0.68,11,1.02,-7.85,zeitstopp,0,10
backtest,CMCSA,2019-05-17,2019-06-03,2019,18:00,0,0,QQQ,4h,-5.7,nan,nan,14.4,-1.02,0,1,14,-1.02,0.968,1.64,5.68,16.49,1,5.06,2.55,0.63,1.46,16.52,14.89,0.75,1.9,4.27,bullish,9.06,2.25,-4.14,0.754,14,-4.14,0.754,14,1,1,-3.34,-1.19,8.2,7.69,-1.39,10,0.68,-6.51,stopp,0,10
backtest,TMUS,2019-05-31,2019-06-03,2019,10:00,1,0,QQQ,4h,-3.1,-0.8,128,12.1,-6.09,0,0,7,-6.09,0.808,1.03,3.59,9.62,1,1.65,2.04,-0.42,3.33,5.29,12.65,-0.04,2.55,2.02,bullish,9.28,0.79,-7.3,0.166,7,-7.3,0.166,7,1,0,-7.61,-6.44,2.25,2.97,-1.58,1,-0.99,-3.58,stopp,0,0
backtest,CHTR,2019-06-04,2019-06-19,2019,18:00,1,0,QQQ,4h,1.5,1.1,6,9.4,-4.67,0,1,455,0.6,1.018,3.46,6.58,18.1,1,3.15,2.53,0.71,-0.01,9.12,14.9,3.2,1.59,5.53,bullish,2.39,3.48,-3.92,1.154,10,-3.92,1.154,10,0,0,-11.08,-10.98,-2.29,11.67,0.29,11,2.63,-2.88,zeitstopp,0,3
backtest,HAS,2019-06-04,2019-07-03,2019,18:00,1,0,QQQ,4h,2.9,-7.3,21,14.4,-7.61,0,0,468,-5.04,0.829,3.72,8.84,10.66,1,5.54,0.19,-1.27,-7.33,10.22,1.99,5.04,2.02,6.71,bearish,-5.3,3.32,-9.92,0.708,20,-9.92,0.708,20,0,0,-11.08,-10.98,-2.29,12.8,0.46,21,6.77,-3.08,struktur,0,3
backtest,SBUX,2019-06-04,2019-09-11,2019,14:00,1,0,QQQ,4h,18.2,-1.1,13,14.4,-3.83,0,1,10,-3.83,0.909,-0.67,0.96,16.62,1,3.64,4.19,0.09,-1.89,7.93,15.19,0.5,1.7,2.65,bullish,3.99,1.56,-6.68,0.427,10,-6.68,0.427,10,0,0,-11.08,-10.98,-2.29,10.45,7.05,69,30.18,0.08,struktur,1,3
backtest,MDLZ,2019-06-05,2019-06-20,2019,18:00,1,0,QQQ,4h,4.6,-1.3,7,14.4,0.11,1,1,12,0.11,1.004,2.63,4.5,17.34,1,3.64,2.25,2.3,1.05,11.69,18.47,1.72,1.36,5.98,bullish,0.78,4.4,-4.59,1.023,12,-4.59,1.023,12,1,0,-8.58,-7.91,0.39,11.25,0.82,11,4.93,-1.75,zeitstopp,1,7
backtest,PEP,2019-06-05,2019-06-20,2019,18:00,1,0,QQQ,4h,2.6,nan,nan,14.4,0.41,1,1,7,0.41,1.016,2.3,4.41,14.07,1,3.94,1.47,1.13,1.41,11.24,10.89,1.84,1.3,4.55,bullish,1.96,3.5,-3.1,1.134,7,-3.1,1.134,7,1,0,-8.58,-7.91,0.39,10.81,0.6,11,3.24,-1.96,zeitstopp,1,7
backtest,VRSN,2019-06-05,2019-08-26,2019,18:00,1,0,QQQ,4h,1.7,2,7,14.4,-2.14,0,1,26,-2.14,0.94,2.49,4.09,18.87,1,3.1,2.67,-0.25,-1.44,9.28,24.02,2.39,1.98,6.79,bearish,-1.9,3.43,-8.0,0.732,26,-8.0,0.732,26,1,0,-8.58,-7.91,0.39,8.86,0.27,57,11.49,-1.51,struktur,1,7
backtest,XEL,2019-06-05,2019-06-20,2019,18:00,1,0,QQQ,4h,5.4,-2,58,14.4,-2.02,0,1,6,-2.02,0.936,1.35,3.34,12.99,1,1.63,2.37,-0.43,2.25,6.0,13.81,1.1,1.44,3.33,bullish,5.13,2.31,-5.45,0.629,6,-5.45,0.629,6,1,0,-8.58,-7.91,0.39,5.59,1.66,11,6.04,-1.1,struktur,1,7
backtest,VRSK,2019-06-07,2019-06-24,2019,14:00,1,0,QQQ,4h,0.2,1.1,185,9.7,0.19,1,1,0,0.19,1.007,2.54,4.29,17.07,1,4.12,2.22,3.0,2.97,14.57,16.31,0.25,1.38,5.24,bullish,0.56,3.8,-0.97,1.199,0,-0.97,1.199,0,1,0,-7.17,-4.39,3.79,10.38,0.04,11,1.96,-2.16,zeitstopp,1,8
backtest,MSFT,2019-06-14,2019-07-01,2019,18:00,1,0,QQQ,4h,3,-4.1,11,14.4,-1.22,0,1,2,-1.22,0.96,4.11,5.85,18.11,1,3.92,1.92,3.52,5.0,15.9,22.83,0.21,1.93,2.47,bearish,-0.33,1.28,-2.63,0.536,2,-2.63,0.536,2,1,0,-4.13,0.18,3.99,11.46,1.26,11,4.37,-0.72,zeitstopp,1,5
backtest,AMD,2019-06-19,2019-06-26,2019,10:00,1,0,QQQ,4h,-2.7,-1.5,26,14.5,-27.85,0,0,3345,-10.17,0.823,4.4,8.61,24.7,1,5.8,3.66,-6.05,14.13,17.12,53.02,1.18,4.88,6.65,bullish,20.52,1.36,-14.93,0.318,6,-14.93,0.318,6,1,1,-2.57,3.59,4.11,12.49,-0.43,5,1.79,-6.95,stopp,0,2
backtest,SNPS,2019-06-19,2019-09-17,2019,18:00,0,0,QQQ,4h,4.2,8.6,15,14.5,-0.21,0,1,5,-0.21,0.994,5.89,6.79,25.65,1,2.98,2.56,-0.22,9.43,15.27,43.59,1.41,2.03,4.48,bullish,3.05,2.21,-3.53,0.94,5,-3.53,0.94,5,1,1,-2.57,3.59,4.11,10.72,0.99,62,14.9,-3.18,struktur,1,2
backtest,CTAS,2019-06-20,2019-07-08,2019,14:00,1,0,QQQ,4h,0.7,10.5,266,14.5,-0.24,0,1,3,-0.24,0.993,3.48,7.01,19.93,1,4.75,1.01,0.17,3.56,14.58,41.44,0.76,1.47,3.8,bullish,4.31,2.59,-2.92,0.918,3,-2.92,0.918,3,1,1,-2.2,2.9,4.09,10.08,0.2,11,1.39,-2.89,zeitstopp,1,3
backtest,MDLZ,2019-06-25,2019-06-28,2019,18:00,1,0,QQQ,4h,-2.1,4.6,5,14.5,-0.18,0,1,1,-0.18,0.994,3.83,6.68,20.66,1,3.5,2.66,1.06,6.14,12.57,36.01,0.51,1.31,2.11,bullish,5.15,1.61,-1.26,0.857,1,-1.26,0.857,1,1,1,-1.43,5.85,5.81,6.39,-1.03,3,0.05,-3.01,stopp,0,3
backtest,CERN,2019-06-28,2019-07-16,2019,18:00,1,0,QQQ,4h,4.1,0.8,25,3.5,-0.87,0,1,427,-0.03,0.999,2.18,5.89,20.76,1,7.97,1.12,0.06,2.34,27.3,39.57,1.74,1.55,4.4,bullish,5.62,2.84,-3.47,0.992,14,-3.47,0.992,14,1,1,-2.3,5.74,4.82,21.44,0.97,11,4.7,-1.64,zeitstopp,1,4
backtest,CDNS,2019-07-01,2019-07-17,2019,18:00,1,0,QQQ,4h,2,-2.2,76,14.5,0.24,1,1,6,0.24,1.005,7.43,8.6,36.05,1,2.69,4.24,-0.78,11.39,11.49,63.12,3.47,2.13,6.7,bullish,3.88,3.15,-5.1,1.047,6,-5.1,1.047,6,1,1,-2.18,7.59,4.17,7.03,0.32,11,3.19,-1.21,zeitstopp,1,4
backtest,IDXX,2019-07-01,2019-07-17,2019,18:00,1,0,QQQ,4h,1.5,-5.6,269,14.5,0.31,1,1,6,0.31,1.008,4.77,10.88,26.4,1,7.39,0.91,0.51,10.23,23.14,46.49,1.5,1.82,5.12,bullish,21.67,2.81,-3.62,1.084,6,-3.62,1.084,6,1,1,-2.18,7.59,4.17,18.21,0.32,11,2.62,-2.17,zeitstopp,1,4
backtest,MSFT,2019-07-01,2019-07-17,2019,14:00,1,0,QQQ,4h,1.1,3,0,14.5,-1.55,0,1,4,-1.55,0.952,3.22,5.98,19.85,1,4.26,2.18,-2.2,8.31,14.0,33.46,1.71,1.52,3.69,bearish,-0.33,2.43,-4.1,0.621,4,-4.1,0.621,4,1,1,-2.18,7.59,4.17,9.44,0.3,11,2.41,-0.94,zeitstopp,1,4
backtest,ADBE,2019-07-03,2019-07-19,2019,18:00,1,0,QQQ,4h,2,0.3,280,14.5,0.47,1,1,7,0.47,1.014,6.77,8.77,18.31,1,2.5,1.01,4.66,12.16,11.07,33.22,1.34,2.05,7.5,bullish,6.34,3.66,-5.59,1.084,7,-5.59,1.084,7,1,1,-0.47,8.87,4.21,6.58,0.29,11,2.51,-2.13,zeitstopp,1,5
backtest,LULU,2019-07-08,2019-07-23,2019,18:00,1,0,QQQ,4h,2.4,-5.5,55,11.9,-3.1,0,1,10,-3.1,0.926,2.85,5.2,21.26,1,2.54,2.23,1.72,7.53,6.91,47.32,0.77,2.42,6.46,bullish,7.47,2.67,-8.06,0.616,10,-8.06,0.616,10,1,1,-0.2,7.8,4.23,2.57,0.39,11,3.69,-1.64,zeitstopp,1,4
backtest,XLNX,2019-07-09,2019-08-05,2019,18:00,1,0,QQQ,4h,-8.6,-9.8,74,3.5,-17.08,0,0,51,-17.08,0.682,3.59,5.27,13.69,1,-5.98,3.76,-1.69,7.85,-9.89,33.44,0.95,3.09,3.57,bearish,-12.58,1.16,-30.79,0.445,51,-30.79,0.445,51,1,1,-0.9,5.02,2.96,-12.49,-2.49,19,13.65,-9.31,stopp,0,5
backtest,VRSK,2019-07-12,2019-07-29,2019,14:00,0,0,QQQ,4h,0.6,0.2,18,9.8,0.34,1,1,0,0.34,1.011,3.39,5.53,19.5,1,2.78,2.18,0.35,3.75,12.38,36.11,0.39,1.6,3.52,bullish,2.39,2.2,-1.19,1.286,0,-1.19,1.286,0,1,1,-0.48,5.76,3.98,8.09,0.18,11,1.34,-1.4,zeitstopp,1,3
backtest,GEN,2019-07-15,2019-07-16,2019,10:00,0,0,QQQ,4h,-13,-2.5,648,14.5,-22.07,0,0,454,-0.11,0.997,16.16,24.25,22.05,0,-2.78,1.12,2.28,30.59,7.41,28.33,1.84,2.68,3.64,bearish,-16.59,1.36,-2.65,0.958,4,-2.65,0.958,4,1,1,-0.01,5.75,4.83,2.47,-3.7,1,-9.18,-17.21,stopp,0,3
backtest,CSCO,2019-07-19,2019-08-01,2019,18:00,1,0,QQQ,4h,-3.5,4.6,94,14.5,-0.65,0,1,2,-0.65,0.98,2.38,4.99,16.4,1,0.77,2.08,0.77,3.52,3.19,33.01,0.24,1.6,8.89,bullish,2.32,5.56,-2.33,0.721,2,-2.33,0.721,2,1,1,-0.91,3.07,3.04,0.14,-0.43,9,0.38,-5.15,struktur,0,2
backtest,HAS,2019-07-23,2019-08-07,2019,14:00,1,0,QQQ,4h,0,2.9,20,14.5,-0.01,0,1,5,-0.01,1.0,4.04,7.55,19.92,1,4.2,0.51,-1.03,1.16,23.98,23.81,2.99,1.74,4.87,bullish,2.66,2.8,-3.69,0.998,5,-3.69,0.998,5,1,1,-0.85,2.33,2.68,20.75,-0.0,11,13.53,-1.22,zeitstopp,1,2
backtest,CDNS,2019-07-24,2019-08-02,2019,18:00,1,0,QQQ,4h,-3.7,2,7,14.5,-0.67,0,1,9,-0.67,0.986,2.18,8.08,33.69,1,3.64,5.23,-0.56,4.19,11.35,62.23,1.1,1.83,2.57,bullish,3.43,1.4,-5.95,0.887,9,-5.95,0.887,9,1,1,-0.21,2.99,2.05,9.11,-1.47,7,2.65,-5.9,stopp,1,4
backtest,LULU,2019-07-24,2019-08-05,2019,18:00,1,0,QQQ,4h,-9.1,2.4,1,12.0,-0.28,0,1,6,-0.28,0.993,3.3,7.08,23.99,1,2.28,1.86,-0.58,3.52,6.95,26.49,0.97,1.98,3.63,bullish,0.48,1.83,-2.8,0.901,6,-2.8,0.901,6,1,1,-0.21,2.99,2.05,4.8,-2.59,8,1.75,-9.84,stopp,1,4
backtest,CTAS,2019-07-25,2019-08-06,2019,14:00,1,0,QQQ,4h,-3.1,0.7,17,14.6,-1.46,0,1,3,-1.46,0.964,6.04,10.62,28.76,1,5.14,2.01,0.59,13.16,21.37,43.8,-0.75,1.89,2.41,bullish,11.06,1.28,-2.81,0.479,3,-2.81,0.479,3,1,1,-0.01,5.53,3.09,17.72,-1.3,8,1.67,-4.31,stopp,1,4
backtest,INTU,2019-07-26,2019-08-05,2019,18:00,1,0,QQQ,4h,-5.3,-5.9,87,14.6,-0.13,0,1,4,-0.13,0.996,3.41,8.73,21.16,1,3.86,2.26,-0.45,9.98,6.92,33.2,0.91,1.28,3.15,bullish,6.19,2.46,-2.2,0.939,4,-2.2,0.939,4,1,1,-0.95,4.04,1.7,5.12,-1.75,6,0.28,-7.82,stopp,1,5
backtest,KLAC,2019-08-01,2019-08-02,2019,18:00,1,0,QQQ,4h,-5.7,-7.8,85,14.6,0.44,1,1,5,0.44,1.01,10.8,21.63,33.46,1,4.01,2.92,-4.44,13.95,8.98,30.43,5.12,2.5,3.99,bullish,15.58,1.6,-5.81,1.076,5,-5.81,1.076,5,1,1,-2.28,0.57,1.37,7.5,-1.48,1,0.46,-8.24,stopp,1,5
backtest,MELI,2019-08-08,2019-08-23,2019,18:00,1,0,QQQ,4h,-9.7,13.6,7,12.0,1.04,1,1,33,1.04,1.017,7.5,9.65,47.2,1,5.19,7.1,-1.27,-3.12,14.45,70.94,10.75,4.07,20.97,bearish,-0.95,5.15,-15.64,1.066,33,-15.64,1.066,33,1,0,-5.78,-4.32,-0.6,15.14,-0.56,11,2.86,-13.8,zeitstopp,1,2
backtest,VRSK,2019-08-08,2019-08-23,2019,18:00,1,0,QQQ,4h,1.3,0.6,10,9.8,0.03,1,1,4,0.03,1.001,2.47,5.18,19.43,1,2.97,2.67,1.44,2.59,9.68,29.11,1.07,1.88,5.85,bullish,1.09,3.11,-4.55,1.007,4,-4.55,1.007,4,1,0,-5.78,-4.32,-0.6,10.34,0.24,11,2.68,-1.83,zeitstopp,1,2
backtest,FISV,2019-08-14,2019-08-15,2019,14:00,1,0,QQQ,4h,-1.7,-0.2,173,14.6,-2.61,0,1,8,-2.61,0.928,3.14,9.51,22.29,1,6.62,2.6,2.68,12.64,25.24,25.36,-1.43,2.83,1.76,bullish,16.0,0.62,-7.01,0.628,8,-7.01,0.628,8,1,1,-3.66,-2.46,4.58,19.76,-0.97,1,1.59,-2.49,stopp,0,2
backtest,FISV,2019-08-16,2019-09-03,2019,18:00,1,0,QQQ,4h,0.4,-1.7,1,14.6,-0.35,0,1,10,-0.35,0.99,4.65,11.26,24.74,1,6.95,2.74,0.06,8.9,20.18,25.06,1.13,2.64,5.99,bullish,16.0,2.27,-7.01,0.949,10,-7.01,0.949,10,1,0,-6.65,-5.13,-1.07,21.47,0.07,11,1.77,-2.19,zeitstopp,1,3
backtest,CTAS,2019-08-19,2019-09-04,2019,18:00,1,0,QQQ,4h,-2,-3.1,13,14.6,0.3,1,1,3,0.3,1.007,2.72,8.18,28.19,1,6.33,3.89,0.37,2.54,18.34,29.74,1.19,2.37,5.49,bullish,11.06,2.32,-3.96,1.076,3,-3.96,1.076,3,1,0,-5.15,-2.9,1.56,16.53,-0.39,11,1.06,-4.81,zeitstopp,1,2
backtest,KLAC,2019-08-22,2019-12-04,2019,18:00,1,0,QQQ,4h,11.6,-5.7,20,14.6,0.3,1,1,14,0.3,1.007,5.75,14.0,30.19,1,10.36,4.37,8.23,0.03,34.75,27.16,1.19,3.3,11.2,bullish,16.62,3.39,-13.03,1.023,14,-13.03,1.023,14,1,0,-3.54,-3.34,4.43,29.03,1.16,72,25.94,-3.5,struktur,1,3
backtest,LRCX,2019-08-23,2019-08-26,2019,10:00,1,0,QQQ,4h,-3.2,-6.9,631,14.6,-7.31,0,0,364,-3.4,0.924,3.7,8.47,21.12,1,4.32,3.74,5.8,-0.14,14.14,18.84,0.28,3.13,3.82,bullish,10.38,1.22,-12.71,0.732,21,-12.71,0.732,21,1,0,-3.85,-2.73,5.71,7.97,-0.87,1,-0.74,-5.36,stopp,0,4
backtest,AMGN,2019-08-27,2019-09-12,2019,10:00,1,0,QQQ,4h,-4.8,nan,nan,14.6,-2.12,0,1,9,-2.12,0.905,5.95,11.06,11.86,1,5.28,0.32,-0.29,17.48,22.51,9.77,0.27,3.09,5.06,bullish,11.87,1.64,-5.89,0.641,9,-5.89,0.641,9,1,0,-5.49,-5.04,4.36,17.4,-0.99,11,2.44,-5.85,zeitstopp,1,4
backtest,COST,2019-08-27,2019-09-12,2019,18:00,1,0,QQQ,4h,1.5,nan,nan,14.6,0.81,1,1,26,0.81,1.024,4.65,4.99,19.79,1,3.68,2.06,1.03,-0.6,13.05,28.31,2.93,1.99,6.16,bearish,-1.17,3.1,-7.6,1.107,26,-7.6,1.107,26,1,0,-5.49,-5.04,4.36,8.33,0.26,11,7.47,-2.19,zeitstopp,1,4
backtest,INTU,2019-08-29,2019-09-11,2019,18:00,1,0,QQQ,4h,-6.6,-5.3,24,14.6,-3.04,0,1,3,-3.04,0.921,4.42,4.85,18.29,1,3.51,2.74,2.06,1.67,13.85,14.49,1.71,2.53,5.1,bullish,3.79,2.02,-7.43,0.59,3,-7.43,0.59,3,1,0,-5.35,-3.14,4.94,8.49,-1.37,8,2.33,-7.98,stopp,0,5
backtest,LRCX,2019-08-29,2019-12-04,2019,14:00,1,0,QQQ,4h,27.9,-3.2,3,14.6,-9.31,0,0,368,-5.49,0.877,2.38,5.1,17.78,1,4.46,3.49,-2.26,-2.55,14.46,16.82,1.58,3.12,4.42,bearish,-3.19,1.42,-12.71,0.568,25,-12.71,0.568,25,1,0,-5.35,-3.14,4.94,9.08,6.59,67,39.14,-0.1,struktur,1,5
backtest,FISV,2019-09-05,2019-09-11,2019,14:00,1,0,QQQ,4h,-3.8,0.4,2,14.7,-1.08,0,1,11,-1.08,0.971,1.19,7.09,22.87,1,7.5,3.32,-0.64,3.17,20.29,24.51,1.04,1.73,2.71,bullish,1.41,1.57,-3.9,0.723,11,-3.9,0.723,11,1,0,-3.69,2.77,7.11,12.3,-1.45,4,2.35,-5.64,stopp,1,4
backtest,MELI,2019-09-06,2019-09-11,2019,14:00,1,0,QQQ,4h,-9,-9.7,14,12.1,-13.39,0,0,18,-13.39,0.788,-1.65,-3.01,23.31,1,0.71,6.34,2.98,-1.28,4.13,34.25,-0.05,3.5,6.54,bullish,4.92,1.87,-17.89,0.251,18,-17.89,0.251,18,1,1,-1.93,4.09,8.22,-3.78,-1.46,3,0.6,-11.41,stopp,0,3
backtest,TTWO,2019-09-10,2019-09-11,2019,14:00,1,0,QQQ,4h,-2,1,344,14.7,-6.23,0,0,235,-6.23,0.843,0.64,5.94,23.11,1,6.72,1.19,0.15,2.56,18.24,47.18,-0.74,2.31,1.98,bearish,-0.71,0.86,-5.61,0.407,12,-5.61,0.407,12,1,1,-2.23,2.52,4.62,13.02,-1.01,1,0.82,-7.1,stopp,0,2
backtest,MU,2019-09-11,2019-09-26,2019,14:00,1,0,QQQ,4h,-1.6,-0.1,446,14.7,-22.37,0,0,322,0.4,1.009,11.5,13.59,27.58,1,10.84,1.79,9.78,17.23,41.76,25.83,1.64,3.11,14.1,bullish,35.32,4.53,-3.0,1.132,1,-3.0,1.132,1,1,1,-2.51,3.41,4.18,36.08,-0.13,11,2.37,-4.66,zeitstopp,0,3
backtest,CMCSA,2019-09-12,2019-09-25,2019,18:00,1,0,QQQ,4h,-2.6,-5.7,101,14.7,0.64,1,1,2,0.64,1.021,5.98,7.12,16.73,1,2.14,1.84,1.93,6.76,12.5,18.49,1.27,1.8,3.16,bullish,3.79,1.76,-1.46,1.441,2,-1.46,1.441,2,1,1,-1.6,2.14,5.77,6.36,-0.83,9,0.6,-3.55,struktur,1,5
backtest,QCOM,2019-09-12,2019-09-25,2019,10:00,1,0,QQQ,4h,-6.7,3.8,115,14.7,-9.45,0,0,91,-9.45,0.796,6.9,8.6,24.55,1,2.4,2.91,4.47,11.57,15.73,46.72,0.65,2.79,5.87,bearish,-0.38,2.1,-16.89,1.022,50,-28.32,0.666,91,1,1,-1.6,2.14,5.77,9.42,-1.21,9,-0.46,-7.2,stopp,0,5
backtest,CHTR,2019-09-19,2019-09-27,2019,18:00,1,0,QQQ,4h,-3.6,1.5,92,9.7,-0.98,0,1,4,-0.98,0.973,3.55,6.29,18.2,1,1.77,2.61,0.1,8.65,6.96,17.38,0.42,1.71,2.97,bullish,3.43,1.74,-2.87,0.658,4,-2.87,0.658,4,1,1,-1.55,2.97,3.12,3.72,-1.25,6,0.63,-5.94,stopp,0,4
backtest,AMAT,2019-09-24,2019-09-30,2019,10:00,1,0,QQQ,4h,-4.8,-5.1,547,14.7,-13.81,0,0,386,-0.7,0.985,5.19,7.71,26.04,1,5.4,3.75,1.65,14.72,22.83,32.64,0.95,2.31,4.98,bullish,9.55,2.16,-3.46,0.799,2,-3.46,0.799,2,1,1,-2.39,4.84,1.45,21.08,-1.01,4,0.62,-5.94,stopp,0,2
backtest,DLTR,2019-09-24,2019-10-09,2019,14:00,1,0,QQQ,4h,-0.4,18.6,134,14.7,-2.55,0,1,413,-0.24,0.992,6.25,10.73,12.55,1,-1.2,2.21,3.52,19.19,0.63,11.24,0.22,2.22,3.4,bearish,-12.81,1.53,-2.49,0.905,0,-2.49,0.905,0,1,1,-2.39,4.84,1.45,-0.81,-0.14,11,2.57,-2.66,zeitstopp,0,2
backtest,NXPI,2019-09-26,2019-10-09,2019,10:00,1,0,QQQ,4h,-2.5,-5.7,1064,9.1,-12.2,0,0,402,-2.43,0.939,3.12,6.19,16.64,1,3.62,2.67,0.37,10.0,11.79,24.65,0.69,2.71,3.53,bullish,5.17,1.3,-7.92,0.693,9,-7.92,0.693,9,1,1,-2.6,3.27,2.52,9.04,-0.74,9,4.16,-4.9,stopp,0,3
backtest,TXN,2019-09-27,2019-10-09,2019,14:00,1,0,QQQ,4h,-1.5,0.4,605,14.7,-1.68,0,1,10,-1.68,0.952,1.27,3.49,16.48,1,4.14,3.05,-0.56,4.38,11.23,23.65,0.48,1.82,4.41,bullish,3.41,2.42,-4.88,0.656,10,-4.88,0.656,10,1,1,-2.96,2.52,1.75,9.32,-0.36,8,2.39,-3.96,struktur,1,4
backtest,MDLZ,2019-10-07,2019-10-22,2019,14:00,1,0,QQQ,4h,-4.2,-2.1,101,14.7,-1.05,0,1,20,-1.05,0.968,2.1,2.68,11.49,1,0.08,2.37,1.07,-0.64,1.49,13.8,-0.25,1.58,5.07,bullish,2.59,3.21,-5.55,0.811,20,-5.55,0.811,20,1,1,-3.25,-1.25,-0.27,1.77,-0.86,11,-0.05,-6.18,zeitstopp,0,0
backtest,ASML,2019-10-10,2019-10-25,2019,18:00,1,0,QQQ,4h,3,-8.4,471,14.8,1.04,1,1,14,1.04,1.024,3.34,10.29,27.23,1,5.1,4.4,2.49,0.42,17.98,24.71,3.43,2.12,6.54,bearish,-0.77,3.08,-5.48,1.19,14,-5.48,1.19,14,1,0,-4.06,-2.51,-2.5,21.01,0.49,11,5.76,-2.49,zeitstopp,1,1
backtest,HAS,2019-10-11,2019-10-23,2019,18:00,1,0,QQQ,4h,-17.4,0,65,14.8,-3.91,0,1,51,-3.91,0.903,2.56,5.43,21.66,1,1.93,3.47,2.44,-0.16,9.92,40.84,1.5,1.92,7.48,bearish,-1.28,3.9,-18.34,0.787,51,-18.34,0.787,51,1,1,-3.32,-2.16,-2.31,12.52,-2.5,8,1.49,-19.12,stopp,0,2
backtest,NTES,2019-10-15,2019-10-30,2019,10:00,1,0,QQQ,4h,2.8,-9.1,285,14.8,-25.61,0,0,454,-3.91,0.89,4.22,6.88,9.83,1,3.3,1.17,4.61,2.3,7.07,2.94,-0.05,3.6,10.4,bearish,-1.53,2.89,-10.38,0.803,26,-27.65,0.859,113,1,1,-2.08,-0.11,-0.87,8.01,0.29,11,6.7,-2.71,zeitstopp,0,3
backtest,CHTR,2019-10-16,2019-12-05,2019,14:00,1,0,QQQ,4h,6.8,-3.6,19,9.8,-0.6,0,1,0,-0.6,0.984,2.91,5.93,16.25,1,1.78,3.16,1.13,1.83,4.43,20.91,-0.02,1.95,3.63,bullish,3.43,1.86,-2.91,0.795,0,-2.91,0.795,0,1,1,-0.84,0.68,0.89,3.51,1.93,35,12.28,-0.6,struktur,1,4
backtest,COST,2019-10-17,2019-11-01,2019,18:00,1,0,QQQ,4h,-0.8,1.5,35,14.8,-2.07,0,1,27,-2.07,0.947,3.4,4.79,19.4,1,1.99,3.28,0.63,2.17,5.84,22.27,0.74,1.62,4.68,bearish,-2.14,2.89,-8.38,0.753,27,-8.38,0.753,27,1,1,-1.08,0.47,0.52,5.29,-0.18,11,1.29,-2.14,zeitstopp,0,4
backtest,LULU,2019-10-18,2019-11-04,2019,10:00,1,0,QQQ,4h,-0.1,-9.1,74,12.2,-0.8,0,1,0,-0.8,0.983,4.62,7.54,19.16,1,1.66,4.52,3.45,5.86,9.06,18.26,-0.46,1.91,2.18,bullish,5.25,1.14,-0.69,-0.155,0,-0.69,-0.155,0,1,1,-0.82,0.57,1.53,7.41,-0.03,11,2.46,-4.83,zeitstopp,1,5
backtest,AAPL,2019-10-21,2020-03-13,2019,18:00,1,0,QQQ,4h,10.7,-1.2,388,14.8,1.07,1,1,4,1.07,1.026,6.18,10.64,24.25,1,4.3,3.57,0.08,8.58,14.52,16.47,1.81,1.81,4.25,bullish,5.59,2.35,-2.07,1.517,4,-2.07,1.517,4,1,1,-1.78,0.67,-0.24,14.79,2.61,99,36.69,-1.42,struktur,1,4
backtest,AMAT,2019-10-24,2019-11-08,2019,18:00,1,0,QQQ,4h,2.6,-4.8,24,14.8,-10.48,0,0,408,1.91,1.041,6.36,9.0,24.65,1,2.15,4.57,-2.0,-2.7,-0.12,14.78,7.4,2.45,7.4,bullish,1.2,3.02,-5.65,1.338,4,-5.65,1.338,4,1,1,-1.5,1.13,-0.36,0.24,0.38,11,5.57,-2.8,zeitstopp,0,5
backtest,CTAS,2019-10-25,2019-11-11,2019,14:00,1,0,QQQ,4h,-3.6,-2,51,14.8,-0.12,0,1,0,-0.12,0.997,2.52,4.2,18.68,1,0.84,4.46,1.49,1.61,4.07,25.63,-0.01,1.47,3.92,bullish,0.62,2.67,-1.72,0.93,0,-1.72,0.93,0,1,1,-0.55,2.49,-0.41,4.5,-0.96,11,2.03,-3.7,zeitstopp,1,5
backtest,AMD,2019-10-31,2020-03-13,2019,17:00,1,0,QQQ,4h,23.3,-2.7,127,14.8,-19.84,0,0,3439,-3.71,0.932,11.36,12.31,20.87,1,-1.04,4.39,5.64,17.03,10.95,17.11,3.32,3.11,12.15,bearish,-2.28,3.91,-22.84,0.837,57,-22.84,0.837,57,1,1,-0.42,7.03,3.81,6.88,2.15,91,73.15,-4.12,struktur,1,3
backtest,CELG,2019-10-31,2019-11-15,2019,17:00,1,0,QQQ,4h,2,-3.9,751,3.8,-26.57,0,0,523,0.61,1.013,5.64,8.52,14.98,1,3.67,3.1,2.08,9.78,15.17,12.56,0.84,1.15,4.95,bullish,9.49,4.3,-3.17,1.192,6,-3.17,1.192,6,1,1,-0.42,7.03,3.81,10.95,0.42,11,2.44,-1.32,zeitstopp,0,3
backtest,ASML,2019-11-01,2019-11-18,2019,17:00,1,0,QQQ,4h,1.5,3,7,14.8,0.35,1,1,12,0.35,1.007,5.06,10.28,29.54,1,6.71,5.21,-1.13,7.21,19.13,25.54,3.19,2.11,4.59,bullish,6.85,2.18,-6.33,1.055,12,-6.33,1.055,12,1,1,-0.38,5.92,5.41,13.02,0.33,11,2.62,-1.66,zeitstopp,1,4
backtest,BIIB,2019-11-04,2019-11-06,2019,14:00,1,0,QQQ,4h,-3.9,nan,nan,14.8,-36.65,0,0,1164,-11.57,0.69,19.5,27.17,19.91,0,3.3,-2.2,3.87,33.57,27.21,26.74,1.67,4.36,3.96,bullish,31.02,0.91,-13.31,0.674,8,-13.31,0.674,8,1,1,-0.01,5.33,10.26,15.37,-1.02,2,-0.54,-5.7,stopp,0,6
backtest,INTC,2019-11-04,2019-11-19,2019,18:00,0,0,QQQ,4h,2.3,4.4,544,14.8,-2.3,0,1,138,-2.3,0.917,8.31,12.23,15.16,1,4.36,1.43,0.09,10.98,21.12,11.07,1.71,2.08,4.38,bullish,0.36,2.11,-2.83,1.145,3,-2.83,1.145,3,1,1,-0.01,5.33,10.26,9.85,0.55,11,2.87,-1.09,zeitstopp,1,6
backtest,NTES,2019-11-04,2019-11-19,2019,10:00,0,0,QQQ,4h,-0.6,2.8,5,14.8,-20.92,0,0,468,-0.37,0.988,5.82,8.71,15.33,1,6.21,1.52,2.98,9.83,37.22,3.6,1.5,2.89,6.12,bullish,6.15,2.12,-8.82,0.958,12,-8.82,0.958,12,1,1,-0.01,5.33,10.26,24.45,-0.11,11,5.22,-2.74,zeitstopp,0,6
backtest,TSLA,2019-11-04,2020-03-10,2019,18:00,0,0,QQQ,4h,106.4,-5,304,9.3,-17.99,0,0,535,-15.81,0.704,16.45,27.92,26.42,0,7.68,-2.1,-4.52,35.38,37.22,22.7,1.98,4.15,4.12,bearish,-1.89,0.99,-9.11,0.313,4,-9.11,0.313,4,1,1,-0.01,5.33,10.26,24.46,26.92,86,203.28,-3.21,struktur,1,6
backtest,BIIB,2019-11-11,2019-11-13,2019,10:00,1,0,QQQ,4h,-1.7,-3.9,5,14.8,-38.53,0,0,1169,-14.19,0.619,8.75,19.96,16.89,0,7.0,-2.04,-1.99,31.38,26.97,29.95,0.66,4.72,0.88,bullish,31.02,0.19,-13.31,0.461,13,-13.31,0.461,13,1,1,-0.24,5.3,9.38,16.09,-1.92,2,0.36,-4.82,stopp,0,4
backtest,LULU,2019-11-12,2020-02-28,2019,14:00,1,0,QQQ,4h,1,-0.1,8,12.3,-0.55,0,1,16,-0.55,0.988,1.97,5.27,17.72,1,4.94,3.88,5.45,2.04,15.37,21.39,0.33,2.09,9.81,bullish,2.24,4.69,-8.52,0.935,16,-8.52,0.935,16,1,1,-0.38,5.17,6.89,7.93,0.11,73,28.06,-0.58,struktur,1,5
backtest,PCAR,2019-11-15,2019-12-03,2019,18:00,1,0,QQQ,4h,-0.9,-0.3,1026,14.9,0.06,1,1,0,0.06,1.002,3.91,11.0,16.52,1,7.66,2.59,-0.03,12.81,23.84,15.9,1.0,1.56,3.71,bullish,7.38,2.38,-1.28,1.046,0,-1.28,1.046,0,1,1,-0.39,4.07,8.82,13.8,-0.25,11,2.39,-2.42,zeitstopp,1,4
backtest,QCOM,2019-11-15,2019-12-03,2019,14:00,1,0,QQQ,4h,-11.7,-6.7,51,14.9,-2.1,0,1,4,-2.1,0.957,9.38,15.3,30.57,1,5.58,4.7,0.56,14.58,24.45,12.92,1.83,2.88,10.5,bullish,17.56,3.65,-4.97,0.578,4,-4.97,0.578,4,1,1,-0.39,4.07,8.82,14.37,-1.23,11,1.96,-13.38,stopp,0,4
backtest,VRTX,2019-11-15,2020-03-13,2019,18:00,1,0,QQQ,4h,4.4,-0.3,284,14.9,0.67,1,1,1,0.67,1.025,6.51,14.67,16.47,1,3.37,0.63,4.68,15.35,10.85,21.5,1.97,2.01,8.22,bullish,7.69,4.09,-2.12,1.318,1,-2.12,1.318,1,1,1,-0.39,4.07,8.82,1.86,0.58,80,19.52,-3.96,struktur,1,4
backtest,AVGO,2019-11-19,2019-12-05,2019,18:00,1,0,QQQ,4h,-2.8,-8,182,10.3,0.03,1,1,7,0.03,1.001,5.97,10.16,12.71,1,3.39,1.83,-0.54,7.42,11.97,15.11,2.74,1.98,5.46,bullish,6.65,2.76,-4.5,1.006,7,-4.5,1.006,7,1,1,-0.16,5.01,8.83,2.89,-0.54,11,1.9,-5.15,zeitstopp,1,5
backtest,NTES,2019-11-22,2019-12-10,2019,18:00,0,0,QQQ,4h,2.8,-0.6,3,14.9,-17.07,0,0,482,-0.34,0.99,5.57,10.42,19.26,1,4.71,1.87,1.63,4.07,19.08,15.8,4.69,2.95,9.78,bullish,4.83,3.32,-8.3,0.959,13,-8.3,0.959,13,1,1,-1.05,3.92,11.0,7.27,0.32,11,6.68,-3.18,zeitstopp,0,4
backtest,ASML,2019-11-25,2019-12-11,2019,18:00,0,0,QQQ,4h,2.1,1.5,7,14.9,-1.24,0,1,4,-1.24,0.975,1.64,5.94,26.48,1,7.23,4.88,-3.18,1.28,24.95,39.99,2.48,1.37,4.11,bullish,6.85,3.0,-4.13,0.701,4,-4.13,0.701,4,1,1,-0.99,3.16,9.42,14.19,0.52,11,4.23,-4.29,zeitstopp,1,3
backtest,NVDA,2019-11-25,2019-12-11,2019,18:00,0,0,QQQ,4h,-2.4,-2.5,518,14.9,-24.63,0,0,288,2.41,1.057,5.82,13.68,27.64,1,8.08,3.6,3.28,3.11,27.59,47.45,4.19,2.55,10.62,bullish,8.73,4.16,-3.72,1.648,2,-3.72,1.648,2,1,1,-0.99,3.16,9.42,16.6,-0.25,11,0.76,-8.74,zeitstopp,0,3
backtest,MSFT,2019-11-26,2019-12-12,2019,10:00,0,0,QQQ,4h,0.1,1.1,132,14.9,0.05,1,1,0,0.05,1.001,3.4,7.01,16.18,1,2.85,3.37,0.93,5.24,11.79,21.86,0.13,1.04,3.03,bearish,-0.41,2.91,-0.94,1.053,0,-0.94,1.053,0,1,1,-0.02,3.37,10.95,0.75,0.05,11,1.33,-3.15,zeitstopp,1,4
backtest,GEN,2019-12-05,2019-12-20,2019,14:00,1,0,QQQ,4h,3,-13,142,14.9,-23.21,0,0,555,-1.58,0.953,3.42,7.01,12.56,1,1.49,1.3,1.52,7.41,8.69,35.58,0.26,1.5,4.06,bullish,4.05,2.71,-12.3,0.939,62,-23.25,0.932,105,1,1,-1.76,1.11,5.77,2.77,0.76,11,4.97,-0.69,zeitstopp,0,1
backtest,INCY,2019-12-10,2019-12-16,2019,18:00,1,0,QQQ,4h,-4.7,11.9,250,14.9,-37.25,0,0,689,0.68,1.017,5.88,15.06,17.33,1,6.58,1.07,0.34,11.39,21.67,25.45,1.38,2.12,3.97,bullish,16.45,1.87,-2.19,1.309,2,-2.19,1.309,2,1,1,-0.96,1.41,7.26,13.43,-1.22,4,0.72,-7.22,stopp,0,1
backtest,LRCX,2019-12-11,2020-03-13,2019,18:00,1,0,QQQ,4h,-6.8,27.9,7,14.9,-4.26,0,1,16,-4.26,0.926,1.49,5.77,29.89,1,6.23,4.78,4.77,-0.41,16.02,50.94,1.31,2.24,8.2,bullish,1.06,3.66,-10.62,0.599,16,-10.62,0.599,16,1,1,-1.04,1.46,6.17,9.28,-0.9,63,26.35,-12.87,stopp,1,2
backtest,KLAC,2019-12-12,2020-01-13,2019,10:00,1,0,QQQ,4h,3.5,11.6,8,14.9,-6.57,0,0,17,-6.57,0.883,1.18,1.74,24.39,1,3.1,4.59,4.28,-3.72,12.24,52.21,0.6,2.81,5.72,bullish,11.15,2.04,-13.55,0.515,17,-13.55,0.515,17,1,1,-0.52,1.71,6.29,5.6,0.64,20,8.67,-0.85,struktur,1,3
backtest,JD,2019-12-13,2019-12-31,2019,10:00,1,0,QQQ,4h,3.5,-0.9,631,5.6,-32.73,0,0,472,-3.78,0.917,4.2,7.51,13.93,1,3.23,2.65,3.93,1.35,8.29,25.03,0.8,2.39,5.21,bullish,12.66,2.18,-12.96,0.708,18,-12.96,0.708,18,1,1,-0.39,2.44,7.47,0.76,0.72,11,7.94,-0.47,zeitstopp,0,5
backtest,PCAR,2019-12-13,2019-12-31,2019,14:00,1,0,QQQ,4h,-1.5,-0.9,10,14.9,-0.73,0,1,0,-0.73,0.98,2.35,7.79,17.45,1,6.2,2.1,3.54,4.81,16.43,19.53,-0.45,1.38,3.57,bullish,14.01,2.59,-2.39,0.696,0,-2.39,0.696,0,1,1,-0.39,2.44,7.47,8.34,-0.42,11,1.01,-2.09,zeitstopp,1,5
backtest,ADSK,2019-12-16,2020-01-02,2019,14:00,1,0,QQQ,4h,2.3,3.3,234,14.9,-0.78,0,1,4,-0.78,0.978,3.99,13.74,12.61,0,6.19,0.96,0.05,13.45,16.6,14.0,0.4,2.2,3.78,bullish,19.11,1.72,-3.43,0.772,4,-3.43,0.772,4,1,1,-0.35,2.86,8.31,7.65,0.62,11,4.31,-0.07,zeitstopp,1,5
backtest,MELI,2019-12-23,2020-03-10,2019,14:00,1,0,QQQ,4h,-4.8,-9,103,12.4,-14.87,0,0,93,-14.87,0.765,2.42,8.13,5.19,0,2.52,3.29,4.38,5.43,9.71,-4.71,0.43,2.3,4.2,bearish,-0.55,1.83,-7.13,0.918,15,-32.74,0.546,93,1,1,-0.38,4.96,11.13,-1.28,-1.2,52,27.12,-9.59,stopp,1,2
backtest,NXPI,2019-12-23,2020-01-09,2019,18:00,0,0,QQQ,4h,-0.2,-2.5,75,9.4,1.72,1,1,0,1.72,1.036,8.63,12.37,26.57,1,4.58,2.8,3.08,12.09,20.77,31.61,1.84,2.18,5.57,bullish,7.44,2.56,-1.47,2.171,0,-1.47,2.171,0,1,1,-0.38,4.96,11.13,8.67,-0.04,11,0.7,-4.12,zeitstopp,1,2
backtest,ASML,2019-12-27,2020-01-14,2019,14:00,0,0,QQQ,4h,-0.2,2.1,16,15.0,0.82,1,1,2,0.82,1.016,5.83,9.97,32.14,1,5.48,4.76,1.43,9.16,19.99,45.19,1.19,1.48,3.98,bullish,2.98,2.69,-2.06,1.4,2,-2.06,1.4,2,1,1,-0.01,4.71,13.13,6.06,-0.06,11,2.01,-2.48,zeitstopp,1,2
backtest,JD,2020-01-02,2020-12-09,2020,18:00,1,0,QQQ,4h,121.3,3.5,2,5.6,-26.67,0,0,484,0.98,1.022,8.37,12.27,22.46,1,6.46,2.38,-2.84,9.1,24.97,12.02,5.48,1.92,9.34,bullish,3.87,4.86,-4.35,1.226,5,-4.35,1.226,5,1,1,-0.91,4.96,13.78,9.84,14.2,237,149.64,-12.01,struktur,1,1
backtest,MU,2020-01-07,2020-02-03,2020,14:00,1,0,QQQ,4h,-4,-1.6,103,15.0,-14.25,0,0,403,-1.18,0.972,5.39,12.27,26.65,1,7.27,2.89,-0.85,14.91,20.25,32.57,3.51,2.73,6.36,bullish,12.44,2.33,-6.15,0.808,8,-6.15,0.808,8,1,1,-0.28,6.51,14.42,5.1,-0.66,18,9.22,-4.96,struktur,0,2
backtest,NVDA,2020-01-07,2020-01-23,2020,14:00,1,0,QQQ,4h,5.5,-2.4,27,15.0,-18.09,0,0,316,-1.32,0.971,3.84,9.91,31.64,1,9.1,3.92,0.08,13.57,30.37,51.05,0.66,1.92,4.73,bullish,9.29,2.46,-4.83,0.727,8,-4.83,0.727,8,1,1,-0.28,6.51,14.42,13.95,1.22,11,6.28,-0.93,struktur,0,2
backtest,ANSS,2020-01-09,2020-02-28,2020,18:00,0,0,QQQ,4h,-10.3,nan,nan,4.0,0.28,1,1,11,0.28,1.007,1.84,6.57,22.38,1,6.19,3.74,0.12,1.04,18.97,22.99,1.2,1.48,4.29,bullish,13.48,2.9,-2.88,1.098,11,-2.88,1.098,11,1,1,-0.45,6.64,17.37,1.37,-2.5,34,14.66,-10.28,stopp,1,4
backtest,CDW,2020-01-09,2020-01-21,2020,18:00,0,0,QQQ,4h,-4.4,nan,nan,6.5,-1.73,0,1,7,-1.73,0.962,0.96,4.2,21.67,1,5.73,4.13,-1.49,4.74,14.72,25.78,1.23,1.26,2.55,bullish,4.66,2.02,-3.21,0.46,7,-3.21,0.46,7,1,1,-0.45,6.64,17.37,-2.25,-1.77,7,2.57,-4.64,stopp,1,4
backtest,NXPI,2020-01-13,2020-01-29,2020,14:00,1,0,QQQ,4h,0.7,-0.2,4,9.4,0.92,1,1,1,0.92,1.022,3.92,9.41,25.68,1,6.79,3.53,1.84,7.11,21.24,34.53,1.94,1.63,7.07,bullish,7.49,4.34,-1.73,1.534,1,-1.73,1.534,1,1,1,-0.65,6.79,16.02,4.5,0.1,11,4.36,-3.1,zeitstopp,1,4
backtest,QCOM,2020-01-17,2020-01-28,2020,14:00,0,0,QQQ,4h,-5.4,-11.7,45,15.0,-0.2,0,1,46,-0.2,0.996,4.75,6.68,20.58,1,5.17,4.61,2.09,3.93,18.24,25.37,1.54,2.03,5.48,bearish,-3.13,2.7,-15.19,0.987,46,-15.19,0.987,46,1,1,-0.02,6.39,15.4,2.47,-1.04,6,3.18,-7.24,stopp,1,3
backtest,CHTR,2020-01-23,2020-01-30,2020,18:00,1,0,QQQ,4h,-5.6,6.8,49,10.0,-0.28,0,1,4,-0.28,0.994,3.6,6.98,22.46,1,3.96,3.57,0.17,7.2,16.51,25.27,1.0,1.69,4.39,bullish,6.4,2.6,-3.51,0.92,4,-3.51,0.92,4,1,1,-0.57,5.97,16.01,0.43,-1.33,5,0.21,-5.95,stopp,0,1
backtest,CSGP,2020-01-29,2020-03-13,2020,14:00,1,0,QQQ,4h,-3.3,nan,nan,15.1,-1.28,0,1,4,-1.28,0.971,3.77,8.3,15.01,1,5.28,2.96,-0.07,10.25,16.81,4.68,0.31,1.99,4.57,bullish,8.2,2.3,-4.64,0.724,4,-4.64,0.724,4,1,1,-1.96,3.67,13.44,2.98,-0.77,31,12.79,-9.31,stopp,1,1
backtest,CPRT,2020-01-30,2020-02-14,2020,18:00,1,0,QQQ,4h,1.9,nan,nan,15.1,-0.21,0,1,0,-0.21,0.996,4.79,10.07,26.83,1,6.21,4.56,1.08,10.85,19.93,29.43,0.48,1.63,5.23,bearish,-0.89,3.21,-1.25,0.835,0,-1.25,0.835,0,1,1,-1.8,4.52,12.51,6.6,0.39,11,2.87,-1.05,zeitstopp,1,3
backtest,MSFT,2020-01-30,2020-02-28,2020,10:00,0,0,QQQ,4h,-12.3,0.1,49,15.1,3.23,1,1,0,3.23,1.08,6.92,11.05,24.49,1,5.48,3.35,1.41,6.63,16.94,20.54,3.67,1.48,9.84,bullish,7.92,6.65,-1.81,2.782,0,-1.81,2.782,0,1,1,-1.8,4.52,12.51,3.93,-1.37,20,9.47,-12.51,stopp,1,3
backtest,SPLK,2020-02-04,2020-02-28,2020,14:00,1,0,QQQ,4h,-11.7,nan,nan,4.1,0.32,1,1,10,0.32,1.009,3.55,7.51,23.99,1,10.21,2.18,4.1,5.14,33.28,26.42,1.33,2.47,5.98,bullish,5.1,2.42,-6.47,1.049,10,-6.47,1.049,10,1,1,-1.55,3.83,13.08,17.86,-2.07,17,8.83,-12.5,stopp,1,3
backtest,INTC,2020-02-05,2020-02-21,2020,18:00,0,0,QQQ,4h,-2.1,2.3,78,15.1,-3.45,0,1,7,-3.45,0.911,7.2,11.71,28.26,1,3.66,1.59,-2.75,9.23,16.48,41.08,2.2,2.97,6.13,bullish,13.65,2.06,-8.11,0.574,7,-8.11,0.574,7,1,1,-0.17,5.53,14.63,1.61,-0.36,11,2.28,-3.8,zeitstopp,0,5
backtest,NTES,2020-02-05,2020-02-21,2020,14:00,0,0,QQQ,4h,0.5,2.8,57,15.1,-4.03,0,1,531,-1.1,0.974,3.48,9.09,27.61,1,6.98,3.21,4.53,5.76,21.26,66.39,1.58,2.56,9.99,bullish,9.68,3.9,-9.81,0.888,11,-9.81,0.888,11,1,1,-0.17,5.53,14.63,5.79,0.06,11,3.69,-3.74,zeitstopp,0,5
backtest,CHTR,2020-02-12,2020-02-28,2020,18:00,0,0,QQQ,4h,-6.2,-5.6,13,10.1,-0.68,0,1,6,-0.68,0.982,3.95,8.14,23.57,1,3.38,3.8,-0.15,4.08,13.03,41.1,0.55,2.17,3.44,bullish,3.96,1.59,-3.29,0.793,6,-3.29,0.793,6,1,1,-0.86,5.01,15.55,-2.18,-1.87,11,2.37,-9.07,stopp,1,4
backtest,SWKS,2020-02-12,2020-02-26,2020,18:00,0,0,QQQ,4h,-12.7,-4.6,813,15.1,-4.23,0,1,12,-4.23,0.914,2.76,6.17,37.03,1,8.11,3.84,1.42,-3.92,19.64,58.49,2.86,3.46,11.09,bullish,4.55,3.21,-12.92,0.673,12,-12.92,0.673,12,1,1,-0.86,5.01,15.55,3.55,-1.28,9,1.59,-15.37,stopp,0,4
backtest,SGEN,2020-02-18,2020-02-26,2020,18:00,1,0,QQQ,4h,-5.3,nan,nan,4.1,-3.48,0,1,3,-3.48,0.93,5.48,5.94,35.14,1,-0.42,4.75,0.56,9.67,5.22,53.92,1.63,3.46,3.96,bearish,-0.6,1.14,-6.47,0.461,3,-6.47,0.461,3,1,1,-0.12,5.56,16.65,-9.79,-1.38,6,1.46,-7.68,stopp,0,2
backtest,CPRT,2020-02-19,2020-02-21,2020,18:00,0,0,QQQ,4h,-7.3,1.9,5,15.1,0.27,1,1,0,0.27,1.005,3.06,9.33,27.36,1,6.89,4.6,-0.11,5.46,19.34,35.66,2.17,1.86,4.85,bullish,13.66,2.61,-1.97,1.136,0,-1.97,1.136,0,1,1,-0.19,5.08,16.78,2.19,-1.57,2,0.23,-13.33,stopp,1,3
backtest,NFLX,2020-02-27,2020-03-10,2020,10:00,1,0,QQQ,4h,-5.6,3.4,381,15.1,-10.8,0,0,422,-3.93,0.89,2.01,8.7,16.98,1,8.1,0.04,-1.8,8.81,22.15,28.56,-0.46,3.0,6.6,bullish,9.2,2.2,-8.97,0.561,5,-8.97,0.561,5,1,0,-8.84,-2.24,7.49,13.63,-0.9,8,4.24,-9.48,stopp,0,2
backtest,NVDA,2020-03-03,2020-03-13,2020,10:00,1,0,QQQ,4h,-16.8,5.5,40,15.2,-12.32,0,0,7,-12.32,0.788,2.26,9.27,41.37,1,9.68,5.01,1.21,16.99,26.74,65.75,0.28,6.16,15.8,bullish,21.9,2.56,-23.52,0.476,7,-23.52,0.476,7,1,0,-8.86,-1.21,5.27,20.4,-1.23,8,2.78,-22.15,stopp,0,1
backtest,REGN,2020-03-11,2020-03-26,2020,13:00,1,0,QQQ,4h,-10.4,-7.1,369,15.2,-21.46,0,0,1157,-4.83,0.894,8.7,20.23,42.38,1,7.17,3.57,2.92,23.0,27.6,70.26,0.18,5.2,14.93,bullish,22.55,2.87,-7.84,0.384,3,-7.84,0.384,3,1,0,-14.05,-12.01,-0.22,27.88,-0.8,11,8.85,-12.16,zeitstopp,0,1
backtest,TTWO,2020-03-24,2020-09-04,2020,09:00,1,0,QQQ,4h,43.6,-2,195,15.2,-18.38,0,0,370,-15.84,0.55,2.08,-3.09,-5.64,0,-3.83,0.5,1.68,-2.83,-9.85,-15.89,3.99,8.23,15.35,bullish,3.36,1.87,-25.01,0.426,42,-25.01,0.426,42,0,0,-28.07,-22.84,-18.81,11.04,3.27,115,58.15,-5.43,struktur,1,0
backtest,CTXS,2020-03-26,2020-04-13,2020,17:00,1,0,QQQ,4h,1.7,nan,nan,4.2,-3.2,0,1,4,-3.2,0.913,18.06,15.48,29.46,1,1.41,2.1,-2.94,18.97,15.35,33.95,7.76,9.55,20.34,bullish,17.38,2.13,-18.75,0.829,4,-18.75,0.829,4,0,0,-23.07,-15.61,-13.75,33.74,0.1,11,10.14,-7.7,zeitstopp,1,1
backtest,BIIB,2020-04-13,2020-04-24,2020,18:00,1,0,QQQ,4h,-8.9,-1.7,152,15.3,-33.02,0,0,1273,-14.23,0.665,7.73,3.93,18.39,1,1.2,2.61,5.45,19.4,9.09,44.53,0.18,5.82,8.44,bearish,-8.53,1.45,-30.06,0.527,45,-30.06,0.527,45,1,0,-15.24,13.52,-8.08,18.68,-1.14,9,8.89,-10.14,stopp,0,0
backtest,CTXS,2020-04-16,2020-05-01,2020,18:00,1,0,QQQ,4h,-3.1,1.7,3,4.3,-1.4,0,1,6,-1.4,0.965,8.13,19.32,36.45,1,6.28,3.93,-0.49,13.83,26.6,48.56,2.16,5.08,8.17,bullish,25.14,1.61,-9.33,0.85,6,-9.33,0.85,6,1,1,-11.62,15.23,-4.64,32.76,-0.41,11,2.88,-6.12,zeitstopp,1,1
backtest,VRSN,2020-04-22,2020-05-07,2020,18:00,1,0,QQQ,4h,0.6,1.7,240,15.3,-3.39,0,1,194,-3.39,0.897,12.47,12.92,9.14,0,-4.34,-0.93,1.18,36.77,-3.59,11.45,3.64,3.46,9.03,bearish,-1.94,2.61,-31.51,0.957,51,-31.51,0.957,51,1,1,-13.54,20.2,-8.04,4.84,0.07,11,2.21,-5.47,zeitstopp,0,2
backtest,ATVI,2020-04-23,2020-04-29,2020,14:00,1,0,QQQ,4h,-4.8,-7,626,4.3,-19.23,0,0,391,-1.35,0.966,9.81,12.52,21.97,1,1.21,2.82,1.94,23.89,11.78,21.45,0.63,3.96,4.92,bullish,6.57,1.24,-5.26,0.744,4,-5.26,0.744,4,1,1,-10.97,14.87,-5.56,18.36,-1.03,4,0.55,-7.52,stopp,0,4
backtest,CDNS,2020-04-23,2020-05-08,2020,18:00,1,0,QQQ,4h,1.2,-3.7,265,15.3,1.04,1,1,0,1.04,1.029,15.15,19.16,17.85,0,-1.73,-0.01,5.42,25.99,6.68,19.55,1.99,4.11,12.08,bullish,5.36,2.94,-3.77,1.276,0,-3.77,1.276,0,1,1,-10.97,14.87,-5.56,12.97,0.11,11,1.71,-7.52,zeitstopp,1,4
backtest,INCY,2020-04-23,2020-04-30,2020,18:00,1,0,QQQ,4h,-7.3,-4.7,129,15.3,-32.58,0,0,781,0.82,1.021,21.43,30.92,27.15,0,4.41,0.23,11.02,49.74,28.66,28.48,2.27,3.47,6.54,bearish,-7.99,1.88,-4.41,1.186,2,-4.41,1.186,2,1,1,-10.97,14.87,-5.56,36.23,-1.19,5,1.5,-7.97,stopp,0,4
backtest,AMGN,2020-04-27,2020-05-12,2020,18:00,1,0,QQQ,4h,1,-4.8,228,15.3,-1.23,0,1,88,-1.23,0.963,9.77,13.65,14.31,1,-1.68,1.93,0.56,19.04,5.48,17.81,1.69,3.17,6.64,bearish,-9.48,2.09,-5.0,1.059,4,-27.22,0.955,88,1,1,-9.76,11.43,-3.77,9.62,0.16,11,1.95,-5.11,zeitstopp,1,5
backtest,NTES,2020-04-27,2020-05-04,2020,18:00,1,0,QQQ,4h,-7.9,0.5,66,15.3,-2.31,0,1,5,-2.31,0.949,7.16,9.74,22.69,1,-0.29,2.86,0.09,9.75,6.67,32.4,2.89,3.66,6.79,bullish,2.13,1.86,-8.29,0.721,5,-8.29,0.721,5,1,1,-9.76,11.43,-3.77,10.86,-1.24,5,1.37,-9.64,stopp,0,5
backtest,DXCM,2020-04-30,2020-10-22,2020,10:00,1,0,QQQ,4h,11.9,nan,nan,15.0,-0.2,0,1,0,-0.2,0.997,16.9,26.37,64.74,1,8.02,7.52,7.75,28.3,44.83,127.84,0.01,5.24,11.81,bearish,-8.39,2.25,-5.16,0.961,0,-5.16,0.961,0,1,1,-7.58,15.02,-1.06,46.37,1.12,122,32.04,-4.95,struktur,1,6
backtest,AMZN,2020-05-01,2020-05-18,2020,10:00,1,0,QQQ,4h,3,41.9,554,15.3,-5.64,0,0,0,-5.64,0.836,4.04,14.51,23.87,1,4.69,1.62,3.11,29.68,32.25,40.35,-5.6,3.81,2.3,bullish,25.75,0.6,-3.19,-0.767,0,-3.19,-0.767,0,1,1,-7.62,20.08,-1.45,34.19,1.31,11,4.18,-3.38,zeitstopp,0,7
backtest,NFLX,2020-05-05,2020-05-20,2020,14:00,1,0,QQQ,4h,5.6,-5.6,56,15.3,-4.34,0,1,12,-4.34,0.901,4.39,13.78,31.41,1,5.0,1.32,1.61,18.35,19.59,48.97,0.43,4.33,10.35,bullish,17.37,2.39,-12.44,0.651,12,-12.44,0.651,12,1,1,-9.18,17.37,-3.01,23.31,0.6,11,6.74,-1.96,struktur,1,4
backtest,NVDA,2020-05-07,2020-10-20,2020,14:00,1,0,QQQ,4h,79.4,-16.8,55,15.3,-4.12,0,1,53,-4.12,0.929,6.12,15.42,37.14,1,3.0,5.88,-0.22,14.96,18.83,41.66,1.79,3.84,9.02,bullish,1.74,2.35,-42.85,0.904,53,-42.85,0.904,53,1,1,-7.58,11.51,-3.84,23.56,9.59,115,94.49,-0.59,struktur,1,3
backtest,NTES,2020-05-12,2020-05-28,2020,18:00,1,0,QQQ,4h,2.4,-7.9,8,15.4,-0.34,0,1,16,-0.34,0.992,5.45,11.61,22.78,1,0.77,3.47,8.05,5.19,1.34,21.93,2.85,3.39,14.04,bearish,-0.97,4.14,-11.73,0.971,16,-11.73,0.971,16,1,1,-4.26,11.74,-1.99,3.4,0.19,11,9.77,-2.2,zeitstopp,1,2
backtest,KLAC,2020-05-15,2020-06-02,2020,10:00,1,0,QQQ,4h,-1.1,3.5,123,15.4,-2.97,0,1,77,-2.97,0.935,9.5,18.39,12.51,0,-0.17,2.34,7.88,12.83,-0.61,2.33,0.79,5.13,21.96,bullish,10.24,4.28,-38.4,0.989,62,-39.98,0.926,77,1,1,-6.39,4.02,-4.99,4.6,-0.06,11,1.72,-6.37,zeitstopp,0,2
backtest,MSFT,2020-05-18,2020-06-03,2020,10:00,1,0,QQQ,4h,0.6,-12.3,80,15.4,-3.14,0,1,66,-3.14,0.917,3.47,11.92,19.57,1,0.36,2.74,-0.82,2.55,-0.91,25.1,0.57,2.83,5.91,bullish,2.86,2.09,-29.58,0.929,61,-30.32,0.896,66,1,1,-5.78,3.71,-4.64,3.91,0.11,11,1.62,-3.86,zeitstopp,0,3
backtest,PYPL,2020-05-18,2020-09-17,2020,14:00,1,0,QQQ,4h,19.7,1.9,355,4.9,0.23,1,1,6,0.23,1.005,15.2,32.77,35.51,1,4.37,0.97,0.38,30.09,18.31,42.49,1.39,3.77,6.75,bullish,18.28,1.79,-5.38,1.043,6,-5.38,1.043,6,1,1,-5.78,3.71,-4.64,24.07,3.12,85,44.0,-5.1,struktur,1,3
backtest,CDNS,2020-05-19,2020-09-21,2020,18:00,1,0,QQQ,4h,14.7,1.2,11,15.4,2.39,1,1,0,2.39,1.062,7.05,20.57,23.65,1,4.71,0.83,0.45,7.1,6.1,24.14,3.24,3.29,9.98,bullish,2.96,3.03,-3.24,1.739,0,-3.24,1.739,0,1,1,-4.02,6.91,-2.9,9.27,1.62,86,36.62,-4.79,struktur,1,5
backtest,MELI,2020-05-19,2020-09-18,2020,14:00,0,0,QQQ,4h,23.4,-4.8,70,12.8,-0.77,0,1,5,-0.77,0.984,18.47,38.41,35.21,0,0.44,0.61,1.72,32.07,9.08,48.09,0.63,4.76,8.27,bullish,27.26,1.74,-7.42,0.896,5,-7.42,0.896,5,1,1,-4.02,6.91,-2.9,12.34,3.07,85,58.83,-2.07,struktur,1,5
backtest,REGN,2020-05-20,2020-05-27,2020,18:00,1,0,QQQ,4h,-7,-10.4,55,15.4,-4.42,0,1,1206,-0.75,0.986,4.35,12.35,50.2,1,10.43,6.99,0.01,2.41,39.12,61.68,3.87,3.62,5.13,bullish,10.87,1.42,-4.45,0.831,1,-4.45,0.831,1,1,1,-4.26,10.72,-4.07,45.02,-1.43,4,0.24,-9.87,stopp,0,6
backtest,TSLA,2020-05-22,2020-10-29,2020,10:00,0,0,QQQ,4h,150.9,106.4,73,9.9,-15.68,0,0,75,-15.68,0.808,3.64,25.42,73.89,1,1.58,13.1,3.02,17.29,-8.15,130.2,-1.27,4.31,8.12,bearish,-3.05,1.88,-21.47,0.717,15,-63.83,0.754,75,1,1,-3.42,8.72,-0.4,-7.78,20.08,111,207.5,-3.92,struktur,1,6
backtest,ASML,2020-05-28,2020-06-12,2020,18:00,1,0,QQQ,4h,4.8,-0.2,135,15.4,1.23,1,1,4,1.23,1.028,9.32,18.03,22.17,1,3.13,3.15,4.01,9.3,11.81,20.26,3.69,3.24,6.14,bullish,7.05,1.9,-4.64,1.265,4,-4.64,1.265,4,1,1,-2.82,8.88,6.61,4.88,0.84,11,10.26,-3.29,zeitstopp,1,5
backtest,REGN,2020-05-28,2020-06-12,2020,18:00,1,0,QQQ,4h,6.6,-7,1,15.4,-4.66,0,1,1211,-1.0,0.981,3.8,9.85,47.38,1,9.01,6.88,-2.44,2.91,18.8,50.84,6.2,3.78,4.83,bullish,1.61,1.28,-10.54,0.905,6,-10.54,0.905,6,1,1,-2.82,8.88,6.61,11.44,1.44,11,8.32,-5.47,struktur,1,5
backtest,ZM,2020-06-01,2020-11-10,2020,10:00,0,0,QQQ,4h,126.4,nan,nan,1.1,0.39,1,1,24,0.39,1.006,12.02,21.48,85.96,1,16.0,7.39,4.33,32.78,70.93,138.8,1.52,5.61,23.38,bullish,10.04,4.17,-26.9,1.014,24,-26.9,1.014,24,1,1,-1.52,6.6,13.63,50.43,6.67,114,223.18,0.44,struktur,1,2
backtest,NTES,2020-06-02,2020-06-17,2020,10:00,1,0,QQQ,4h,4.3,2.4,5,15.4,-0.51,0,1,6,-0.51,0.99,8.05,15.12,29.38,1,6.38,4.79,6.81,22.21,28.63,27.99,0.61,4.36,11.93,bullish,10.47,2.74,-10.21,0.95,6,-10.21,0.95,6,1,1,-1.23,10.02,8.38,18.69,0.4,11,6.83,-2.0,zeitstopp,1,3
backtest,KLAC,2020-06-03,2020-06-18,2020,18:00,1,0,QQQ,4h,5,-1.1,1,15.4,1.3,1,1,89,1.3,1.029,8.35,17.02,15.57,0,7.14,2.4,0.37,17.2,15.82,9.26,4.39,4.21,11.12,bullish,2.28,2.64,-6.7,1.393,5,-39.98,1.032,89,1,1,-0.56,9.48,12.72,2.75,0.5,11,6.43,-4.59,zeitstopp,1,4
backtest,SNPS,2020-06-04,2020-06-19,2020,10:00,0,0,QQQ,4h,5.3,4.2,261,15.4,-0.97,0,1,0,-0.97,0.978,9.45,20.45,28.01,1,10.94,2.53,8.09,19.43,25.47,35.96,-0.79,2.85,2.65,bearish,-6.46,0.93,-1.44,0.327,0,-1.44,0.327,0,1,1,-0.33,8.74,8.7,15.43,2.04,11,5.81,-3.61,struktur,1,5
backtest,AAPL,2020-06-16,2020-09-21,2020,14:00,1,0,QQQ,4h,20.7,10.7,95,15.4,-2.16,0,1,3,-2.16,0.954,6.38,15.03,26.57,1,10.75,4.72,2.86,11.47,41.99,26.99,1.2,2.51,9.3,bullish,23.41,3.71,-6.25,0.655,3,-6.25,0.655,3,1,1,-3.66,6.93,41.32,0.47,2.43,67,59.29,-0.69,struktur,1,2
backtest,ADSK,2020-06-16,2020-07-01,2020,14:00,1,0,QQQ,4h,1.7,2.3,166,15.4,-1.77,0,1,3,-1.77,0.963,10.19,24.22,35.57,1,15.29,4.02,-1.93,26.72,54.65,28.72,3.05,4.17,8.87,bullish,26.54,2.13,-8.94,0.802,3,-8.94,0.802,3,1,1,-3.66,6.93,41.32,9.43,0.21,11,4.72,-3.49,zeitstopp,1,2
backtest,SPLK,2020-06-16,2020-09-14,2020,14:00,0,0,QQQ,4h,2.4,-11.7,109,4.4,-4.28,0,1,8,-4.28,0.917,3.24,20.61,32.15,1,19.1,4.09,-2.58,16.2,89.64,26.35,1.65,4.32,7.41,bullish,40.28,1.72,-11.14,0.616,8,-11.14,0.616,8,1,1,-3.66,6.93,41.32,34.19,0.34,62,22.44,-2.33,struktur,1,2
backtest,SGEN,2020-06-17,2020-07-02,2020,18:00,1,0,QQQ,4h,4.7,-5.3,112,4.4,-4.66,0,1,29,-4.66,0.925,4.11,8.45,39.9,1,14.91,7.25,5.33,-1.3,55.74,37.77,2.15,3.97,9.97,bearish,-3.5,2.51,-14.37,0.675,29,-14.37,0.675,29,1,1,-2.01,6.78,33.62,16.56,0.52,11,9.6,-1.83,zeitstopp,1,3
backtest,DOCU,2020-06-22,2020-09-18,2020,18:00,1,0,QQQ,4h,15.5,nan,nan,2.1,0.79,1,1,2,0.79,1.011,15.68,35.8,96.36,1,26.0,13.29,7.18,21.51,102.53,119.47,4.82,5.3,30.21,bullish,8.43,5.7,-4.69,1.169,2,-4.69,1.169,2,1,1,-1.44,6.72,43.39,41.25,0.67,62,71.53,-4.47,struktur,1,5
backtest,REGN,2020-06-22,2020-07-08,2020,10:00,0,0,QQQ,4h,1.7,6.6,10,15.5,-1.08,0,1,0,-1.08,0.981,7.47,12.46,52.82,1,9.43,7.75,9.44,14.78,46.86,73.4,-0.71,3.59,9.4,bullish,10.87,2.62,-7.37,0.854,0,-7.37,0.854,0,1,1,-1.44,6.72,43.39,2.42,0.2,11,2.22,-6.31,zeitstopp,1,5
backtest,SNPS,2020-06-23,2020-07-09,2020,14:00,0,0,QQQ,4h,5.1,5.3,4,15.5,-0.08,0,1,1,-0.08,0.998,5.55,16.04,32.4,1,16.39,3.43,5.01,12.95,78.16,38.54,-0.04,3.28,5.83,bullish,23.88,1.78,-4.63,0.982,1,-4.63,0.982,1,1,1,-0.26,7.62,45.0,22.87,0.92,11,6.06,-3.93,struktur,1,6
backtest,TMUS,2020-06-25,2020-07-13,2020,10:00,0,0,QQQ,4h,-1.9,-3.1,388,13.2,-1.4,0,1,1,-1.4,0.967,5.53,12.5,27.48,1,9.45,3.08,5.65,11.55,36.96,40.89,0.45,3.72,6.3,bullish,4.01,1.69,-6.3,0.778,1,-6.3,0.778,1,1,1,-2.96,6.01,33.92,2.27,-0.31,11,2.44,-4.65,zeitstopp,1,7
backtest,LRCX,2020-06-30,2020-08-28,2020,18:00,0,0,QQQ,4h,5.8,-6.8,109,15.5,-4.97,0,1,94,-4.97,0.898,7.81,17.58,19.89,1,9.12,3.47,-1.23,14.29,21.3,6.07,5.03,3.82,8.95,bullish,5.29,2.34,-7.62,0.954,6,-47.32,0.895,94,1,1,-3.31,3.93,26.67,-4.24,0.7,42,19.67,-4.64,struktur,1,5
backtest,LULU,2020-06-30,2020-07-16,2020,10:00,0,0,QQQ,4h,0.8,1,123,12.9,-5.78,0,0,13,-5.78,0.904,-0.17,14.08,34.12,1,20.12,5.6,-3.39,-4.65,51.77,27.97,3.96,3.83,5.19,bullish,43.43,1.36,-12.46,0.536,13,-12.46,0.536,13,1,1,-3.31,3.93,26.67,19.82,0.17,11,5.17,-3.59,zeitstopp,0,5
backtest,ADBE,2020-07-01,2020-07-17,2020,18:00,1,0,QQQ,4h,-2.5,2,348,15.5,-1.55,0,1,5,-1.55,0.964,6.17,14.65,32.19,1,10.99,4.06,-1.19,11.49,36.79,32.58,0.9,2.88,6.64,bullish,27.33,2.31,-6.75,0.77,5,-6.75,0.77,5,1,1,-1.41,5.26,30.27,5.0,-0.41,11,7.15,-5.22,zeitstopp,1,7
backtest,AMZN,2020-07-01,2020-08-12,2020,18:00,0,0,QQQ,4h,9.9,3,44,15.5,1.15,1,1,4,1.15,1.028,7.63,13.66,39.65,1,9.98,4.24,-0.2,11.58,41.5,49.38,2.51,2.52,8.62,bullish,2.71,3.42,-5.93,1.194,4,-5.93,1.194,4,1,1,-1.41,5.26,30.27,8.62,1.25,29,18.25,-2.62,struktur,1,7
backtest,ASML,2020-07-02,2020-07-20,2020,18:00,1,0,QQQ,4h,1.9,4.8,20,15.5,1.35,1,1,6,1.35,1.028,5.58,15.63,31.52,1,11.95,4.81,1.66,6.15,48.37,24.84,2.51,2.32,6.28,bullish,2.1,2.71,-3.68,1.366,6,-3.68,1.366,6,1,1,-0.41,6.01,37.64,7.8,0.32,11,6.92,-1.17,zeitstopp,1,7
backtest,BMRN,2020-07-02,2020-07-20,2020,10:00,0,0,QQQ,4h,0.6,-3.4,617,15.5,-15.58,0,0,1247,-0.52,0.99,11.96,23.12,48.19,1,13.38,4.86,4.32,13.16,50.54,48.84,1.8,3.96,7.24,bullish,11.0,1.83,-5.52,0.906,0,-5.52,0.906,0,1,1,-0.41,6.01,37.64,9.38,0.09,11,2.83,-6.71,zeitstopp,0,7
backtest,NTES,2020-07-06,2020-10-08,2020,14:00,0,0,QQQ,4h,-1.7,4.3,19,15.5,-0.13,0,1,6,-0.13,0.998,4.73,13.4,34.8,1,10.26,5.35,-1.18,6.69,30.49,31.87,2.41,2.69,4.88,bullish,3.69,1.81,-4.15,0.968,6,-4.15,0.968,6,1,1,-0.82,7.49,35.81,-3.92,-0.37,67,17.65,-3.36,struktur,1,6
backtest,SGEN,2020-07-07,2020-07-22,2020,18:00,0,0,QQQ,4h,1,4.7,5,4.5,0.9,1,1,8,0.9,1.014,9.45,12.55,46.7,1,10.54,7.98,2.93,14.87,46.3,51.31,3.97,3.3,9.67,bullish,8.27,2.93,-7.07,1.127,8,-7.07,1.127,8,1,1,-0.21,7.99,41.16,3.64,0.11,11,6.07,-6.74,zeitstopp,1,7
backtest,BMRN,2020-07-20,2020-07-27,2020,18:00,1,0,QQQ,4h,-5.7,0.6,0,15.5,-13.33,0,0,1258,1.13,1.022,4.96,18.03,46.98,1,14.58,6.3,1.71,12.63,43.86,43.85,2.58,3.14,6.73,bullish,11.0,2.14,-8.1,1.14,4,-8.1,1.14,4,1,1,-3.84,6.38,20.71,19.18,-0.9,5,0.33,-7.52,stopp,0,0
backtest,AMD,2020-07-22,2020-09-21,2020,18:00,1,0,QQQ,4h,20.9,23.3,131,15.5,3.58,1,1,106,3.58,1.067,13.98,13.65,31.13,1,-0.19,5.4,4.17,4.09,7.71,11.66,7.7,3.78,18.66,bullish,3.55,4.94,-17.93,1.226,28,-38.0,1.094,106,1,1,-2.15,7.0,29.07,-16.55,1.33,42,53.58,-7.2,struktur,1,1
backtest,EBAY,2020-07-28,2020-08-12,2020,10:00,1,0,QQQ,4h,-4.9,-1.3,1394,15.6,-6.28,0,0,10,-6.28,0.891,1.07,12.99,45.56,1,15.4,4.77,-2.12,12.46,44.93,62.63,-0.01,3.32,6.97,bullish,17.69,2.1,-11.5,0.454,10,-11.5,0.454,10,1,1,-3.58,8.28,20.88,19.9,-0.76,11,0.2,-6.23,zeitstopp,0,2
backtest,SWKS,2020-07-31,2020-08-17,2020,10:00,0,0,QQQ,4h,2,-12.7,156,15.6,1.93,1,1,0,1.93,1.037,8.44,12.61,33.2,1,10.28,5.27,5.06,12.98,37.42,23.29,1.98,3.16,13.93,bearish,-2.16,4.41,-5.24,1.367,0,-5.24,1.367,0,1,1,-3.21,4.25,19.49,15.0,0.16,11,3.34,-2.59,zeitstopp,1,2
backtest,LULU,2020-08-05,2020-09-14,2020,18:00,0,0,QQQ,4h,-7,0.8,20,13.0,0.7,1,1,8,0.7,1.011,6.2,9.41,39.59,1,11.8,5.41,1.73,7.0,50.41,32.35,3.57,2.99,8.32,bullish,3.94,2.78,-7.09,1.099,8,-7.09,1.099,8,1,1,-0.04,5.37,24.44,20.87,-0.92,27,17.64,-9.21,stopp,1,3
backtest,MRNA,2020-08-05,2020-08-11,2020,10:00,0,0,QQQ,4h,-12.8,nan,nan,1.7,-16.24,0,0,12,-16.24,0.815,3.76,18.24,109.89,1,11.69,19.27,-3.72,28.43,59.02,275.95,1.64,8.86,10.3,bullish,42.1,1.16,-30.11,0.461,12,-30.11,0.461,12,1,1,-0.04,5.37,24.44,27.79,-1.37,4,-2.83,-15.99,stopp,0,3
backtest,FAST,2020-08-07,2020-08-24,2020,18:00,0,0,QQQ,4h,1,-7,441,15.6,0.04,1,1,1,0.04,1.001,6.04,11.42,29.22,1,7.38,3.69,2.2,11.84,26.25,28.07,0.6,1.88,3.41,bullish,17.83,1.81,-2.28,1.017,1,-2.28,1.017,1,1,1,-0.12,4.75,24.03,1.79,0.31,11,1.37,-2.18,zeitstopp,1,3
backtest,QCOM,2020-08-11,2020-08-26,2020,18:00,0,0,QQQ,4h,4.8,-5.4,196,15.6,-1.84,0,1,5,-1.84,0.962,12.46,19.46,32.65,1,9.77,2.93,-2.95,16.46,33.18,21.94,4.29,3.77,28.03,bullish,20.05,7.44,-6.44,0.714,5,-6.44,0.714,5,1,1,-1.7,4.55,19.35,11.58,0.22,11,5.57,-5.57,zeitstopp,1,3
backtest,MRNA,2020-08-12,2020-08-13,2020,10:00,1,0,QQQ,4h,-8.9,-12.8,1,1.7,-20.39,0,0,17,-20.39,0.765,-3.19,9.92,92.29,1,10.54,19.09,-12.1,-8.09,10.62,223.04,9.9,7.53,4.84,bullish,42.1,0.64,-30.11,0.323,17,-30.11,0.323,17,1,1,-3.56,1.85,19.6,-7.51,-1.92,1,-0.07,-11.54,stopp,0,4
backtest,NFLX,2020-08-26,2020-09-11,2020,18:00,1,0,QQQ,4h,-9.4,5.6,98,15.6,-6.65,0,0,31,-6.65,0.882,9.71,10.47,35.61,1,5.38,5.5,-0.26,0.42,16.84,29.36,9.48,2.65,12.29,bearish,-11.22,4.64,-18.91,0.648,31,-18.91,0.648,31,1,1,-0.07,11.31,24.35,-6.04,-0.86,11,3.78,-11.23,zeitstopp,0,0
backtest,ADBE,2020-09-01,2020-09-09,2020,18:00,0,0,QQQ,4h,-9.4,-2.5,46,15.7,-1.99,0,1,3,-1.99,0.962,11.41,15.7,41.18,1,6.94,5.46,7.79,14.6,31.49,47.38,1.89,2.84,12.53,bullish,14.93,4.41,-7.77,0.744,3,-7.77,0.744,3,1,1,-0.63,9.47,25.36,4.89,-0.84,5,2.64,-11.83,stopp,1,1
backtest,ADBE,2020-09-15,2020-09-30,2020,18:00,1,0,QQQ,4h,-1.7,-9.4,6,15.7,-7.47,0,0,7,-7.47,0.858,1.44,7.42,31.02,1,6.51,5.49,-1.23,8.56,21.07,69.88,2.24,4.94,8.04,bullish,15.61,1.63,-14.1,0.471,7,-14.1,0.471,7,1,1,-9.34,1.1,15.45,4.87,-0.23,11,1.75,-8.91,zeitstopp,0,0
backtest,ALGN,2020-09-28,2020-10-13,2020,18:00,1,0,QQQ,4h,2.8,0,504,15.7,-18.44,0,0,504,-4.4,0.93,2.46,5.38,26.5,1,5.81,1.81,-0.95,4.02,20.82,79.58,2.33,4.77,10.48,bullish,7.59,2.2,-12.59,0.651,7,-12.59,0.651,7,1,0,-10.52,-6.7,13.05,6.88,0.3,11,4.44,-4.7,zeitstopp,0,1
backtest,SGEN,2020-09-28,2020-10-30,2020,14:00,1,0,QQQ,4h,-3.9,1,68,4.7,-0.89,0,1,48,-0.89,0.985,13.07,13.26,33.1,1,-1.44,3.52,2.22,20.01,11.69,69.26,0.74,3.33,7.86,bearish,-1.77,2.36,-23.61,0.962,48,-23.61,0.962,48,1,0,-10.52,-6.7,13.05,-1.2,-0.54,24,14.82,-11.64,struktur,1,1
backtest,QCOM,2020-10-06,2021-02-05,2020,10:00,1,0,QQQ,4h,24.6,4.8,41,15.8,-3.17,0,1,22,-3.17,0.941,4.72,6.89,34.46,1,9.16,3.66,1.73,3.92,31.5,72.1,-0.43,3.19,5.01,bearish,-4.78,1.57,-12.61,0.748,22,-12.61,0.748,22,1,1,-7.69,-1.21,9.18,20.45,5.16,84,40.56,-0.75,struktur,1,2
backtest,ALGN,2020-10-22,2021-03-04,2020,10:00,1,0,QQQ,4h,26.2,2.8,9,15.8,4.04,1,1,522,20.92,1.333,27.34,30.73,58.53,1,2.87,1.96,0.81,8.92,12.29,78.08,23.58,2.97,29.83,bearish,-1.95,10.04,-5.93,4.529,2,-5.93,4.529,2,1,1,-6.36,7.58,10.15,1.95,1.14,90,52.88,0.57,struktur,1,0
backtest,IDXX,2020-10-26,2020-11-10,2020,13:00,1,0,QQQ,4h,1.5,1.5,467,15.8,-1.31,0,1,4,-1.31,0.978,4.8,9.64,34.17,1,3.32,4.78,1.39,13.72,17.18,55.76,-0.97,2.48,3.2,bullish,4.45,1.29,-3.4,0.615,4,-3.4,0.615,4,1,1,-6.18,4.85,9.46,7.05,0.48,11,13.98,-1.5,zeitstopp,1,1
backtest,AAPL,2020-10-27,2020-10-29,2020,17:00,1,0,QQQ,4h,-3.8,20.7,36,15.8,-15.38,0,0,37,-15.38,0.751,-0.16,-0.56,29.99,1,4.62,5.27,-0.8,0.08,23.6,65.94,1.49,3.05,2.0,bullish,6.52,0.66,-25.28,0.392,37,-25.28,0.392,37,1,0,-7.59,1.18,9.21,13.17,-1.92,2,0.44,-4.85,stopp,0,3
backtest,XLNX,2020-10-27,2020-11-11,2020,13:00,1,0,QQQ,4h,-1.7,-8.6,449,4.8,-8.3,0,0,381,2.52,1.055,13.53,19.8,34.98,1,2.39,1.6,-1.57,10.36,9.69,34.44,10.78,3.51,15.23,bullish,18.26,4.34,-10.13,1.249,11,-10.13,1.249,11,1,0,-7.59,1.18,9.21,0.43,-0.13,11,7.88,-7.99,zeitstopp,0,3
backtest,MELI,2020-10-30,2020-11-02,2020,13:00,1,0,QQQ,4h,-3.7,23.4,42,13.2,-7.42,0,0,7,-7.42,0.893,3.42,10.7,46.43,1,3.66,7.66,0.51,16.64,15.68,114.85,-1.9,4.11,4.17,bullish,10.8,1.01,-10.23,0.275,7,-10.23,0.275,7,1,0,-8.93,-2.08,3.99,11.25,-0.91,1,1.3,-6.59,stopp,0,4
backtest,AAPL,2020-11-03,2020-11-24,2020,18:00,1,0,QQQ,4h,2.8,-3.8,5,15.8,-19.53,0,0,42,-19.53,0.683,-4.42,-4.99,22.46,1,2.32,4.84,-5.46,-6.64,-0.64,46.88,2.08,3.54,0.95,bullish,6.52,0.27,-25.28,0.228,42,-25.28,0.228,42,1,0,-11.04,-3.63,-0.15,-0.49,2.93,15,10.05,-2.08,struktur,0,6
backtest,CDNS,2020-11-03,2020-11-18,2020,18:00,1,0,QQQ,4h,-0.7,14.7,43,15.8,-3.53,0,1,13,-3.53,0.938,2.18,5.33,26.76,1,1.22,4.69,0.57,2.84,1.26,38.71,3.2,2.95,8.75,bullish,11.31,2.97,-10.4,0.661,13,-10.4,0.661,13,1,0,-11.04,-3.63,-0.15,1.41,-0.09,11,11.79,-2.81,zeitstopp,1,6
backtest,SNPS,2020-11-03,2020-11-18,2020,18:00,1,0,QQQ,4h,-1,5.1,117,15.8,-4.37,0,1,14,-4.37,0.92,-0.07,3.32,25.09,1,4.44,4.64,-2.2,-0.4,6.9,39.9,3.15,2.72,5.94,bullish,9.17,2.18,-8.82,0.505,14,-8.82,0.505,14,1,0,-11.04,-3.63,-0.15,7.06,-0.18,11,10.84,-2.88,zeitstopp,1,6
backtest,BIIB,2020-11-04,2020-11-10,2020,18:00,1,0,QQQ,4h,-30.3,-8.9,194,15.8,-27.93,0,0,1417,-7.71,0.78,28.69,26.34,18.69,0,-2.1,-0.88,-3.25,-12.14,-10.56,-19.48,40.1,3.1,43.71,bullish,2.93,14.1,-22.04,1.496,61,-27.39,1.121,122,1,0,-9.51,-0.19,1.33,-11.73,-1.0,4,5.16,-35.49,stopp,0,8
backtest,MELI,2020-11-04,2020-11-19,2020,14:00,1,0,QQQ,4h,3.9,-3.7,2,13.2,-7.51,0,0,10,-7.51,0.892,1.66,10.53,44.9,1,3.31,7.68,-3.78,13.06,0.7,66.11,3.33,4.49,8.03,bullish,10.8,1.79,-13.52,0.445,10,-13.52,0.445,10,1,0,-9.51,-0.19,1.33,-0.62,0.53,11,16.92,-4.38,zeitstopp,1,8
backtest,PDD,2020-11-12,2021-03-05,2020,14:00,1,0,QQQ,4h,18.4,nan,nan,2.3,15.67,1,1,4,15.67,1.211,41.89,57.39,100.53,1,2.69,9.11,1.09,34.84,25.45,83.2,21.2,6.15,41.35,bullish,24.36,6.72,-17.34,1.904,4,-17.34,1.904,4,1,1,-4.53,-0.79,6.34,17.97,0.63,76,57.38,-5.98,struktur,1,5
backtest,IDXX,2020-11-20,2020-12-08,2020,14:00,1,0,QQQ,4h,1.2,1.5,10,15.9,-5.93,0,0,8,-5.93,0.909,2.18,10.56,37.06,1,6.57,5.21,1.77,7.93,19.23,55.13,-0.21,4.13,3.87,bullish,19.03,0.94,-13.16,0.549,8,-13.16,0.549,8,1,1,-3.66,2.89,3.73,14.94,0.33,11,2.83,-2.87,zeitstopp,0,2
backtest,MRNA,2020-11-20,2020-12-23,2020,18:00,1,0,QQQ,4h,22.5,-8.9,99,2.0,-5.07,0,0,3,-5.07,0.939,26.24,33.78,69.69,1,7.32,10.94,5.65,30.96,39.61,34.45,5.6,5.94,11.67,bearish,-8.39,1.96,-14.14,0.641,3,-14.14,0.641,3,1,1,-3.66,2.89,3.73,34.59,2.16,22,82.21,-4.52,struktur,1,2
backtest,MU,2020-11-23,2021-03-24,2020,14:00,1,0,QQQ,4h,39.7,-4,294,15.9,-3.65,0,1,626,-0.54,0.989,12.54,19.17,27.28,1,8.51,-0.29,5.99,16.18,40.31,34.06,1.46,3.15,5.5,bullish,5.14,1.75,-2.06,0.736,0,-2.06,0.736,0,1,1,-4.32,1.98,2.38,37.05,7.63,82,53.69,0.0,struktur,1,2
backtest,ASML,2020-11-27,2020-12-14,2020,14:00,1,0,QQQ,4h,4.6,1.9,130,15.9,0.68,1,1,2,0.68,1.012,6.69,11.79,27.05,1,3.7,3.31,-0.08,17.16,13.0,29.02,2.14,2.02,3.55,bullish,9.17,1.76,-2.07,1.329,2,-2.07,1.329,2,1,1,-2.38,9.07,1.8,11.0,1.33,11,8.89,-0.87,zeitstopp,1,5
backtest,MELI,2020-11-27,2021-03-04,2020,18:00,1,0,QQQ,4h,1,3.9,8,13.3,0.93,1,1,13,0.93,1.013,12.59,22.02,60.89,1,7.11,7.69,12.31,16.24,23.22,73.82,1.63,4.67,8.45,bullish,8.14,1.81,-18.22,1.051,13,-18.22,1.051,13,1,1,-2.38,9.07,1.8,21.04,0.12,65,34.26,-6.46,struktur,1,5
backtest,NVDA,2020-11-27,2020-12-14,2020,10:00,1,0,QQQ,4h,-1.3,79.4,38,15.9,-9.95,0,0,59,-9.95,0.857,-0.46,-0.46,32.33,1,1.66,7.59,-1.45,4.81,4.83,49.23,0.21,4.04,3.97,bullish,2.39,0.98,-20.52,0.515,59,-20.52,0.515,59,1,1,-2.38,9.07,1.8,2.98,-0.34,11,3.57,-3.28,zeitstopp,0,5
backtest,XLNX,2020-11-30,2021-01-28,2020,10:00,0,0,QQQ,4h,0.1,-1.7,19,4.9,-0.76,0,1,404,-0.63,0.988,6.19,16.59,39.94,1,10.03,3.98,3.4,12.19,31.42,52.32,-0.4,3.19,6.14,bullish,10.6,1.92,-1.64,0.618,0,-1.64,0.618,0,1,1,-1.48,8.18,2.22,28.57,0.01,40,13.14,-4.47,struktur,1,4
backtest,AMAT,2020-12-01,2021-05-11,2020,18:00,0,0,QQQ,4h,42.9,2.6,389,15.9,0.69,1,1,1,0.69,1.012,14.61,28.23,43.37,1,9.26,2.03,7.51,39.67,34.29,48.77,1.97,3.02,14.02,bullish,28.06,4.64,-3.38,1.205,1,-3.38,1.205,1,1,1,-1.28,11.23,1.61,32.17,3.49,110,73.91,-1.46,struktur,1,5
backtest,TSLA,2020-12-07,2021-02-11,2020,10:00,0,0,QQQ,4h,36.1,150.9,39,10.4,-1.78,0,1,4,-1.78,0.98,19.7,31.3,108.88,1,7.47,13.92,2.27,36.74,43.2,215.31,-0.34,5.38,11.42,bullish,0.86,2.12,-10.96,0.838,4,-10.96,0.838,4,1,1,-0.12,3.78,7.74,32.92,3.52,45,50.82,-5.14,struktur,1,2
backtest,PYPL,2020-12-14,2020-12-30,2020,18:00,1,0,QQQ,4h,4.4,19.7,88,5.4,0.8,1,1,8,0.8,1.013,7.67,10.86,33.95,1,3.83,5.67,-1.7,13.2,14.5,35.87,3.86,3.17,8.68,bullish,7.64,2.74,-6.31,1.127,8,-6.31,1.127,8,1,1,-2.19,4.66,9.7,4.37,0.56,11,9.86,-3.3,zeitstopp,1,1
backtest,AAPL,2020-12-15,2021-03-09,2020,18:00,1,0,QQQ,4h,-5.7,2.8,21,15.9,-8.26,0,0,71,-8.26,0.866,5.19,7.25,30.9,1,2.53,4.66,-1.59,2.11,5.58,38.84,3.77,2.23,6.24,bullish,3.25,2.8,-4.61,1.072,3,-25.28,0.673,71,1,1,-1.48,4.51,8.95,-3.09,-0.97,56,14.81,-7.9,stopp,1,3
backtest,NVDA,2020-12-15,2020-12-29,2020,14:00,1,0,QQQ,4h,-3.7,-1.3,1,15.9,-8.85,0,0,71,-8.85,0.872,0.93,-0.17,29.08,1,1.86,6.7,-2.19,0.12,2.48,46.84,0.83,2.36,5.7,bearish,-6.51,2.42,-14.04,0.385,24,-20.52,0.569,71,1,1,-1.48,4.51,8.95,-5.94,-0.68,9,0.34,-4.89,struktur,0,3
backtest,TTWO,2020-12-18,2021-01-06,2020,18:00,1,0,QQQ,4h,0.2,43.6,105,16.0,-0.77,0,1,3,-0.77,0.985,11.01,18.25,34.65,1,5.02,4.79,5.1,22.18,24.55,38.42,2.4,2.64,12.8,bullish,4.34,4.85,-5.86,0.869,3,-5.86,0.869,3,1,1,-0.08,7.2,16.54,6.88,0.01,11,3.53,-2.34,zeitstopp,1,3
backtest,SNPS,2020-12-23,2021-01-11,2020,14:00,1,0,QQQ,4h,-0.3,-1,35,16.0,0.17,1,1,0,0.17,1.003,9.25,12.84,34.63,1,4.73,4.88,6.31,19.47,30.42,36.39,0.34,2.57,5.88,bullish,5.99,2.29,-1.54,1.111,0,-1.54,1.111,0,1,1,-0.53,6.86,17.47,11.02,-0.05,11,2.2,-3.73,zeitstopp,1,4
backtest,ALXN,2020-12-28,2021-01-13,2020,14:00,0,0,QQQ,4h,-0.1,0.2,657,5.0,-16.47,0,0,1253,-2.09,0.962,14.82,22.42,40.67,1,6.56,3.86,-3.36,24.16,33.38,34.35,2.66,3.25,3.62,bullish,24.5,1.11,-5.02,0.585,8,-5.02,0.585,8,1,1,-0.6,4.67,14.2,16.8,-0.03,11,1.44,-1.78,zeitstopp,0,1
backtest,BIDU,2020-12-30,2021-03-05,2020,18:00,1,0,QQQ,4h,23.8,-9.5,954,15.4,-24.31,0,0,660,6.09,1.102,26.13,42.69,73.66,1,13.31,4.46,1.03,40.35,59.14,62.71,10.29,5.32,17.36,bullish,34.14,3.26,-8.69,1.7,5,-8.69,1.7,5,1,1,-0.55,4.64,13.62,40.06,1.61,44,64.93,-7.94,struktur,1,2
backtest,IDXX,2021-01-04,2021-01-07,2021,14:00,1,0,QQQ,4h,-3.9,1.2,27,16.0,-0.16,0,1,3,-0.16,0.998,5.71,9.57,38.83,1,7.3,6.62,1.25,8.06,26.62,49.32,0.63,2.37,3.68,bearish,-3.3,1.55,-2.74,0.94,3,-2.74,0.94,3,1,1,-0.3,3.44,11.36,13.71,-1.09,3,0.33,-4.7,stopp,1,2
backtest,JD,2021-01-05,2021-01-21,2021,18:00,0,0,QQQ,4h,-0.8,121.3,27,6.6,3.61,1,1,38,3.61,1.056,15.31,13.56,43.58,1,2.21,6.92,2.18,0.05,13.44,36.51,11.34,3.37,19.78,bearish,-0.81,5.87,-15.65,1.231,38,-15.65,1.231,38,1,1,-1.9,1.84,12.96,0.42,-0.05,11,0.08,-10.67,zeitstopp,1,3
backtest,AMD,2021-01-07,2021-01-19,2021,18:00,1,0,QQQ,4h,-5.1,20.9,108,16.0,-3.73,0,1,14,-3.73,0.94,1.49,7.67,33.15,1,4.73,7.39,-0.32,-3.98,6.92,69.06,4.43,3.01,6.54,bullish,1.67,2.17,-8.73,0.573,14,-8.73,0.573,14,1,1,-2.46,0.28,11.97,-4.51,-0.82,7,5.19,-7.52,stopp,1,5
backtest,DOCU,2021-01-07,2021-03-05,2021,18:00,1,0,QQQ,4h,-10.9,15.5,111,2.7,-17.85,0,0,86,-17.85,0.77,2.33,6.43,29.62,1,1.54,9.04,-1.89,-3.73,1.2,8.48,6.51,4.13,11.24,bearish,-1.25,2.72,-15.62,0.561,21,-36.13,0.506,86,1,1,-2.46,0.28,11.97,-9.62,-1.08,39,15.53,-20.77,stopp,0,5
backtest,MRVL,2021-01-07,2021-02-23,2021,18:00,0,0,QQQ,4h,0,nan,nan,16.0,-0.76,0,1,2,-0.76,0.989,5.06,9.97,33.42,1,3.95,7.45,0.61,5.5,10.82,24.29,3.62,2.98,6.2,bullish,2.56,2.08,-5.6,0.865,2,-5.6,0.865,2,1,1,-2.46,0.28,11.97,-1.02,0.0,31,15.58,-3.14,struktur,1,5
backtest,IDXX,2021-01-08,2021-01-26,2021,18:00,0,0,QQQ,4h,-3.5,-3.9,1,16.0,0.29,1,1,3,0.29,1.004,4.92,8.99,37.41,1,6.83,7.21,-0.36,7.49,28.21,45.14,2.21,2.53,6.65,bearish,-3.3,2.63,-5.01,1.057,3,-5.01,1.057,3,1,1,-0.27,2.36,12.73,13.73,-0.56,11,2.13,-5.88,zeitstopp,1,9
backtest,MTCH,2021-01-08,2021-01-22,2021,10:00,0,0,QQQ,4h,-6.6,nan,nan,16.0,-4.0,0,1,13,-4.0,0.944,1.64,9.18,42.89,1,11.8,9.19,0.57,5.12,33.5,58.7,0.19,3.43,5.12,bullish,12.5,1.49,-7.97,0.498,13,-7.97,0.498,13,1,1,-0.27,2.36,12.73,18.43,-1.36,9,4.38,-8.88,stopp,1,9
backtest,PTON,2021-01-08,2021-01-26,2021,10:00,0,0,QQQ,4h,1,nan,nan,1.3,-7.39,0,0,8,-7.39,0.917,9.21,25.2,95.77,1,7.67,17.37,-0.62,30.23,31.67,138.8,0.65,5.59,11.25,bullish,26.04,2.01,-15.91,0.536,8,-15.91,0.536,8,1,1,-0.27,2.36,12.73,16.8,0.1,11,10.38,-6.52,zeitstopp,1,9
backtest,PYPL,2021-01-08,2021-01-26,2021,18:00,0,0,QQQ,4h,2.8,4.4,9,5.5,-1.62,0,1,9,-1.62,0.976,4.36,13.48,35.63,1,6.13,7.76,1.52,8.34,20.77,28.28,2.23,2.86,7.54,bullish,10.74,2.64,-7.59,0.787,9,-7.59,0.787,9,1,1,-0.27,2.36,12.73,7.14,0.39,11,5.87,-2.69,zeitstopp,1,9
backtest,KLAC,2021-01-14,2021-02-01,2021,14:00,1,0,QQQ,4h,-4.2,5,210,16.0,0.74,1,1,1,0.74,1.012,12.06,18.12,47.46,1,10.87,6.69,9.38,11.52,32.41,49.19,2.9,2.93,8.46,bullish,20.75,2.89,-3.76,1.198,1,-3.76,1.198,1,1,1,-1.05,4.14,7.5,23.17,-0.54,11,6.4,-6.29,zeitstopp,1,8
backtest,AVGO,2021-01-20,2021-02-04,2021,10:00,1,0,QQQ,4h,-0.3,-2.8,412,11.5,0.37,1,1,0,0.37,1.005,5.31,12.31,36.73,1,7.61,7.08,3.03,8.7,22.32,47.39,0.41,2.35,5.71,bullish,1.57,2.43,-2.44,1.15,0,-2.44,1.15,0,1,1,-0.93,1.92,9.87,11.34,-0.05,11,3.76,-4.26,zeitstopp,1,1
backtest,OKTA,2021-01-21,2021-03-04,2021,10:00,0,0,QQQ,4h,-16,nan,nan,3.8,-8.84,0,0,17,-8.84,0.872,0.85,6.24,24.91,1,5.45,7.4,3.1,-2.84,9.09,24.98,-0.81,3.25,5.19,bullish,11.05,1.6,-16.89,0.476,17,-16.89,0.476,17,1,1,-0.3,4.61,14.29,-4.55,-3.24,29,12.24,-16.77,stopp,1,2
backtest,NVDA,2021-01-22,2021-02-08,2021,10:00,0,0,QQQ,4h,0,-3.7,24,16.0,-6.74,0,0,96,-6.74,0.903,4.0,3.54,21.64,1,-1.0,6.87,2.48,4.01,1.66,32.93,-0.99,3.54,7.98,bearish,-6.51,2.25,-14.31,0.545,49,-20.52,0.672,96,1,1,-0.24,5.65,14.96,-11.57,-0.0,11,5.41,-6.82,zeitstopp,0,3
backtest,JD,2021-01-25,2021-02-09,2021,14:00,0,0,QQQ,4h,-4.3,-0.8,4,6.7,3.27,1,1,12,3.27,1.049,11.16,14.89,41.41,1,2.88,7.61,6.35,14.64,14.86,56.82,4.67,4.31,15.06,bullish,6.55,3.49,-10.74,1.304,12,-10.74,1.304,12,1,1,-0.52,5.06,14.72,0.13,-0.33,11,2.35,-10.77,zeitstopp,1,4
backtest,LRCX,2021-01-25,2021-01-28,2021,14:00,0,0,QQQ,4h,-8.1,5.8,150,16.1,-2.15,0,1,2,-2.15,0.969,11.25,18.29,58.93,1,13.98,8.65,1.09,18.22,54.19,59.94,1.59,4.13,4.88,bullish,35.61,1.18,-5.76,0.627,2,-5.76,0.627,2,1,1,-0.52,5.06,14.72,34.41,-1.74,3,0.49,-12.02,stopp,0,4
backtest,NTES,2021-02-01,2021-03-09,2021,18:00,1,0,QQQ,4h,-11.5,-1.7,116,16.1,-7.16,0,0,4,-7.16,0.878,7.81,20.87,33.24,1,10.13,5.61,-1.52,19.87,33.63,28.07,3.65,3.82,15.62,bullish,20.26,4.09,-11.61,0.384,4,-11.61,0.384,4,1,1,-4.77,0.51,16.01,15.19,-0.85,25,12.7,-14.63,stopp,1,2
backtest,MRNA,2021-02-03,2021-02-19,2021,18:00,0,0,QQQ,4h,5.7,22.5,42,2.2,-11.72,0,0,2,-11.72,0.87,21.79,23.22,95.75,1,21.22,13.92,4.38,41.93,135.04,103.36,3.53,7.56,37.62,bullish,4.19,4.98,-20.91,0.439,2,-20.91,0.439,2,1,1,-0.8,5.94,21.86,92.87,0.21,11,15.28,-4.74,struktur,1,3
backtest,NVDA,2021-02-08,2021-02-24,2021,18:00,1,0,QQQ,4h,-1.5,0,0,16.1,-2.57,0,1,107,-2.57,0.963,7.21,8.04,23.19,1,0.2,6.11,4.63,1.85,-1.44,19.97,5.54,2.96,8.63,bullish,1.95,2.92,-14.31,0.836,60,-20.52,0.875,107,1,1,-0.31,5.2,15.7,-14.82,-0.19,11,7.17,-6.65,zeitstopp,1,2
backtest,ASML,2021-02-11,2021-03-01,2021,14:00,1,0,QQQ,4h,-1,4.6,59,16.1,0.72,1,1,14,0.72,1.011,5.05,14.29,44.54,1,12.59,7.4,4.42,10.3,39.51,57.51,1.95,2.66,7.72,bullish,40.8,2.9,-8.94,1.08,14,-8.94,1.08,14,1,1,-0.81,6.0,15.51,20.78,-0.13,11,5.33,-3.16,zeitstopp,1,2
backtest,JD,2021-02-12,2021-03-02,2021,10:00,0,0,QQQ,4h,-1.4,-4.3,3,6.7,-2.23,0,1,13,-2.23,0.967,5.65,12.01,34.73,1,3.37,7.39,4.62,9.46,23.63,57.39,0.41,3.49,6.73,bullish,5.7,1.93,-12.82,0.826,13,-12.82,0.826,13,1,1,-0.26,5.87,18.26,4.53,-0.23,11,8.93,-8.59,zeitstopp,1,3
backtest,LRCX,2021-02-19,2021-03-08,2021,18:00,0,0,QQQ,4h,-8.8,-8.1,22,16.1,-1.34,0,1,2,-1.34,0.981,10.14,15.02,54.46,1,8.28,7.9,8.5,2.62,31.86,55.24,3.07,3.79,15.39,bullish,13.31,4.06,-6.05,0.778,2,-6.05,0.778,2,1,1,-1.69,2.69,13.6,16.08,-0.66,11,1.09,-15.76,zeitstopp,0,2
backtest,CDNS,2021-03-01,2021-03-08,2021,14:00,1,0,QQQ,4h,-11.4,-0.7,103,16.1,-5.36,0,0,8,-5.36,0.918,2.09,4.07,25.44,1,7.18,5.5,1.02,6.12,27.41,25.22,0.0,3.55,10.92,bullish,4.9,3.08,-13.81,0.612,8,-13.81,0.612,8,1,0,-7.11,-2.23,6.87,19.21,-1.15,5,4.88,-15.2,stopp,0,0
backtest,BKNG,2021-03-08,2021-03-23,2021,18:00,1,0,QQQ,4h,-5.5,nan,nan,16.2,-2.76,0,1,7,-2.76,0.95,6.22,9.88,26.22,1,3.02,4.54,-0.92,10.76,11.0,18.39,3.28,4.15,11.25,bullish,7.0,2.71,-11.71,0.764,7,-11.71,0.764,7,1,0,-8.73,-6.53,1.77,9.07,-0.55,11,3.65,-8.32,zeitstopp,1,4
backtest,GOOG,2021-03-08,2021-03-23,2021,10:00,1,0,QQQ,4h,-1.5,-2,1858,16.2,-3.25,0,1,13,-3.25,0.939,-0.06,8.23,25.84,1,6.75,4.73,3.52,2.24,15.35,22.0,-1.22,2.57,4.67,bullish,11.26,1.82,-7.0,0.536,13,-7.0,0.536,13,1,0,-8.73,-6.53,1.77,13.34,-0.33,11,2.21,-3.12,zeitstopp,0,4
backtest,GOOGL,2021-03-08,2021-03-23,2021,10:00,1,0,QQQ,4h,-1.6,nan,nan,16.2,-3.38,0,1,13,-3.38,0.936,-0.01,8.18,25.53,1,6.65,4.68,3.72,2.12,14.91,22.11,-1.17,2.69,4.99,bullish,11.03,1.86,-7.22,0.531,13,-7.22,0.531,13,1,0,-8.73,-6.53,1.77,12.91,-0.33,11,1.99,-3.36,zeitstopp,0,4
backtest,MAR,2021-03-08,2021-03-23,2021,18:00,1,0,QQQ,4h,-1.2,4.2,1159,16.2,-5.28,0,0,6,-5.28,0.925,8.95,15.67,39.56,1,2.95,5.31,-0.78,17.11,14.14,40.74,3.14,4.36,4.93,bullish,20.72,1.13,-13.13,0.598,6,-13.13,0.598,6,1,0,-8.73,-6.53,1.77,12.15,-0.26,11,4.03,-6.68,zeitstopp,0,4
backtest,KHC,2021-03-09,2021-03-24,2021,10:00,1,0,QQQ,4h,0.8,3.2,1707,5.7,-52.39,0,0,1018,-0.7,0.986,6.26,11.92,18.89,1,3.32,2.56,4.26,14.41,15.61,16.64,0.71,3.35,7.04,bearish,-0.87,2.1,-7.27,0.903,12,-7.27,0.903,12,1,0,-11.31,-9.48,-1.25,17.07,0.11,11,2.83,-1.92,zeitstopp,0,6
backtest,MTCH,2021-03-09,2021-03-24,2021,18:00,1,0,QQQ,4h,-3.2,-6.6,46,16.2,-13.16,0,0,16,-13.16,0.823,-3.83,-0.1,23.72,1,3.21,6.79,-7.0,-8.92,3.87,31.68,4.21,4.61,9.44,bullish,9.28,2.05,-19.85,0.337,16,-19.85,0.337,16,1,0,-11.31,-9.48,-1.25,5.18,-0.37,11,4.09,-8.23,zeitstopp,0,6
backtest,TCOM,2021-03-12,2021-03-25,2021,18:00,1,0,QQQ,4h,-11.9,-4.7,1310,16.2,-29.34,0,0,911,2.41,1.046,8.85,19.96,36.87,1,6.57,4.91,6.02,13.45,20.2,39.71,3.5,3.65,11.26,bullish,20.99,3.08,-7.77,1.31,12,-7.77,1.31,12,1,0,-5.96,-4.42,3.35,16.31,-1.18,9,5.44,-13.08,stopp,0,6
backtest,CDW,2021-03-26,2021-05-13,2021,17:00,1,0,QQQ,4h,0.8,-4.4,430,7.7,0.53,1,1,21,0.53,1.011,3.82,8.84,27.06,1,7.59,3.9,1.6,1.74,22.39,46.98,2.49,2.4,6.48,bearish,-0.33,2.7,-8.49,1.062,21,-8.49,1.062,21,1,0,-7.83,-0.35,0.63,21.62,0.14,33,12.83,-3.05,struktur,1,1
backtest,TXN,2021-03-26,2021-04-13,2021,17:00,1,0,QQQ,4h,4.4,-1.5,534,16.2,0.77,1,1,1,0.77,1.016,5.96,6.25,22.28,1,2.53,3.97,2.37,4.67,10.49,33.81,3.14,2.99,4.64,bullish,4.24,1.55,-4.89,1.158,1,-4.89,1.158,1,1,0,-7.83,-0.35,0.63,9.8,0.98,11,7.32,-3.85,zeitstopp,1,1
backtest,NXPI,2021-03-29,2021-04-14,2021,10:00,1,0,QQQ,4h,0.2,0.7,425,10.6,-4.21,0,1,7,-4.21,0.936,6.3,9.67,37.4,1,6.06,6.38,-1.5,9.34,27.24,67.9,0.88,5.0,11.25,bullish,5.01,2.25,-13.03,0.677,7,-13.03,0.677,7,1,0,-6.44,0.72,2.66,23.95,0.02,11,7.8,-4.42,zeitstopp,1,2
backtest,TSLA,2021-04-12,2021-05-11,2021,18:00,1,0,QQQ,4h,-14.4,36.1,60,10.8,-22.28,0,0,52,-22.28,0.746,5.23,-2.54,31.48,1,-7.43,9.88,2.31,-3.23,-17.04,59.19,3.37,4.64,5.85,bullish,1.8,1.26,-40.08,0.444,52,-40.08,0.444,52,1,1,-0.19,6.13,7.16,-22.58,-2.6,21,11.57,-14.89,stopp,0,0
backtest,GOOG,2021-04-15,2021-09-29,2021,18:00,1,0,QQQ,4h,19.6,-1.5,23,16.3,0.15,1,1,3,0.15,1.003,7.29,9.23,31.13,1,6.57,4.19,0.23,7.76,29.1,43.7,1.67,1.86,3.45,bullish,7.53,1.85,-2.21,1.069,3,-2.21,1.069,3,1,1,-1.34,5.1,7.33,20.28,5.88,116,28.09,-2.72,struktur,1,2
backtest,GOOGL,2021-04-15,2021-04-30,2021,18:00,1,0,QQQ,4h,3.8,-1.6,23,16.3,0.31,1,1,3,0.31,1.007,7.33,9.28,30.92,1,6.54,4.13,0.13,7.58,29.04,43.29,1.75,1.89,3.43,bullish,7.58,1.81,-2.03,1.155,3,-2.03,1.155,3,1,1,-1.34,5.1,7.33,20.22,1.15,11,6.59,-1.79,zeitstopp,1,2
backtest,ASML,2021-04-22,2021-05-07,2021,10:00,1,0,QQQ,4h,-1.5,-1,52,16.3,1.15,1,1,0,1.15,1.02,6.12,13.13,43.7,1,5.81,6.14,3.88,17.29,19.31,70.78,1.2,2.62,9.35,bullish,7.28,3.57,-3.04,1.379,0,-3.04,1.379,0,1,1,-0.86,6.96,4.93,13.71,-0.17,11,1.85,-6.89,zeitstopp,1,3
backtest,NXPI,2021-04-22,2021-05-07,2021,14:00,1,0,QQQ,4h,-4.5,0.2,8,10.7,-5.61,0,0,12,-5.61,0.908,1.19,5.62,32.74,1,6.27,6.22,0.62,4.96,15.61,48.33,1.57,2.74,7.48,bullish,3.26,2.73,-11.29,0.503,12,-11.29,0.503,12,1,1,-0.86,6.96,4.93,10.19,-0.65,11,2.4,-9.34,zeitstopp,0,3
backtest,MELI,2021-04-27,2021-05-07,2021,18:00,1,0,QQQ,4h,-10,1,54,13.7,-19.2,0,0,65,-19.2,0.733,5.38,3.34,15.0,1,-7.79,4.3,3.31,13.34,-13.67,25.39,0.57,3.31,9.44,bullish,0.57,2.85,-33.33,0.44,48,-33.76,0.431,65,1,1,-0.18,8.11,4.25,-17.19,-1.16,8,1.08,-12.25,stopp,0,3
backtest,NVDA,2021-04-27,2021-05-05,2021,10:00,1,0,QQQ,4h,-5.1,-1.5,62,16.3,-4.38,0,1,7,-4.38,0.923,5.69,11.5,18.59,1,3.13,4.17,0.76,20.55,13.4,15.92,0.17,3.5,5.93,bullish,19.99,1.69,-8.82,0.504,7,-8.82,0.504,7,1,1,-0.18,8.11,4.25,8.78,-0.92,6,1.07,-9.64,stopp,0,3
backtest,ASML,2021-05-07,2021-05-13,2021,18:00,1,0,QQQ,4h,-6.1,-1.5,0,16.3,-1.72,0,1,8,-1.72,0.97,2.71,10.31,39.37,1,5.47,5.98,-2.46,0.99,16.34,73.68,2.75,3.09,8.58,bullish,3.47,2.78,-8.58,0.799,8,-8.58,0.799,8,1,1,-3.29,-1.07,0.51,15.75,-0.77,4,-0.12,-9.34,stopp,0,0
backtest,ROST,2021-05-10,2021-05-13,2021,18:00,1,0,QQQ,4h,-6.7,-2.7,901,16.3,0.4,1,1,0,0.4,1.01,3.82,8.04,23.46,1,3.52,4.17,1.54,3.7,12.26,44.54,0.67,2.16,5.87,bullish,2.6,2.72,-3.71,1.107,0,-3.71,1.107,0,1,1,-2.51,-0.86,0.98,11.16,-1.21,3,0.28,-7.73,stopp,1,1
backtest,WBA,2021-05-14,2021-06-01,2021,14:00,1,0,QQQ,4h,-1.8,-5.6,882,5.4,-39.9,0,0,1103,-4.61,0.892,1.54,2.38,24.45,1,3.69,3.31,-0.6,0.77,9.05,30.57,0.53,2.22,4.26,bullish,1.67,1.92,-8.66,0.467,27,-8.66,0.467,27,1,0,-6.84,-6.52,-4.43,14.11,-0.44,11,2.91,-5.25,zeitstopp,0,2
backtest,INTU,2021-05-20,2022-01-06,2021,18:00,1,0,QQQ,4h,35.2,-6.6,617,16.4,2.45,1,1,1,2.45,1.067,6.6,8.67,19.5,1,0.98,3.14,5.33,3.0,1.54,18.32,3.29,2.56,13.95,bearish,-0.44,5.45,-3.75,1.654,1,-3.75,1.654,1,1,0,-5.9,-4.92,-2.85,4.52,2.88,160,65.18,-2.69,struktur,1,1
backtest,KHC,2021-05-24,2021-06-09,2021,14:00,1,0,QQQ,4h,-1.8,0.8,61,5.9,-45.28,0,0,1071,-0.27,0.993,3.86,7.84,26.93,1,5.75,2.82,0.91,9.21,19.75,42.63,0.39,1.64,3.54,bullish,7.81,2.16,-2.71,0.899,5,-2.71,0.899,5,1,0,-4.61,-3.66,1.55,17.92,-0.53,11,1.46,-2.21,zeitstopp,0,1
backtest,ASML,2021-06-04,2021-06-21,2021,18:00,1,0,QQQ,4h,-0.9,-6.1,22,16.4,-0.47,0,1,2,-0.47,0.991,5.61,7.06,36.51,1,6.76,5.89,0.02,3.74,30.82,48.65,2.85,2.61,4.98,bullish,3.47,1.91,-4.07,0.884,2,-4.07,0.884,2,1,0,-3.73,0.29,8.65,20.4,-0.2,11,3.81,-2.38,zeitstopp,1,0
backtest,GOOGL,2021-06-07,2021-06-22,2021,10:00,1,0,QQQ,4h,2.1,3.8,38,16.4,-1.95,0,1,26,-1.95,0.956,2.85,4.92,26.26,1,5.03,4.47,1.31,2.41,14.14,31.16,-0.4,1.63,3.38,bullish,15.03,2.07,-9.78,0.801,26,-9.78,0.801,26,1,1,-2.1,1.23,8.86,4.85,0.65,11,3.0,-0.13,zeitstopp,1,2
backtest,MXIM,2021-06-07,2021-06-22,2021,14:00,1,0,QQQ,4h,-1.2,4.1,1172,5.4,-1.05,0,1,3,-1.05,0.977,4.98,6.69,19.88,1,3.23,3.49,1.26,7.5,15.75,21.62,-0.58,2.41,3.29,bullish,0.73,1.37,-3.24,0.676,3,-3.24,0.676,3,1,1,-2.1,1.23,8.86,6.33,-0.39,11,2.61,-2.41,zeitstopp,1,2
backtest,ALXN,2021-06-09,2021-06-24,2021,18:00,1,0,QQQ,4h,1.1,-0.1,147,5.4,-4.86,0,1,1365,-0.36,0.992,1.59,6.58,24.54,1,6.04,5.32,0.43,2.79,15.73,46.55,1.05,1.06,3.18,bullish,4.09,3.0,-2.46,0.852,12,-2.46,0.852,12,1,1,-1.76,3.38,8.15,7.0,0.37,11,2.57,-0.86,zeitstopp,0,3
backtest,NVDA,2021-06-17,2021-09-21,2021,18:00,1,0,QQQ,4h,15.1,-5.1,43,16.4,3.13,1,1,2,3.13,1.062,12.35,19.87,34.1,1,9.9,3.48,2.6,27.1,33.53,33.9,4.46,2.72,9.41,bullish,19.99,3.46,-2.52,2.243,2,-2.52,2.243,2,1,1,-1.02,5.83,6.07,25.89,1.76,66,23.85,-4.56,struktur,1,3
backtest,PYPL,2021-06-17,2021-07-02,2021,18:00,1,0,QQQ,4h,5.5,2.8,142,5.9,-10.75,0,0,84,-10.75,0.775,5.51,6.05,18.39,1,2.74,2.82,1.98,10.53,6.9,21.75,2.63,1.98,6.5,bearish,-0.94,3.28,-15.93,0.956,44,-27.84,0.614,84,1,1,-1.02,5.83,6.07,0.78,0.89,11,7.29,-2.7,struktur,0,3
backtest,ZM,2021-06-17,2021-07-15,2021,18:00,1,0,QQQ,4h,-1,126.4,219,2.2,-37.57,0,0,165,-37.57,0.383,9.65,13.34,-5.22,0,0.75,1.71,8.45,15.65,7.48,-8.63,1.6,3.62,12.44,bearish,-0.97,3.44,-3.83,0.861,2,-39.53,0.529,84,1,1,-1.02,5.83,6.07,1.33,-0.09,19,10.57,-3.34,struktur,0,3
backtest,DOCU,2021-06-18,2021-08-17,2021,10:00,1,0,QQQ,4h,9.2,-10.9,105,3.1,-10.06,0,0,198,-10.06,0.776,17.41,21.27,17.06,0,2.93,0.59,7.21,37.53,27.25,11.51,0.16,4.06,6.37,bullish,0.9,1.57,-4.78,0.963,0,-34.84,0.85,85,1,1,-0.3,7.05,10.81,14.84,1.53,41,20.58,0.06,struktur,1,4
backtest,ILMN,2021-06-21,2021-07-07,2021,18:00,1,0,QQQ,4h,3,17.2,970,16.5,-16.59,0,0,87,-16.59,0.688,8.89,14.05,23.24,1,2.12,1.87,0.66,15.05,9.68,29.11,1.62,2.7,6.39,bearish,-0.89,2.37,-2.12,1.315,0,-34.46,0.519,87,1,1,-1.08,4.2,9.56,0.11,0.5,11,5.06,-2.86,zeitstopp,0,4
backtest,MRNA,2021-06-22,2021-11-05,2021,10:00,1,0,QQQ,4h,15,5.7,123,2.5,-7.78,0,0,10,-7.78,0.898,6.23,18.1,59.99,1,16.04,10.94,0.4,28.98,43.02,44.61,0.85,6.03,9.05,bullish,20.48,1.5,-15.15,0.487,10,-15.15,0.487,10,1,1,-0.47,5.43,8.21,32.17,1.81,96,136.9,-2.12,struktur,1,5
backtest,AMAT,2021-06-28,2021-07-14,2021,18:00,1,0,QQQ,4h,-2.1,42.9,48,16.5,-3.18,0,1,58,-3.18,0.95,3.2,6.24,39.1,1,2.13,7.88,3.78,-1.18,6.05,62.66,3.62,2.64,9.38,bullish,2.67,3.55,-21.65,0.853,58,-21.65,0.853,58,1,1,-0.57,5.1,10.72,-4.21,-0.24,11,1.19,-8.08,zeitstopp,0,3
backtest,MXIM,2021-06-28,2021-07-09,2021,18:00,1,0,QQQ,4h,-6,-1.2,6,5.5,0.13,1,1,8,0.13,1.003,2.57,6.89,19.66,1,3.89,3.95,2.76,1.48,10.22,19.62,1.93,1.73,6.14,bullish,6.11,3.55,-4.89,1.027,8,-4.89,1.027,8,1,1,-0.57,5.1,10.72,-0.45,-1.03,8,0.81,-8.16,stopp,1,3
backtest,GOOGL,2021-07-02,2021-07-20,2021,18:00,1,0,QQQ,4h,0.6,2.1,10,16.5,1.37,1,1,6,1.37,1.032,2.68,5.63,26.78,1,4.32,4.48,-0.05,4.32,14.98,41.04,1.91,1.21,3.87,bullish,1.26,3.2,-1.41,1.971,6,-1.41,1.971,6,1,1,-0.19,7.57,9.37,5.13,0.16,11,3.64,-1.38,zeitstopp,1,3
backtest,META,2021-07-02,2021-07-19,2021,10:00,0,0,QQQ,4h,-4.4,4.3,1075,9.1,-1.39,0,1,3,-1.39,0.962,4.31,8.54,23.18,1,4.88,2.11,3.27,8.7,18.66,30.35,-0.34,2.04,5.02,bullish,0.59,2.46,-4.57,0.696,3,-4.57,0.696,3,1,1,-0.19,7.57,9.37,8.49,-0.92,10,1.59,-5.28,zeitstopp,1,3
backtest,PYPL,2021-07-07,2021-07-22,2021,18:00,1,0,QQQ,4h,1.9,5.5,5,6.0,-4.09,0,1,97,-4.09,0.913,5.23,11.53,23.91,1,3.58,3.73,-0.34,12.29,15.58,26.18,1.32,2.21,4.81,bullish,7.54,2.18,-3.46,1.049,7,-27.84,0.853,97,1,1,-0.08,7.13,9.0,6.03,0.4,11,3.81,-2.6,zeitstopp,0,4
backtest,ASML,2021-07-12,2021-11-24,2021,14:00,1,0,QQQ,4h,12.4,-0.9,21,16.5,-1.91,0,1,17,-1.91,0.963,0.98,4.27,28.72,1,3.14,6.33,1.77,-1.23,9.31,38.28,0.87,2.09,5.96,bearish,-0.73,2.85,-6.49,0.706,17,-6.49,0.706,17,1,1,-0.48,6.19,7.21,1.95,2.21,96,28.47,-3.7,struktur,1,2
backtest,ORLY,2021-07-12,2021-07-27,2021,14:00,0,0,QQQ,4h,4,-3,951,16.5,-0.21,0,1,0,-0.21,0.993,5.93,7.55,21.29,1,2.69,1.86,2.83,12.11,14.5,25.91,-0.14,1.46,3.56,bullish,22.4,2.44,-1.49,0.856,0,-1.49,0.856,0,1,1,-0.48,6.19,7.21,6.8,1.15,11,5.23,-0.85,zeitstopp,1,2
backtest,IDXX,2021-07-16,2021-08-02,2021,18:00,1,0,QQQ,4h,2.8,-3.5,171,16.5,-0.04,0,1,4,-0.04,0.999,4.91,14.38,32.02,1,7.74,5.52,-0.38,10.77,24.4,32.12,1.75,1.75,4.33,bullish,19.18,2.47,-2.96,0.987,4,-2.96,0.987,4,1,1,-1.36,5.84,5.66,17.74,0.67,11,5.68,-2.53,zeitstopp,1,3
backtest,ISRG,2021-07-21,2021-08-05,2021,14:00,1,0,QQQ,4h,3.3,-0.2,1000,16.5,1.45,1,1,0,1.45,1.042,4.78,11.48,23.77,1,4.52,3.16,-0.13,6.83,17.75,22.69,2.61,1.69,6.85,bearish,-4.42,4.05,-3.84,1.379,0,-3.84,1.379,0,1,1,-1.83,4.19,6.78,10.27,0.51,11,4.49,-5.46,zeitstopp,1,4
backtest,PTON,2021-07-21,2021-08-05,2021,10:00,1,0,QQQ,4h,-6,1,176,1.8,-25.77,0,0,128,-25.77,0.604,5.5,15.37,5.65,0,6.72,2.55,5.42,16.87,18.64,-15.85,0.51,4.49,18.67,bullish,13.77,4.16,-16.65,0.875,9,-51.68,0.54,122,1,1,-1.83,4.19,6.78,11.11,-0.38,11,0.13,-9.74,zeitstopp,0,4
backtest,SBUX,2021-07-22,2021-08-06,2021,18:00,1,0,QQQ,4h,-2.2,18.2,680,16.5,0.84,1,1,5,0.84,1.021,5.26,7.5,16.07,1,0.25,3.08,-0.44,6.63,2.57,14.03,2.16,1.68,7.65,bullish,6.71,4.55,-5.38,1.156,5,-5.38,1.156,5,1,1,-1.08,4.03,6.69,-3.86,-0.31,11,3.67,-3.55,zeitstopp,1,3
backtest,ALGN,2021-07-29,2021-09-29,2021,18:00,0,0,QQQ,4h,1.7,26.2,147,16.6,2.19,1,1,10,2.19,1.038,7.31,10.01,22.18,1,2.25,5.82,0.36,1.48,1.39,22.02,7.44,3.15,14.54,bullish,7.01,4.62,-9.88,1.221,10,-9.88,1.221,10,1,1,-0.83,3.05,8.04,-6.16,0.13,43,10.37,-5.11,struktur,1,4
backtest,PAYX,2021-07-29,2021-08-13,2021,18:00,0,0,QQQ,4h,2.8,1.1,790,16.6,0.04,1,1,1,0.04,1.001,2.74,7.45,19.7,1,4.84,3.65,1.24,4.86,16.01,30.97,1.05,1.4,5.86,bullish,7.55,4.19,-1.56,1.025,1,-1.56,1.025,1,1,1,-0.83,3.05,8.04,7.38,0.51,11,3.61,-0.89,zeitstopp,1,4
backtest,GOOGL,2021-08-06,2021-08-23,2021,10:00,1,0,QQQ,4h,1.3,0.6,17,16.6,-1.47,0,1,6,-1.47,0.97,4.17,8.84,29.65,1,5.16,5.66,0.35,8.96,16.59,32.69,0.01,1.87,3.24,bullish,13.76,1.73,-3.6,0.592,6,-3.6,0.592,6,1,1,-0.06,3.04,11.64,4.43,0.4,11,3.38,-1.48,zeitstopp,1,2
backtest,ADBE,2021-08-12,2021-08-27,2021,18:00,1,0,QQQ,4h,2.9,-1.7,316,16.6,-0.12,0,1,2,-0.12,0.997,2.34,8.2,25.24,1,9.8,2.53,0.06,2.83,32.61,27.07,1.31,1.48,3.23,bullish,23.52,2.18,-2.26,0.949,2,-2.26,0.949,2,1,1,-1.0,0.86,15.7,14.62,0.92,11,4.47,-1.67,zeitstopp,1,1
backtest,ISRG,2021-08-18,2021-09-02,2021,18:00,1,0,QQQ,4h,2.2,3.3,13,16.6,0.37,1,1,0,0.37,1.01,4.95,10.41,27.51,1,7.55,3.4,3.96,8.37,27.05,32.68,0.86,1.85,5.82,bearish,-4.42,3.15,-2.73,1.137,0,-2.73,1.137,0,1,1,-1.13,1.93,13.63,11.81,0.4,11,3.18,-1.07,zeitstopp,1,1
backtest,COST,2021-08-20,2021-09-07,2021,18:00,1,0,QQQ,4h,0.8,-0.8,658,16.6,0.71,1,1,0,0.71,1.021,4.81,10.89,22.48,1,5.78,2.14,2.0,9.0,18.65,28.56,0.98,1.36,8.9,bullish,7.91,6.54,-3.12,1.226,0,-3.12,1.226,0,1,1,-1.61,0.0,10.81,7.07,0.1,11,1.07,-2.62,zeitstopp,1,2
backtest,TEAM,2021-08-23,2021-11-22,2021,10:00,1,0,QQQ,4h,22.7,nan,nan,5.7,-0.45,0,1,15,-0.45,0.992,8.32,21.69,43.82,1,15.51,5.28,2.39,27.54,54.71,43.56,0.56,2.92,5.8,bullish,26.78,1.99,-11.3,0.96,15,-11.3,0.96,15,1,1,-0.59,-0.13,12.58,37.42,4.14,64,38.86,-1.67,struktur,1,2
backtest,CDW,2021-08-24,2021-09-09,2021,18:00,1,0,QQQ,4h,1.3,0.8,103,8.2,-0.61,0,1,5,-0.61,0.987,3.66,9.36,24.0,1,5.6,4.2,-1.07,8.44,16.81,25.89,0.48,2.0,4.07,bullish,10.85,2.04,-3.53,0.828,5,-3.53,0.828,5,1,1,-0.19,1.29,12.38,3.95,0.34,11,3.23,-0.54,zeitstopp,1,3
backtest,MELI,2021-08-26,2021-09-13,2021,14:00,0,0,QQQ,4h,-0.3,-10,111,14.0,-7.7,0,0,150,-7.7,0.853,6.17,14.72,17.58,1,10.83,3.02,4.92,14.35,35.11,16.05,-0.4,2.89,7.86,bullish,19.84,2.72,-8.14,0.775,10,-8.14,0.775,10,1,1,-0.16,2.45,12.3,20.31,-0.04,11,5.67,-2.83,zeitstopp,0,4
backtest,REGN,2021-08-30,2021-09-15,2021,18:00,1,0,QQQ,4h,-2.5,1.7,418,16.6,0.13,1,1,1,0.13,1.004,7.25,13.73,29.68,1,8.55,1.07,0.0,15.43,32.02,43.24,1.82,2.82,6.14,bullish,0.45,2.18,-2.03,1.065,1,-2.03,1.065,1,1,1,-0.14,3.15,12.74,17.1,-0.43,11,1.67,-5.83,zeitstopp,1,3
backtest,KLAC,2021-09-09,2021-10-05,2021,18:00,1,0,QQQ,4h,-3.4,-4.2,220,16.7,-3.55,0,1,109,-3.55,0.933,3.67,6.0,12.88,1,2.27,3.9,-0.94,-1.22,7.53,19.55,2.38,2.36,4.35,bearish,-2.44,1.84,-11.83,0.743,27,-20.52,0.827,109,1,1,-0.52,3.8,13.18,-4.98,-0.82,18,8.65,-5.56,stopp,1,0
backtest,CDNS,2021-09-10,2021-09-21,2021,18:00,1,0,QQQ,4h,-3.4,-11.4,186,16.7,0.42,1,1,3,0.42,1.01,5.57,12.38,23.48,1,8.38,3.41,1.07,10.22,29.1,27.5,1.19,1.47,3.79,bullish,18.95,2.58,-2.26,1.188,3,-2.26,1.188,3,1,1,-0.86,3.62,11.62,15.66,-0.93,7,0.43,-5.31,stopp,1,1
backtest,CPRT,2021-09-16,2021-10-01,2021,18:00,1,0,QQQ,4h,-7.6,-7.3,573,16.7,1.04,1,1,0,1.04,1.032,5.49,5.46,20.73,1,3.89,2.16,2.95,7.13,18.49,34.75,1.33,1.96,11.11,bearish,-1.76,5.67,-3.49,1.299,0,-3.49,1.299,0,1,1,-1.24,3.37,10.99,6.76,-0.76,11,1.21,-9.28,zeitstopp,1,4
backtest,DXCM,2021-09-16,2021-10-01,2021,18:00,1,0,QQQ,4h,-2.3,11.9,329,16.4,0.86,1,1,3,0.86,1.019,6.18,13.54,38.89,1,10.14,5.16,0.2,8.12,36.64,56.86,2.34,2.62,8.17,bullish,6.19,3.12,-5.82,1.148,3,-5.82,1.148,3,1,1,-1.24,3.37,10.99,23.11,-0.3,11,2.56,-7.38,zeitstopp,1,4
backtest,XLNX,2021-09-16,2021-09-30,2021,14:00,0,0,QQQ,4h,-4.3,0.1,231,5.7,-1.45,0,1,11,-1.45,0.963,2.74,8.15,15.54,1,5.76,1.79,2.91,10.6,25.03,22.12,-0.49,2.34,4.77,bullish,3.78,2.04,-4.99,0.71,11,-4.99,0.71,11,1,1,-1.24,3.37,10.99,12.65,-0.94,10,2.17,-6.27,zeitstopp,1,4
backtest,MCHP,2021-09-23,2021-10-04,2021,18:00,1,0,QQQ,4h,-8.3,-10.8,868,16.7,-0.43,0,1,151,-0.43,0.99,4.2,10.25,10.85,1,2.92,1.96,-0.43,9.08,10.6,10.68,1.91,2.15,7.73,bullish,2.39,3.6,-6.02,1.039,4,-6.02,1.039,4,1,1,-3.34,-1.17,6.4,3.95,-1.16,7,0.95,-11.44,stopp,1,3
backtest,MRVL,2021-09-24,2021-10-05,2021,18:00,1,0,QQQ,4h,-8.4,0,213,16.7,-0.49,0,1,19,-0.49,0.989,3.19,5.68,23.05,1,3.74,3.61,0.3,0.38,13.12,42.08,0.49,2.3,8.43,bullish,2.17,3.67,-7.3,0.932,19,-7.3,0.932,19,1,1,-2.45,-0.38,6.72,6.0,-1.08,7,0.31,-10.81,stopp,0,4
backtest,PAYX,2021-09-30,2021-10-15,2021,18:00,1,0,QQQ,4h,5.1,2.8,48,16.7,-4.32,0,1,31,-4.32,0.879,2.7,0.37,12.63,1,0.7,1.95,-1.39,-5.78,1.1,11.4,4.88,1.42,7.24,bullish,5.13,5.1,-9.87,0.563,31,-9.87,0.563,31,1,0,-6.04,-5.34,1.48,-0.38,0.76,11,5.62,-1.78,struktur,1,2
backtest,MAR,2021-10-04,2021-10-19,2021,10:00,1,0,QQQ,4h,1.3,-1.2,195,16.7,-2.55,0,1,152,-2.55,0.943,8.12,11.17,11.67,1,1.68,1.17,2.27,15.19,10.41,3.34,-0.05,2.63,6.66,bearish,-8.05,2.53,-4.46,0.803,0,-4.46,0.803,0,1,0,-5.8,-5.21,0.54,9.82,0.22,11,3.54,-2.62,zeitstopp,1,2
backtest,TSLA,2021-10-04,2021-12-17,2021,14:00,1,0,QQQ,4h,14.6,-14.4,146,11.3,-11.37,0,0,174,-11.37,0.804,5.41,10.59,13.81,1,5.42,2.69,0.11,5.85,14.19,12.18,2.95,2.6,5.21,bullish,4.73,2.0,-4.43,0.973,4,-4.43,0.973,4,1,0,-5.8,-5.21,0.54,13.57,2.95,53,55.81,-3.11,struktur,1,2
backtest,NFLX,2021-10-05,2021-10-20,2021,18:00,1,0,QQQ,4h,-0.7,-9.4,389,16.8,0.59,1,1,0,0.59,1.023,6.19,12.78,18.54,1,4.59,1.8,1.81,2.17,11.39,10.8,4.38,2.81,10.27,bullish,16.85,3.65,-5.02,1.117,0,-5.02,1.117,0,1,0,-7.78,-7.48,-1.99,13.66,-0.07,11,2.71,-3.64,zeitstopp,1,4
backtest,XLNX,2021-10-05,2021-12-17,2021,18:00,1,0,QQQ,4h,29.3,-4.3,5,5.7,-4.76,0,1,5,-4.76,0.867,-0.64,1.71,12.09,1,4.97,0.87,-7.3,-5.09,2.67,13.51,3.21,3.19,4.11,bullish,1.21,1.29,-8.08,0.411,5,-8.08,0.411,5,1,0,-7.78,-7.48,-1.99,4.75,7.43,52,57.26,-2.8,struktur,1,4
backtest,MRVL,2021-10-14,2021-10-29,2021,18:00,1,0,QQQ,4h,3.9,-8.4,9,16.8,-2.78,0,1,4,-2.78,0.942,5.27,6.47,23.4,1,2.92,3.29,-0.42,1.63,13.97,30.27,3.0,3.6,5.57,bullish,5.12,1.55,-6.98,0.602,4,-6.98,0.602,4,1,0,-5.85,-4.67,-0.03,14.01,0.74,11,5.77,-1.23,zeitstopp,1,2
backtest,NFLX,2021-10-25,2021-11-09,2021,10:00,1,0,QQQ,4h,-2,-0.7,5,16.8,0.28,1,1,0,0.28,1.009,6.73,12.76,23.75,1,7.78,2.0,5.81,12.22,28.71,30.27,0.38,2.51,9.22,bullish,5.07,3.67,-2.05,1.135,0,-2.05,1.135,0,1,1,-2.16,0.21,1.63,26.64,-0.24,11,3.55,-3.52,zeitstopp,1,0
backtest,CRWD,2021-10-26,2021-11-10,2021,18:00,1,0,QQQ,4h,-0.6,nan,nan,2.4,0.73,1,1,1,0.73,1.012,12.23,12.34,26.22,1,0.66,2.56,-1.84,10.56,8.63,26.6,4.55,3.25,9.51,bullish,0.52,2.93,-4.36,1.167,1,-4.36,1.167,1,1,1,-1.16,2.05,3.82,4.64,-0.07,11,1.93,-10.11,zeitstopp,1,1
backtest,GOOG,2021-10-27,2021-11-11,2021,18:00,0,0,QQQ,4h,-0.7,19.6,28,16.8,0.9,1,1,38,0.9,1.019,6.71,5.19,21.6,1,0.65,4.38,-2.89,2.56,2.41,17.38,6.06,1.67,9.42,bearish,-1.75,5.64,-10.66,1.084,38,-10.66,1.084,38,1,1,-0.94,5.35,3.75,-1.29,-0.08,11,1.95,-5.56,zeitstopp,1,3
backtest,GOOGL,2021-10-27,2021-11-11,2021,18:00,0,0,QQQ,4h,-0.8,1.3,65,16.8,0.96,1,1,38,0.96,1.02,6.6,5.32,22.73,1,1.18,4.44,-2.74,2.56,2.36,18.11,6.0,1.7,10.14,bearish,-1.77,5.96,-10.4,1.093,38,-10.4,1.093,38,1,1,-0.94,5.35,3.75,-1.34,-0.09,11,2.0,-5.59,zeitstopp,1,3
backtest,MAR,2021-10-28,2021-11-12,2021,18:00,1,0,QQQ,4h,-2.5,1.3,9,16.8,0.1,1,1,8,0.1,1.002,3.66,10.57,13.71,1,4.59,1.95,4.26,5.19,8.06,5.81,1.11,2.1,6.36,bullish,17.19,3.03,-5.43,1.018,8,-5.43,1.018,8,1,1,-0.82,5.77,3.8,4.1,-0.42,11,6.26,-3.74,zeitstopp,1,4
backtest,SNPS,2021-10-29,2021-11-15,2021,18:00,1,0,QQQ,4h,4.9,-0.3,291,16.8,-2.22,0,1,38,-2.22,0.942,8.65,4.81,21.17,1,2.31,1.9,1.8,9.14,13.47,32.27,1.93,1.97,5.52,bullish,31.46,2.8,-15.75,0.859,38,-15.75,0.859,38,1,1,-0.07,7.34,5.51,7.55,0.93,11,4.88,-2.31,zeitstopp,1,5
backtest,CDNS,2021-11-05,2021-11-22,2021,09:00,1,0,QQQ,4h,4.5,-3.4,45,16.8,0.21,1,1,0,0.21,1.005,10.0,11.33,26.17,1,3.06,2.03,6.3,17.94,18.86,39.14,0.3,2.52,6.19,bullish,19.97,2.46,-4.02,1.053,0,-4.02,1.053,0,1,1,-0.25,9.71,8.32,9.73,0.77,11,5.55,-1.79,zeitstopp,1,4
backtest,MRVL,2021-11-12,2021-11-30,2021,10:00,1,0,QQQ,4h,0.3,3.9,14,16.9,0.73,1,1,2,0.73,1.015,7.87,15.03,35.89,1,5.6,3.53,2.63,12.45,21.69,69.67,1.61,2.41,6.69,bullish,5.12,2.78,-4.63,1.158,2,-4.63,1.158,2,1,1,-2.59,6.54,6.02,14.78,0.05,11,2.03,-5.1,zeitstopp,1,1
backtest,AMAT,2021-11-15,2021-11-23,2021,10:00,1,0,QQQ,4h,-5.8,-2.1,124,16.9,0.32,1,1,0,0.32,1.006,11.16,15.13,20.71,1,2.69,3.41,2.3,19.17,19.3,27.36,0.69,2.8,6.14,bearish,-1.19,2.19,-2.1,1.151,0,-2.1,1.151,0,1,1,-1.57,6.98,7.09,11.4,-1.01,6,0.69,-8.11,stopp,1,2
backtest,MSFT,2021-11-15,2021-12-01,2021,14:00,1,0,QQQ,4h,-1,0.6,530,16.9,0.07,1,1,5,0.07,1.002,4.6,10.44,25.16,1,3.76,3.98,0.2,10.69,14.52,37.92,0.68,1.66,3.79,bullish,10.96,2.28,-2.62,1.025,5,-2.62,1.025,5,1,1,-1.57,6.98,7.09,6.94,-0.26,11,3.33,-3.04,zeitstopp,1,2
backtest,DXCM,2021-11-16,2021-11-24,2021,18:00,1,0,QQQ,4h,-9.8,-2.3,46,16.6,0.01,1,1,0,0.01,1.0,8.12,14.58,44.36,1,6.71,5.53,0.76,18.6,25.81,94.47,1.89,3.49,6.75,bullish,12.18,1.93,-2.88,1.005,0,-2.88,1.005,0,1,1,-1.59,5.89,8.02,16.48,-1.55,6,0.82,-11.32,stopp,1,6
backtest,KLAC,2021-11-16,2021-12-02,2021,18:00,0,0,QQQ,4h,-2.2,-3.4,42,16.9,-0.22,0,1,0,-0.22,0.995,10.85,17.1,28.15,1,5.27,2.82,0.31,26.73,28.43,41.35,1.18,3.37,4.93,bullish,5.35,1.46,-1.99,0.888,0,-1.99,0.888,0,1,1,-1.59,5.89,8.02,18.9,-0.47,11,2.46,-5.0,zeitstopp,1,6
backtest,LULU,2021-11-16,2021-12-02,2021,18:00,0,0,QQQ,4h,-7.6,-7,428,14.3,1.23,1,1,7,1.23,1.028,7.98,13.79,32.39,1,4.59,2.82,-0.9,10.68,17.7,48.05,4.89,2.56,8.62,bullish,9.45,3.37,-5.86,1.21,7,-5.86,1.21,7,1,1,-1.59,5.89,8.02,8.97,-0.96,11,0.26,-8.91,zeitstopp,1,6
backtest,SNPS,2021-11-16,2021-12-02,2021,18:00,0,0,QQQ,4h,0.9,4.9,1,16.9,0.63,1,1,0,0.63,1.016,5.88,9.67,25.82,1,2.39,2.59,0.83,12.54,18.56,47.11,1.68,2.08,5.37,bullish,31.46,2.58,-1.73,1.364,0,-1.73,1.364,0,1,1,-1.59,5.89,8.02,9.76,0.18,11,3.93,-4.97,zeitstopp,1,6
backtest,NVDA,2021-11-19,2021-12-07,2021,18:00,0,0,QQQ,4h,-6,15.1,59,16.9,0.56,1,1,0,0.56,1.009,18.33,37.11,76.79,1,11.83,8.43,4.23,39.59,52.19,111.37,4.01,5.43,15.55,bearish,-0.33,2.86,-4.39,1.128,0,-4.39,1.128,0,1,1,-0.13,6.49,9.37,39.15,-0.45,11,5.17,-14.88,zeitstopp,1,7
backtest,CDNS,2021-11-29,2021-12-02,2021,18:00,1,0,QQQ,4h,-3.8,4.5,7,16.9,-2.61,0,1,4,-2.61,0.935,2.56,10.83,26.59,1,4.4,3.13,-4.13,5.59,9.78,40.45,3.79,2.55,5.52,bullish,12.74,2.16,-6.81,0.616,4,-6.81,0.616,4,1,1,-4.28,1.82,4.15,5.41,-0.73,3,1.29,-5.46,stopp,0,1
backtest,QCOM,2021-11-29,2021-12-14,2021,18:00,1,0,QQQ,4h,-0.8,24.6,297,16.9,-2.9,0,1,3,-2.9,0.918,10.87,27.07,31.99,1,6.65,0.79,-5.68,31.45,21.89,31.9,4.3,3.57,4.59,bearish,-2.29,1.29,-7.26,0.601,3,-7.26,0.601,3,1,1,-4.28,1.82,4.15,17.04,-0.18,11,4.76,-6.24,zeitstopp,1,1
backtest,AAPL,2021-11-30,2022-01-20,2021,18:00,1,0,QQQ,4h,2.2,-5.7,266,16.9,-1.36,0,1,4,-1.36,0.955,6.37,10.12,18.49,1,0.87,1.37,-0.19,7.13,4.8,29.32,2.01,2.14,5.59,bullish,8.34,2.61,-5.64,0.759,4,-5.64,0.759,4,1,1,-2.21,3.52,5.23,-0.4,0.41,35,11.92,-3.46,struktur,1,4
backtest,AMAT,2021-11-30,2021-12-15,2021,10:00,1,0,QQQ,4h,-1.6,-5.8,7,16.9,-5.28,0,0,8,-5.28,0.893,-0.16,7.66,13.1,1,4.53,3.61,0.96,10.84,11.33,9.79,-0.57,3.38,6.79,bullish,12.32,2.01,-10.41,0.493,8,-10.41,0.493,8,1,1,-2.21,3.52,5.23,5.8,-0.25,11,5.31,-6.21,zeitstopp,0,4
backtest,AMD,2021-11-30,2021-12-07,2021,10:00,1,0,QQQ,4h,-10.6,-5.1,315,16.9,-0.93,0,1,0,-0.93,0.983,9.98,29.39,64.87,1,14.24,6.11,4.18,34.67,45.45,100.36,-0.56,4.57,11.92,bearish,-5.28,2.61,-3.94,0.764,0,-3.94,0.764,0,1,1,-2.21,3.52,5.23,38.22,-1.0,5,2.15,-16.65,stopp,1,4
backtest,ORLY,2021-12-02,2021-12-17,2021,18:00,1,0,QQQ,4h,4.2,4,128,16.9,-1.47,0,1,27,-1.47,0.96,2.75,4.28,15.83,1,3.06,3.55,-2.24,2.52,7.46,20.53,3.54,2.03,5.14,bearish,-1.43,2.53,-8.34,0.824,27,-8.34,0.824,27,1,1,-5.28,-0.5,1.83,5.53,0.85,11,5.66,-3.25,zeitstopp,1,5
backtest,CDNS,2021-12-03,2021-12-15,2021,10:00,1,0,QQQ,4h,-3.4,-3.8,1,16.9,-3.73,0,1,8,-3.73,0.907,0.6,8.57,24.5,1,4.46,3.13,0.65,6.76,11.79,45.69,-0.9,3.36,5.62,bullish,12.74,1.67,-7.93,0.53,8,-7.93,0.53,8,1,1,-4.6,-0.83,2.61,8.94,-0.65,8,1.64,-6.8,struktur,0,6
backtest,CDW,2021-12-06,2021-12-21,2021,18:00,1,0,QQQ,4h,-3.8,1.3,88,8.4,-3.55,0,1,63,-3.55,0.909,2.36,4.92,9.98,1,-0.97,2.68,0.27,3.87,-5.2,16.16,2.31,2.96,7.23,bullish,3.84,2.44,-14.84,0.811,62,-15.49,0.771,63,1,1,-6.26,-3.79,0.52,-5.69,-0.56,11,2.2,-7.16,zeitstopp,0,9
backtest,DLTR,2021-12-06,2021-12-21,2021,14:00,0,0,QQQ,4h,-0.3,-0.4,789,16.9,-7.55,0,0,6,-7.55,0.827,7.17,23.48,30.68,1,16.21,2.19,-2.88,26.81,47.66,36.56,0.77,4.7,5.28,bullish,28.23,1.12,-11.29,0.332,6,-11.29,0.332,6,1,1,-6.26,-3.79,0.52,46.89,-0.06,11,2.94,-4.13,zeitstopp,0,9
backtest,FAST,2021-12-06,2021-12-21,2021,18:00,0,0,QQQ,4h,-0.5,1,469,16.9,0.39,1,1,12,0.39,1.013,3.3,9.38,17.31,1,4.45,2.66,0.03,2.73,8.13,15.09,3.11,1.71,7.2,bullish,14.37,4.21,-5.41,1.072,12,-5.41,1.072,12,1,1,-6.26,-3.79,0.52,7.57,-0.08,11,3.97,-2.48,zeitstopp,1,9
backtest,NVDA,2021-12-07,2021-12-10,2021,14:00,1,0,QQQ,4h,0.6,-6,0,16.9,-10.62,0,0,9,-10.62,0.841,-0.76,18.16,58.13,1,15.85,9.59,-9.99,0.97,32.56,72.15,3.08,6.24,1.29,bullish,50.88,0.21,-19.07,0.443,9,-19.07,0.443,9,1,1,-5.51,-3.11,1.18,31.01,0.48,3,4.8,-3.56,stopp,0,11
backtest,NXPI,2021-12-07,2021-12-22,2021,14:00,0,0,QQQ,4h,-3.2,-4.5,214,11.3,-1.56,0,1,3,-1.56,0.956,4.8,11.56,14.28,1,1.47,2.08,0.15,0.01,5.64,13.75,3.01,3.4,6.96,bullish,3.16,2.05,-7.35,0.788,3,-7.35,0.788,3,1,1,-5.51,-3.11,1.18,4.41,-0.49,11,3.84,-6.94,zeitstopp,1,11
backtest,LRCX,2021-12-08,2021-12-23,2021,18:00,0,0,QQQ,4h,-2.3,-8.8,275,16.9,0.06,1,1,4,0.06,1.002,9.56,18.78,17.72,0,3.34,1.88,3.87,15.94,21.31,11.86,0.87,3.56,11.99,bullish,14.44,3.37,-9.75,1.007,4,-9.75,1.007,4,1,1,-2.66,-0.06,4.59,15.98,-0.21,11,1.07,-8.0,zeitstopp,1,12
backtest,COST,2021-12-10,2021-12-28,2021,18:00,1,0,QQQ,4h,1.6,0.8,94,16.9,-1.1,0,1,8,-1.1,0.976,4.11,11.52,31.82,1,6.4,4.53,-0.22,3.72,12.9,37.8,5.78,2.55,8.98,bullish,7.8,3.52,-8.33,0.868,8,-8.33,0.868,8,1,1,-3.67,1.08,4.67,7.87,0.19,11,2.17,-3.61,zeitstopp,1,8
backtest,AMAT,2021-12-16,2022-01-03,2021,14:00,1,0,QQQ,4h,1.8,-1.6,1,16.9,-2.36,0,1,20,-2.36,0.951,2.99,7.86,14.83,1,4.3,2.92,-2.31,-2.5,6.81,12.28,0.87,4.57,8.33,bearish,-0.25,1.82,-11.16,0.789,20,-11.16,0.789,20,1,1,-2.85,-0.09,5.07,1.66,0.23,11,5.17,-7.58,zeitstopp,1,4
backtest,MRNA,2021-12-20,2022-01-05,2021,10:00,1,0,QQQ,4h,-21.8,15,45,3.0,-40.34,0,0,91,-40.34,0.492,1.72,0.17,10.46,1,-12.5,5.06,14.68,17.26,-30.36,41.57,0.67,8.85,28.38,bullish,5.57,3.21,-53.99,0.347,60,-57.6,0.3,91,1,0,-5.82,-4.19,5.25,-33.84,-0.99,11,8.26,-27.69,zeitstopp,0,1
backtest,SNPS,2021-12-23,2022-01-10,2021,18:00,1,0,QQQ,4h,-12,0.9,21,17.0,0.26,1,1,4,0.26,1.007,4.2,7.85,25.83,1,5.4,3.44,0.98,5.85,12.99,33.25,0.54,3.3,8.97,bullish,0.13,2.72,-7.06,1.037,4,-7.06,1.037,4,1,1,-3.49,-0.76,5.76,6.84,-1.46,11,2.94,-13.1,stopp,1,2
backtest,MRVL,2021-12-28,2022-01-12,2021,10:00,1,0,QQQ,4h,-5.7,0.3,28,17.0,-2.01,0,1,12,-2.01,0.966,9.21,20.92,54.01,1,13.12,6.61,8.07,26.14,44.12,55.28,1.27,4.23,13.87,bullish,39.68,3.28,-13.07,0.847,12,-13.07,0.847,12,1,1,-1.15,3.27,9.08,32.12,-0.47,11,-0.2,-15.79,zeitstopp,0,2
backtest,MU,2021-12-29,2022-01-13,2021,18:00,1,0,QQQ,4h,0.3,39.7,280,17.0,-0.51,0,1,181,-0.51,0.984,11.87,21.83,21.31,0,8.36,-0.31,13.3,7.89,27.32,12.23,3.65,3.34,20.27,bullish,6.68,6.07,-4.89,1.287,2,-4.89,1.287,2,1,1,-1.61,0.61,11.74,13.94,0.02,11,2.31,-5.39,zeitstopp,1,3
backtest,AMD,2022-01-03,2022-01-10,2022,18:00,1,0,QQQ,4h,-13.9,-10.6,27,17.0,-8.85,0,0,22,-8.85,0.842,4.94,5.7,43.2,1,11.31,6.17,-1.53,-4.5,40.46,51.95,4.17,4.77,13.4,bullish,51.66,2.81,-20.59,0.57,22,-20.59,0.57,22,1,1,-2.53,2.17,10.6,27.0,-1.18,5,1.68,-16.59,stopp,0,3
backtest,LCID,2022-01-03,2022-01-19,2022,18:00,1,0,QQQ,4h,-2.6,nan,nan,1.3,-37.53,0,0,220,-37.53,0.556,1.61,-2.46,47.54,1,17.48,3.63,1.09,-21.4,54.61,40.82,6.49,7.26,14.13,bullish,103.42,1.95,-38.48,0.224,30,-38.48,0.224,30,1,1,-2.53,2.17,10.6,39.79,-0.21,11,17.45,-16.68,zeitstopp,0,3
backtest,QCOM,2022-01-05,2022-01-10,2022,18:00,1,0,QQQ,4h,-7.6,-0.8,22,17.0,0.15,1,1,12,0.15,1.004,5.49,12.89,33.41,1,14.62,3.75,1.3,6.71,47.37,34.9,3.07,2.91,6.92,bullish,2.46,2.38,-9.98,1.015,12,-9.98,1.015,12,1,1,-2.87,2.79,11.08,32.67,-1.18,3,0.31,-9.96,stopp,1,4
backtest,AMAT,2022-01-13,2022-01-21,2022,10:00,1,0,QQQ,4h,-15.4,1.8,10,17.0,-0.32,0,1,10,-0.32,0.992,5.17,6.69,17.25,1,6.37,2.82,3.78,8.0,24.65,20.2,1.85,3.38,14.57,bullish,2.96,4.31,-12.12,0.974,10,-12.12,0.974,10,1,0,-5.11,-0.09,7.73,15.7,-1.21,5,2.8,-17.14,stopp,1,2
backtest,NXPI,2022-01-13,2022-01-20,2022,10:00,1,0,QQQ,4h,-10,-3.2,22,11.4,-3.46,0,1,25,-3.46,0.903,2.04,3.63,11.71,1,6.27,1.87,1.98,4.1,25.4,18.41,0.87,2.68,8.69,bearish,-1.84,3.24,-10.38,0.667,25,-10.38,0.667,25,1,0,-5.11,-0.09,7.73,16.39,-1.25,4,0.58,-13.68,stopp,0,2
backtest,ATVI,2022-01-18,2022-02-02,2022,18:00,1,0,QQQ,4h,-3.3,-4.8,629,6.0,-21.4,0,0,232,-21.4,0.533,25.66,28.93,0.68,0,-7.13,-3.17,2.11,6.35,-14.41,-27.59,25.05,2.72,33.23,bearish,-5.71,12.22,-31.5,0.978,56,-38.64,0.714,124,1,0,-6.9,-1.64,3.13,-17.01,-0.13,11,6.27,-4.9,zeitstopp,0,3
backtest,KLAC,2022-01-18,2022-01-20,2022,10:00,1,0,QQQ,4h,-8.5,-2.2,47,17.0,-4.41,0,1,1,-4.41,0.892,3.23,5.13,24.97,1,8.44,3.65,6.74,12.0,35.56,52.06,-1.8,3.54,9.07,bullish,3.32,2.56,-8.39,0.474,1,-8.39,0.474,1,1,0,-6.9,-1.64,3.13,31.45,-1.02,2,0.3,-12.51,stopp,0,3
backtest,MDLZ,2022-01-21,2022-02-07,2022,18:00,1,0,QQQ,4h,-2.3,-4.2,822,17.0,1.01,1,1,0,1.01,1.042,3.34,8.17,11.72,1,4.06,1.57,0.58,5.91,12.99,7.34,1.64,1.49,4.37,bullish,4.28,2.93,-1.06,1.958,0,-1.06,1.958,0,0,0,-11.38,-7.06,-3.41,16.98,-0.55,11,0.87,-7.22,zeitstopp,1,4
backtest,VRTX,2022-01-28,2022-02-14,2022,18:00,1,0,QQQ,4h,-2.2,4.4,686,17.1,-21.91,0,0,394,1.9,1.076,5.8,12.45,18.72,1,7.98,0.57,-0.17,2.19,26.13,13.89,4.74,2.31,8.91,bullish,18.16,3.86,-5.49,1.345,8,-5.49,1.345,8,0,0,-16.44,-15.05,-10.12,40.34,-0.27,11,6.65,-4.96,zeitstopp,0,1
backtest,KDP,2022-02-03,2022-02-18,2022,14:00,1,0,QQQ,4h,-1.7,nan,nan,13.7,-2.29,0,1,12,-2.29,0.907,1.34,5.74,9.05,1,2.84,0.95,3.64,4.58,8.33,13.99,-0.82,2.21,4.8,bullish,9.71,2.17,-5.82,0.607,12,-5.82,0.607,12,1,0,-9.73,-7.06,-5.16,14.23,-0.38,11,1.77,-2.19,zeitstopp,0,1
backtest,MAR,2022-02-15,2022-03-02,2022,18:00,1,0,QQQ,4h,-6.2,-2.5,95,17.1,0.79,1,1,1,0.79,1.028,9.97,10.8,19.64,1,1.53,0.94,3.19,5.24,9.49,28.69,4.26,3.3,6.97,bullish,3.55,2.11,-4.82,1.164,1,-4.82,1.164,1,0,0,-14.87,-8.56,-11.85,24.21,-0.95,10,3.56,-8.78,zeitstopp,1,0
backtest,BKNG,2022-02-17,2022-02-24,2022,14:00,1,0,QQQ,4h,-18.9,-5.5,331,17.1,-1.88,0,1,0,-1.88,0.923,7.58,11.12,14.55,1,2.48,0.21,2.9,13.72,13.57,29.57,-1.43,2.98,7.13,bullish,8.33,2.39,-3.07,0.389,0,-3.07,0.389,0,0,0,-12.78,-2.85,-10.3,26.6,-2.84,4,0.44,-19.74,stopp,0,2
backtest,PCAR,2022-02-17,2022-02-24,2022,18:00,1,0,QQQ,4h,-4.7,-1.5,779,17.1,-4.32,0,1,271,-1.99,0.908,1.89,5.16,10.98,1,3.6,0.43,0.32,1.23,8.42,21.83,0.31,2.29,4.64,bullish,10.12,2.03,-6.42,0.69,15,-6.42,0.69,15,0,0,-12.78,-2.85,-10.3,20.87,-1.07,4,0.12,-6.13,stopp,0,2
backtest,CTSH,2022-02-25,2022-03-14,2022,18:00,1,0,QQQ,4h,1.1,0,1571,17.1,-5.22,0,0,9,-5.22,0.819,0.72,1.09,12.98,1,3.1,1.14,-3.44,5.51,6.91,11.75,1.47,2.98,4.6,bullish,0.45,1.54,-10.63,0.509,9,-10.63,0.509,9,0,0,-16.59,-1.18,-14.23,24.65,0.24,11,3.38,-3.36,zeitstopp,0,4
backtest,EXC,2022-02-25,2022-03-14,2022,18:00,1,0,QQQ,4h,2.8,nan,nan,17.1,-2.61,0,1,14,-2.61,0.934,1.99,5.36,18.99,1,3.85,3.07,-0.85,4.82,7.36,20.26,2.95,2.17,4.53,neutral,0.0,2.09,-8.12,0.679,14,-8.12,0.679,14,0,0,-16.59,-1.18,-14.23,25.17,0.64,11,5.2,-2.89,zeitstopp,1,4
backtest,FTNT,2022-02-25,2022-03-08,2022,10:00,1,0,QQQ,4h,-9.7,nan,nan,12.3,-15.27,0,0,39,-15.27,0.73,2.82,-0.59,7.24,1,-2.49,3.62,-1.22,16.71,-3.37,3.4,-0.46,5.26,3.83,bearish,-10.6,0.73,-29.3,0.479,39,-29.3,0.479,39,0,0,-16.59,-1.18,-14.23,12.66,-2.62,7,11.59,-13.49,stopp,0,4
backtest,DLTR,2022-03-03,2022-03-18,2022,18:00,1,0,QQQ,4h,4.3,-0.3,72,17.2,-1.07,0,1,66,-1.07,0.975,7.25,8.49,30.47,1,-0.19,2.13,2.73,4.23,4.55,54.54,5.61,3.58,14.29,bearish,-0.56,3.99,-9.81,1.108,2,-17.24,0.938,66,0,0,-14.94,-5.01,-11.72,18.43,0.34,11,6.79,-4.82,zeitstopp,1,3
backtest,VRTX,2022-03-11,2022-03-28,2022,14:00,1,0,QQQ,4h,4.6,-2.2,25,17.2,-20.74,0,0,423,-4.84,0.843,3.71,4.39,18.64,1,4.17,0.98,2.65,-0.95,17.1,28.62,0.28,2.45,5.19,bearish,-4.61,2.12,-11.63,0.584,25,-11.63,0.584,25,0,0,-18.84,-9.67,-17.0,41.07,0.94,11,6.45,-2.67,zeitstopp,0,1
backtest,ADP,2022-03-15,2022-05-02,2022,17:00,1,0,QQQ,4h,4,2.9,1069,17.2,-14.69,0,0,51,-14.69,0.472,3.9,-0.7,0.04,1,-5.54,0.64,-0.17,2.08,-12.12,4.48,2.09,2.63,4.13,bullish,0.95,1.57,-22.77,0.355,51,-22.77,0.355,51,0,0,-22.05,-8.32,-19.96,9.79,1.01,33,13.86,-1.64,struktur,0,2
backtest,ORLY,2022-03-15,2022-03-30,2022,17:00,1,0,QQQ,4h,1.7,4.2,88,17.2,-2.79,0,1,50,-2.79,0.915,3.94,4.0,10.64,1,-0.83,1.88,2.18,0.98,-1.11,14.89,2.41,2.87,5.74,bullish,0.78,2.0,-12.67,0.78,50,-12.67,0.78,50,0,0,-22.05,-8.32,-19.96,23.55,0.31,11,2.02,-3.04,zeitstopp,0,2
backtest,FTNT,2022-03-17,2022-04-22,2022,13:00,1,0,QQQ,4h,8.3,-9.7,9,12.3,-20.31,0,0,53,-20.31,0.631,-3.44,-3.29,-1.44,1,-3.8,3.36,3.52,-7.72,-5.78,-1.32,-0.43,6.02,12.81,bullish,5.76,2.13,-29.3,0.307,53,-29.3,0.307,53,0,0,-16.63,-4.44,-12.22,7.34,0.73,25,20.7,-2.38,struktur,0,3
backtest,PANW,2022-03-18,2022-04-22,2022,13:00,1,0,QQQ,4h,4.2,nan,nan,9.7,-5.45,0,0,12,-5.45,0.886,4.65,8.31,19.58,1,0.0,4.25,2.23,7.17,4.42,16.35,0.39,4.48,12.36,bullish,11.4,2.76,-15.0,0.637,12,-15.0,0.637,12,0,0,-15.62,-3.26,-13.14,20.21,0.39,24,13.17,-1.18,struktur,1,4
backtest,EXC,2022-03-24,2022-05-02,2022,09:00,1,0,QQQ,4h,6.7,2.8,10,17.2,-1.84,0,1,12,-1.84,0.946,1.47,4.79,19.12,1,3.98,3.31,0.6,7.55,14.53,25.99,0.47,1.96,3.48,bullish,2.46,1.78,-4.52,0.592,12,-4.52,0.592,12,0,1,-13.7,6.93,-9.49,26.54,2.01,26,15.49,-0.29,struktur,1,4
backtest,DLTR,2022-03-25,2022-04-11,2022,13:00,1,0,QQQ,4h,3.9,4.3,7,17.2,-0.6,0,1,4,-0.6,0.987,5.49,12.09,34.02,1,2.87,3.9,1.11,15.22,14.89,83.24,0.0,3.14,3.65,bullish,9.85,1.16,-3.17,0.81,4,-3.17,0.81,4,0,1,-11.78,5.76,-8.59,25.69,1.11,11,5.92,-1.82,zeitstopp,1,5
backtest,DXCM,2022-03-25,2022-04-25,2022,17:00,1,0,QQQ,4h,-8.3,-9.8,121,16.9,-27.21,0,0,86,-27.21,0.474,12.08,13.28,-3.94,0,-8.56,1.46,3.0,14.6,-18.23,-18.22,2.48,4.38,8.31,bearish,-21.49,1.9,-36.93,0.534,62,-44.54,0.389,86,0,1,-11.78,5.76,-8.59,-10.54,-1.09,20,12.3,-9.3,stopp,0,5
backtest,MRVL,2022-03-25,2022-04-07,2022,09:00,1,0,QQQ,4h,-11.4,-5.7,72,17.2,-20.76,0,0,73,-20.76,0.633,10.97,6.22,9.87,1,-10.0,3.14,6.27,8.81,-16.4,16.46,0.75,5.39,9.03,bearish,-11.2,1.68,-35.84,0.471,55,-37.26,0.443,73,0,1,-11.78,5.76,-8.59,-8.54,-1.37,9,3.06,-14.44,stopp,0,5
backtest,AZN,2022-03-29,2022-04-13,2022,14:00,1,0,QQQ,4h,3.9,nan,nan,17.2,-0.1,0,1,2,-0.1,0.996,6.85,10.98,13.92,1,3.51,1.1,2.99,7.39,14.47,13.18,0.94,1.97,5.53,bullish,5.46,2.81,-3.07,0.967,2,-3.07,0.967,2,0,1,-10.49,5.35,-9.45,26.41,0.75,11,8.65,-0.76,zeitstopp,1,4
backtest,SNPS,2022-04-05,2022-04-07,2022,14:00,1,0,QQQ,4h,-4.8,-12,85,17.2,-10.29,0,0,67,-10.29,0.745,7.54,10.01,7.19,0,-3.49,1.88,2.34,15.13,-5.8,17.6,-0.41,3.26,3.62,bullish,7.53,1.11,-23.92,0.737,62,-27.17,0.621,67,1,1,-9.42,13.82,-7.95,2.33,-1.37,2,0.41,-5.98,stopp,0,1
backtest,COST,2022-04-06,2022-04-22,2022,18:00,1,0,QQQ,4h,1.8,1.6,99,17.3,-1.1,0,1,3,-1.1,0.972,4.39,9.52,18.66,1,1.98,3.71,0.94,9.93,2.12,29.33,0.79,1.8,2.5,bullish,9.75,1.39,-2.53,0.567,3,-2.53,0.567,3,0,1,-11.43,11.81,-8.81,11.98,0.74,11,5.58,-1.64,zeitstopp,1,2
backtest,ORLY,2022-04-07,2022-04-25,2022,18:00,1,0,QQQ,4h,-1.2,1.7,8,17.3,0.65,1,1,67,0.65,1.023,3.74,6.79,12.14,1,0.6,2.5,0.66,3.92,2.31,14.39,2.05,2.48,9.14,bullish,3.0,3.69,-6.07,1.245,7,-12.67,1.052,67,0,1,-13.35,5.58,-7.96,11.16,-0.14,11,4.64,-2.82,zeitstopp,1,4
backtest,REGN,2022-04-07,2022-04-25,2022,18:00,1,0,QQQ,4h,-4.9,-2.5,204,17.3,1.38,1,1,1,1.38,1.041,5.64,11.91,15.82,1,3.99,2.72,2.31,13.62,19.03,29.6,1.67,2.22,5.57,bullish,1.94,2.51,-3.0,1.46,1,-3.0,1.46,1,0,1,-13.35,5.58,-7.96,29.32,-0.93,11,3.78,-6.54,zeitstopp,1,4
backtest,LULU,2022-04-12,2022-04-27,2022,18:00,1,0,QQQ,4h,-8.1,-7.6,131,14.7,-21.05,0,0,100,-21.05,0.508,12.31,17.11,-0.22,0,0.1,0.08,-4.02,27.49,5.83,-4.48,4.01,3.89,6.14,bullish,17.39,1.58,-7.86,0.817,8,-42.78,0.508,100,0,0,-16.38,7.27,-10.21,17.86,-1.4,10,7.08,-8.73,stopp,0,4
backtest,CRWD,2022-04-13,2022-04-25,2022,18:00,1,0,QQQ,4h,-14.1,-0.6,154,2.8,-20.88,0,0,105,-20.88,0.58,8.62,20.95,2.83,0,8.85,-0.68,1.61,18.48,13.97,-11.57,5.66,4.9,14.44,bullish,13.21,2.95,-5.86,0.999,0,-49.74,0.58,105,0,0,-16.74,3.57,-11.91,29.38,-1.12,7,2.47,-14.46,stopp,0,5
backtest,TMUS,2022-04-14,2022-04-25,2022,14:00,0,0,QQQ,4h,-4.2,-1.9,640,15.0,-10.48,0,0,188,-10.48,0.677,3.97,6.81,6.85,1,7.12,-1.23,0.85,5.55,21.65,15.79,-0.29,2.01,4.62,bullish,1.86,2.3,-2.49,0.82,0,-2.49,0.82,0,0,0,-15.04,1.9,-10.47,35.88,-0.96,6,0.52,-6.01,stopp,0,6
backtest,PAYX,2022-04-20,2022-04-25,2022,18:00,0,0,QQQ,4h,-5.9,5.1,187,17.3,-1.51,0,1,9,-1.51,0.955,3.39,10.65,16.53,1,4.85,2.75,0.45,8.53,12.39,15.75,1.69,2.44,3.82,bullish,14.18,1.57,-4.98,0.697,9,-4.98,0.697,9,0,0,-15.07,-1.09,-6.44,20.13,-1.61,3,1.07,-8.18,stopp,0,4
backtest,XEL,2022-04-20,2022-04-28,2022,14:00,0,0,QQQ,4h,1.1,5.4,1035,17.3,-1.06,0,1,5,-1.06,0.947,2.61,7.04,11.89,1,2.68,1.0,0.65,7.96,10.2,17.32,-0.16,1.57,2.15,bullish,4.81,1.37,-2.44,0.563,5,-2.44,0.563,5,0,0,-15.07,-1.09,-6.44,17.78,0.52,6,1.78,-3.11,stopp,1,4
backtest,AMGN,2022-04-21,2022-04-29,2022,18:00,0,0,QQQ,4h,-8.4,1,709,17.3,-3.02,0,1,309,-0.15,0.994,4.66,9.38,16.01,1,3.57,0.48,2.14,8.0,11.36,25.61,1.05,1.83,4.12,bullish,7.84,2.25,-4.52,0.967,6,-4.52,0.967,6,0,0,-16.31,-4.41,-6.78,19.46,-2.11,6,0.12,-10.43,stopp,0,6
backtest,AZN,2022-04-21,2022-04-25,2022,14:00,0,0,QQQ,4h,-6.4,3.9,8,17.3,-3.17,0,1,7,-3.17,0.898,2.47,10.21,18.1,1,7.09,1.78,0.35,8.15,17.67,16.32,0.84,1.9,3.72,bullish,14.46,1.96,-5.7,0.444,7,-5.7,0.444,7,0,0,-16.31,-4.41,-6.78,26.23,-1.79,2,-0.48,-6.65,stopp,0,6
backtest,AEP,2022-04-28,2022-05-03,2022,18:00,1,0,QQQ,4h,-3.8,nan,nan,17.3,-2.04,0,1,14,-2.04,0.916,1.15,6.71,16.61,1,5.64,2.23,-3.21,0.85,13.02,20.04,3.15,1.81,5.25,bullish,6.79,2.9,-6.31,0.676,14,-6.31,0.676,14,0,0,-22.3,-14.66,-7.96,22.79,-0.76,3,0.09,-5.53,struktur,0,5
backtest,KHC,2022-04-28,2022-05-13,2022,18:00,1,0,QQQ,4h,-1.7,-1.8,323,6.8,-43.63,0,0,1306,-1.61,0.941,5.5,10.65,19.14,1,6.49,0.63,-1.08,8.92,20.24,20.26,2.07,2.36,5.08,bullish,9.99,2.15,-6.07,0.735,4,-6.07,0.735,4,0,0,-22.3,-14.66,-7.96,30.63,-0.35,11,2.52,-5.66,zeitstopp,0,5
backtest,MAR,2022-04-29,2022-05-04,2022,10:00,1,0,QQQ,4h,-4.3,-6.2,58,17.3,-6.07,0,0,5,-6.07,0.827,4.4,7.24,17.2,1,3.06,2.37,0.21,4.6,20.07,15.49,-0.3,3.45,5.66,bullish,9.26,1.64,-10.2,0.405,5,-10.2,0.405,5,0,0,-19.54,-10.65,-3.72,24.71,-0.81,3,0.61,-7.18,stopp,0,7
backtest,VRTX,2022-04-29,2022-05-03,2022,18:00,1,0,QQQ,4h,-3.6,4.6,32,17.3,-9.65,0,0,457,-5.54,0.861,0.31,8.39,28.28,1,6.52,3.88,-4.64,4.72,17.71,48.47,2.94,2.4,5.06,bullish,14.84,2.11,-10.43,0.469,9,-10.43,0.469,9,0,0,-19.54,-10.65,-3.72,22.26,-0.75,2,1.15,-8.12,stopp,0,7
backtest,MAR,2022-05-05,2022-05-10,2022,10:00,1,0,QQQ,4h,-6.6,-4.3,1,17.3,-8.11,0,0,9,-8.11,0.769,1.79,4.91,14.04,1,2.15,2.48,0.58,4.16,12.66,13.23,-0.68,3.86,6.46,bullish,9.26,1.67,-12.82,0.367,9,-12.82,0.367,9,0,0,-19.15,-8.72,-10.44,25.8,-1.09,3,1.95,-9.95,stopp,0,4
backtest,KHC,2022-05-13,2022-05-19,2022,18:00,1,0,QQQ,4h,-11.8,-1.7,0,6.9,-43.35,0,0,1317,-1.98,0.928,2.2,8.15,18.8,1,6.8,1.3,-0.21,2.5,26.88,17.36,2.16,2.71,2.98,bullish,9.99,1.1,-5.03,0.605,2,-5.03,0.605,2,0,0,-28.58,-15.94,-18.67,56.0,-4.1,4,1.25,-13.82,stopp,0,2
backtest,MNST,2022-05-13,2022-05-31,2022,18:00,1,0,QQQ,4h,1.7,3.7,1607,17.4,-11.86,0,0,191,-11.86,0.578,3.38,7.81,-0.08,0,0.84,-0.84,3.18,1.99,2.21,-6.85,2.75,3.64,8.17,bullish,5.32,2.24,-6.7,1.002,15,-27.3,0.603,88,0,0,-28.58,-15.94,-18.67,25.67,0.23,11,2.5,-3.29,zeitstopp,0,2
backtest,AMD,2022-05-17,2022-06-02,2022,18:00,1,0,QQQ,4h,-0.6,-13.9,127,17.4,-38.33,0,0,115,-38.33,0.313,11.83,0.13,-13.83,0,-9.83,-0.11,9.12,0.37,-17.53,-36.28,7.62,6.66,23.03,bearish,-20.67,3.46,-33.74,0.428,32,-49.37,0.224,115,0,0,-26.8,-11.88,-14.01,-4.09,-0.03,11,7.97,-12.98,zeitstopp,0,2
backtest,AEP,2022-05-25,2022-06-10,2022,10:00,1,0,QQQ,4h,-3.7,-3.8,22,17.4,-2.75,0,1,33,-2.75,0.886,1.68,2.11,13.94,1,4.04,1.7,1.81,3.82,21.72,23.28,-1.06,2.24,4.7,bearish,-2.29,2.1,-7.46,0.632,33,-7.46,0.632,33,0,0,-29.54,-9.43,-12.7,39.43,-0.81,11,2.47,-4.08,zeitstopp,0,2
backtest,XEL,2022-05-25,2022-06-10,2022,14:00,1,0,QQQ,4h,-6.6,1.1,27,17.4,-1.02,0,1,0,-1.02,0.951,2.21,3.44,11.74,1,3.74,1.03,1.27,3.92,18.27,16.6,-0.84,2.19,3.75,bullish,5.54,1.71,-3.87,0.736,0,-3.87,0.736,0,0,0,-29.54,-9.43,-12.7,35.47,-1.83,11,1.34,-7.07,stopp,1,2
backtest,KLAC,2022-05-26,2022-06-13,2022,18:00,1,0,QQQ,4h,-8.6,-8.5,126,17.4,-22.37,0,0,91,-22.37,0.403,6.57,3.66,-2.73,0,-1.49,0.25,1.24,7.73,-5.25,-17.47,4.37,4.87,9.1,bullish,1.1,1.87,-20.8,0.59,40,-32.78,0.318,91,0,0,-28.56,-8.05,-14.35,10.63,-1.03,11,5.55,-11.36,stopp,0,3
backtest,PAYX,2022-06-03,2022-06-14,2022,14:00,1,0,QQQ,4h,-5.8,-5.9,39,17.4,-11.12,0,0,40,-11.12,0.627,4.19,-2.18,3.39,1,-0.12,0.66,6.75,-4.29,5.28,8.27,-0.51,2.39,4.15,bearish,-0.46,1.74,-19.07,0.417,40,-19.07,0.417,40,0,0,-22.89,-4.62,-8.03,14.48,-1.46,7,1.7,-7.28,stopp,0,3
backtest,VRTX,2022-06-08,2022-06-10,2022,18:00,1,0,QQQ,4h,-7.4,-3.6,36,17.4,-9.46,0,0,484,-5.34,0.866,6.31,3.94,23.69,1,2.78,2.87,1.19,15.68,13.89,32.58,1.93,2.8,7.39,bearish,-5.72,2.64,-20.41,0.738,36,-20.41,0.738,36,0,0,-23.99,4.28,-4.05,18.69,-1.08,2,0.73,-8.75,stopp,0,1
backtest,JD,2022-06-16,2022-07-05,2022,10:00,1,0,QQQ,4h,3.7,-1.4,471,8.1,-40.34,0,0,335,-30.29,0.451,10.77,13.56,-7.35,0,-0.39,-1.69,-3.23,22.87,2.91,-15.08,-2.02,5.5,10.52,bullish,22.34,1.91,-32.55,0.787,61,-48.84,0.581,101,0,0,-30.63,-7.63,-16.8,23.68,0.39,11,8.36,-3.76,zeitstopp,0,1
backtest,PDD,2022-06-21,2022-07-07,2022,18:00,1,0,QQQ,4h,-3,18.4,473,3.9,-69.47,0,0,338,-51.5,0.377,24.86,46.5,2.95,0,10.6,-5.6,-1.58,40.31,38.5,3.35,10.0,9.33,17.53,bullish,45.58,1.88,-21.0,0.883,7,-67.43,0.867,103,0,0,-32.62,-5.14,-21.75,77.0,-0.2,11,5.87,-8.43,zeitstopp,0,2
backtest,TMUS,2022-06-21,2022-09-06,2022,14:00,1,0,QQQ,4h,9.9,-4.2,57,15.2,-13.81,0,0,233,-13.81,0.574,-1.41,-0.17,5.58,1,1.19,-0.79,-2.24,1.36,0.32,5.81,1.46,2.77,7.4,bullish,2.83,2.67,-12.39,0.447,9,-12.39,0.447,9,0,0,-32.62,-5.14,-21.75,28.21,1.44,53,14.35,-0.35,struktur,0,2
backtest,AMGN,2022-06-22,2022-07-08,2022,10:00,1,0,QQQ,4h,5.1,-8.4,54,17.5,-10.6,0,0,351,-8.52,0.649,-3.68,-3.31,5.48,1,1.34,1.13,0.69,-3.67,1.69,8.94,-1.01,2.26,3.88,bullish,0.62,1.72,-11.04,0.229,13,-11.04,0.229,13,0,0,-30.92,-2.45,-19.56,26.42,1.38,11,6.03,0.38,struktur,0,3
backtest,VRTX,2022-06-23,2022-07-11,2022,18:00,1,0,QQQ,4h,4.7,-7.4,13,17.5,-8.28,0,0,494,-4.11,0.897,6.06,5.86,23.64,1,1.04,3.05,9.33,1.48,8.11,26.41,3.09,3.25,15.59,bearish,-4.65,4.8,-20.41,0.799,46,-20.41,0.799,46,0,0,-31.02,-4.18,-21.22,37.23,0.35,11,5.74,-2.33,zeitstopp,0,4
backtest,MNST,2022-07-05,2022-07-20,2022,18:00,1,0,QQQ,4h,1.6,1.7,35,17.5,-5.02,0,0,225,-5.02,0.822,4.95,7.49,9.12,1,4.16,-0.71,0.01,4.7,18.39,-0.84,0.31,2.91,6.03,bullish,1.95,2.07,-4.58,1.035,3,-27.3,0.857,122,0,0,-30.66,-10.09,-22.03,51.83,0.28,11,4.29,-1.95,zeitstopp,0,0
backtest,SGEN,2022-07-07,2022-07-19,2022,14:00,1,0,QQQ,4h,-8.2,-3.9,615,6.5,-13.53,0,0,434,-4.04,0.911,13.82,27.38,23.13,0,4.89,0.27,-1.87,22.88,16.82,10.95,5.64,4.11,7.14,bullish,23.13,1.74,-3.9,1.494,4,-3.9,1.494,4,0,0,-29.02,-5.82,-21.65,49.1,-1.23,8,-1.08,-9.45,stopp,0,1
backtest,SGEN,2022-07-26,2022-08-10,2022,18:00,1,0,QQQ,4h,-2.2,-8.2,7,6.6,-15.72,0,0,447,-6.48,0.857,2.45,14.4,19.56,1,12.14,0.98,2.59,-3.62,25.25,35.51,4.32,2.87,7.12,bullish,24.14,2.48,-8.46,0.826,12,-8.46,0.826,12,0,1,-26.21,1.92,-7.55,35.47,-0.33,11,0.8,-3.99,zeitstopp,0,0
backtest,AAPL,2022-07-28,2022-09-30,2022,10:00,1,0,QQQ,4h,-9,2.2,189,17.6,-14.83,0,0,140,-14.83,0.493,5.37,8.12,-1.95,0,-2.88,0.23,2.45,14.08,0.14,-1.6,-0.89,2.36,4.08,bearish,-8.72,1.73,-22.38,0.708,57,-28.05,0.524,81,0,1,-24.6,8.21,-3.07,3.31,-2.28,45,13.52,-11.07,stopp,0,2
backtest,KLAC,2022-07-28,2022-08-12,2022,18:00,1,0,QQQ,4h,2.5,-8.6,45,17.6,-19.3,0,0,133,-19.3,0.489,12.06,9.42,1.35,0,0.0,-0.55,1.32,9.41,15.12,-1.83,1.54,3.33,7.99,bearish,-7.28,2.4,-24.04,0.937,40,-29.88,0.696,114,0,1,-24.6,8.21,-3.07,18.77,0.33,11,8.8,-3.47,zeitstopp,0,2
backtest,SNPS,2022-08-05,2022-08-22,2022,10:00,1,0,QQQ,4h,-3.8,-4.8,120,17.6,-1.35,0,1,151,-1.35,0.958,10.45,16.18,16.31,1,7.17,1.07,2.66,16.55,24.43,17.95,0.06,2.52,4.81,bullish,0.7,1.91,-1.29,1.006,0,-1.29,1.006,0,0,1,-20.28,9.97,-1.39,26.18,-0.83,11,5.01,-4.41,zeitstopp,1,2
backtest,ODFL,2022-08-09,2022-08-24,2022,14:00,1,0,QQQ,4h,-4,nan,nan,17.6,-18.05,0,0,167,-18.05,0.525,8.92,15.15,1.58,0,2.06,-0.44,1.03,13.87,9.6,-0.65,-0.46,3.03,5.65,bullish,1.4,1.86,-2.15,0.354,0,-29.7,0.763,97,0,1,-21.18,10.96,3.91,5.48,-0.75,11,5.96,-5.1,zeitstopp,0,1
backtest,VRSK,2022-08-15,2022-08-23,2022,18:00,1,0,QQQ,4h,-3.5,1.3,1088,12.8,-11.12,0,0,181,-11.12,0.655,7.43,14.54,3.76,0,3.59,-0.8,2.26,13.44,17.04,4.58,0.96,2.02,3.18,bearish,-19.47,1.57,-2.08,1.009,1,-29.61,0.743,88,0,1,-18.8,13.2,13.7,2.95,-1.14,6,1.07,-5.11,stopp,0,1
backtest,CEG,2022-08-25,2022-10-17,2022,18:00,1,0,QQQ,4h,1.8,nan,nan,0.6,-0.86,0,1,7,-0.86,0.984,8.75,27.01,nan,nan,9.82,nan,0.84,44.99,41.8,87.93,1.68,3.2,3.81,bullish,35.13,1.19,-4.04,0.787,7,-4.04,0.787,7,0,1,-22.58,2.67,9.88,29.05,0.5,36,10.35,-3.35,struktur,1,0
backtest,AZN,2022-08-26,2022-08-31,2022,10:00,1,0,QQQ,4h,-7.9,-6.4,123,17.6,-4.32,0,1,95,-4.32,0.837,3.03,3.96,10.47,1,1.08,0.96,2.65,3.03,2.89,18.26,-0.2,1.76,4.12,bullish,1.24,2.34,-1.11,0.82,0,-18.54,0.767,95,0,1,-21.21,3.48,10.28,-6.7,-2.01,3,0.2,-8.75,stopp,0,2
backtest,XEL,2022-08-26,2022-09-13,2022,14:00,1,0,QQQ,4h,1.5,-6.6,77,17.6,-2.63,0,1,5,-2.63,0.885,0.36,5.74,8.53,1,1.02,1.77,-1.18,5.36,1.22,19.02,-0.77,1.31,1.89,bullish,6.61,1.44,-3.47,0.243,5,-3.47,0.243,5,0,1,-21.21,3.48,10.28,-8.21,0.8,11,2.87,-1.78,zeitstopp,1,2
backtest,GILD,2022-09-01,2022-09-19,2022,18:00,1,0,QQQ,4h,3.2,nan,nan,17.7,-34.33,0,0,1810,-11.44,0.495,0.79,2.53,1.47,0,1.37,-0.14,-0.24,1.93,-0.78,6.27,0.86,1.87,5.17,bullish,5.11,2.76,-8.1,0.467,10,-8.1,0.467,10,0,0,-26.45,-7.32,-2.01,1.25,0.66,11,7.6,-1.9,zeitstopp,0,3
backtest,AEP,2022-09-08,2022-09-22,2022,10:00,1,0,QQQ,4h,-6.1,-3.7,90,17.7,-0.7,0,1,13,-0.7,0.973,1.83,6.48,12.17,1,3.06,2.34,3.36,4.15,3.06,11.7,0.0,1.91,5.8,bullish,8.46,3.04,-5.2,0.865,13,-5.2,0.865,13,0,0,-26.53,-5.71,-3.33,6.61,-1.12,10,0.82,-6.4,stopp,1,2
backtest,REGN,2022-09-08,2022-09-23,2022,18:00,1,0,QQQ,4h,-2.5,-4.9,136,17.7,-5.84,0,0,103,-5.84,0.791,15.4,16.71,11.3,0,0.49,-0.23,1.37,-4.13,-2.86,-2.98,17.99,2.52,24.23,bullish,4.49,9.62,-12.31,1.638,14,-28.02,0.791,103,0,0,-26.53,-5.71,-3.33,0.49,-0.13,11,7.24,-7.26,zeitstopp,1,2
backtest,SBUX,2022-09-14,2022-09-29,2022,18:00,1,0,QQQ,4h,-6.6,-2.2,404,17.7,-24.46,0,0,287,-20.7,0.507,7.6,10.65,6.0,0,5.5,-2.64,3.93,-1.48,22.08,12.2,5.85,2.8,15.0,bullish,12.39,5.36,-4.77,1.603,1,-25.65,1.065,113,0,0,-27.82,-11.82,6.85,14.26,-0.51,11,0.54,-10.55,zeitstopp,0,2
backtest,GILD,2022-09-20,2022-09-22,2022,10:00,1,0,QQQ,4h,-3.5,3.2,1,17.7,-31.92,0,0,1822,-8.19,0.639,2.81,5.1,5.32,1,2.26,-0.19,-2.12,1.88,13.73,13.43,-0.3,2.32,3.25,bullish,2.96,1.4,-5.73,0.364,5,-5.73,0.364,5,0,0,-28.34,-9.69,6.35,6.94,-1.1,2,-0.14,-4.1,stopp,0,1
backtest,GILD,2022-09-28,2022-10-13,2022,18:00,1,0,QQQ,4h,1,-3.5,6,17.7,-33.81,0,0,1828,-10.74,0.526,-0.35,1.81,2.55,1,1.72,-0.3,-3.02,1.43,1.82,8.37,1.86,2.48,3.65,bullish,2.96,1.47,-8.72,0.274,11,-8.72,0.274,11,0,0,-32.42,-9.67,-3.02,4.99,0.29,11,6.22,-3.68,zeitstopp,0,2
backtest,VRTX,2022-09-28,2022-10-13,2022,18:00,1,0,QQQ,4h,-2.7,4.7,79,17.7,-4.3,0,1,561,-4.26,0.9,2.8,2.1,12.45,1,-0.01,3.66,-0.77,1.12,3.1,11.35,2.88,2.94,6.99,bearish,-3.21,2.38,-9.6,0.557,30,-9.6,0.557,30,0,0,-32.42,-9.67,-3.02,6.32,-0.42,11,3.87,-3.19,zeitstopp,0,2
backtest,PDD,2022-10-04,2022-10-12,2022,18:00,1,0,QQQ,4h,-16.3,-3,89,4.2,-68.5,0,0,411,-35.79,0.54,2.65,14.8,27.51,1,4.28,-0.61,3.28,-13.22,-5.96,46.89,6.9,5.17,15.06,bearish,-1.92,2.91,-19.49,0.575,20,-19.49,0.575,20,0,0,-32.66,-7.16,-4.51,-1.52,-1.25,6,1.72,-18.11,stopp,0,2
backtest,BIIB,2022-10-13,2022-10-28,2022,18:00,1,0,QQQ,4h,3.8,-30.3,702,17.8,-44.22,0,0,1905,-6.97,0.801,13.89,22.03,25.16,1,4.11,0.12,-3.06,24.28,18.39,21.92,5.59,5.46,8.09,bullish,31.12,1.48,-11.69,0.529,10,-11.69,0.529,10,0,0,-35.33,-11.11,-8.21,28.98,0.51,11,6.53,-6.0,zeitstopp,0,2
backtest,GILD,2022-10-13,2022-12-21,2022,18:00,1,0,QQQ,4h,29.7,1,0,17.8,-31.24,0,0,1839,-7.28,0.679,3.21,4.15,6.97,1,2.25,-0.59,1.14,1.55,8.31,9.98,0.12,2.25,4.66,bullish,2.96,2.07,-9.78,0.724,22,-9.78,0.724,22,0,0,-35.33,-11.11,-8.21,17.99,6.67,48,37.5,-2.1,struktur,0,2
backtest,REGN,2022-10-14,2022-10-21,2022,14:00,1,0,QQQ,4h,-6.3,-2.5,21,17.8,-0.4,0,1,0,-0.4,0.986,5.34,13.32,17.33,1,7.78,1.22,3.1,6.9,24.2,3.1,-0.21,2.91,6.37,bullish,15.65,2.19,-5.96,0.933,0,-5.96,0.933,0,0,0,-33.82,-7.49,-7.73,34.61,-1.05,5,1.34,-7.13,stopp,1,2
backtest,PCAR,2022-10-19,2022-12-12,2022,14:00,1,0,QQQ,4h,12.3,-4.7,237,17.8,-7.99,0,0,439,-5.75,0.719,4.19,2.51,4.05,1,0.56,0.26,1.83,5.41,8.55,7.0,-0.33,2.83,6.17,bullish,2.6,2.18,-13.84,0.681,44,-13.84,0.681,44,0,0,-33.16,-5.97,-10.25,20.95,2.12,37,18.98,-3.42,struktur,1,3
backtest,COST,2022-10-24,2022-11-08,2022,18:00,1,0,QQQ,4h,-0.7,1.8,185,17.8,-18.88,0,0,136,-18.88,0.436,4.45,-2.01,-3.39,0,-4.42,-1.49,5.18,2.69,-9.33,-15.94,3.35,2.81,11.35,bearish,-8.98,4.04,-20.36,0.394,45,-28.61,0.548,125,0,0,-32.19,-0.03,-8.11,-1.33,-0.07,11,3.95,-3.82,zeitstopp,0,5
backtest,KDP,2022-10-24,2022-11-04,2022,18:00,1,0,QQQ,4h,-4.2,-1.7,248,14.5,-7.08,0,0,45,-7.08,0.647,2.1,0.58,3.08,1,-0.27,0.6,0.77,3.49,4.39,4.26,0.03,2.26,4.25,bearish,-5.4,1.88,-13.56,0.478,45,-13.56,0.478,45,0,0,-32.19,-0.03,-8.11,13.61,-1.03,9,5.57,-3.63,stopp,0,5
backtest,ORLY,2022-10-24,2022-12-14,2022,18:00,1,0,QQQ,4h,7.3,-1.2,182,17.8,1.86,1,1,47,1.86,1.074,5.59,6.69,13.14,1,1.44,0.58,1.66,8.1,8.58,5.12,2.8,2.17,6.21,bearish,-2.84,2.86,-9.44,1.197,47,-9.44,1.197,47,0,0,-32.19,-0.03,-8.11,18.17,1.25,36,13.87,-1.96,struktur,1,5
backtest,REGN,2022-10-24,2022-11-08,2022,14:00,1,0,QQQ,4h,4.2,-6.3,3,17.8,-5.91,0,0,5,-5.91,0.8,-0.5,6.17,11.38,1,7.78,1.35,-3.01,2.65,21.89,4.03,0.3,2.95,2.28,bullish,1.11,0.77,-8.35,0.293,5,-8.35,0.293,5,0,0,-32.19,-0.03,-8.11,32.64,1.9,11,7.46,-1.96,zeitstopp,1,5
backtest,VRTX,2022-10-24,2022-11-08,2022,14:00,1,0,QQQ,4h,0.4,-2.7,11,17.8,-1.4,0,1,579,-1.35,0.967,2.67,3.8,12.83,1,1.22,2.97,2.32,5.84,5.75,10.94,0.6,2.6,7.5,bullish,2.74,2.88,-9.6,0.859,48,-9.6,0.859,48,0,0,-32.19,-0.03,-8.11,15.09,0.06,11,5.49,-4.84,zeitstopp,1,5
backtest,ISRG,2022-10-25,2022-11-09,2022,18:00,1,0,QQQ,4h,1.2,2.2,418,17.8,-36.15,0,0,242,-36.15,0.295,20.55,14.91,-2.0,0,-6.03,-5.96,15.86,17.21,1.61,-13.66,7.16,4.24,15.31,bearish,-9.23,3.61,-26.61,0.857,54,-29.56,0.741,125,0,0,-31.45,1.49,-5.24,7.22,0.09,11,6.46,-4.21,zeitstopp,0,6
backtest,DXCM,2022-10-26,2022-11-23,2022,18:00,1,0,QQQ,4h,7.2,-8.3,184,17.5,-36.84,0,0,234,-36.84,0.38,10.12,16.36,10.26,0,3.77,-4.01,4.15,26.76,17.66,-4.65,3.15,5.11,14.8,bullish,11.7,2.9,-13.02,0.912,12,-37.99,0.909,123,0,0,-30.03,3.54,-7.2,26.79,0.56,20,18.47,-4.61,struktur,0,7
backtest,MNST,2022-10-28,2022-11-14,2022,18:00,1,0,QQQ,4h,5.4,1.6,100,17.8,-6.42,0,0,307,-6.34,0.774,4.01,4.52,6.62,1,-1.82,-0.47,5.43,4.22,-7.93,4.45,1.92,2.55,10.3,bearish,-1.17,4.04,-13.55,0.587,62,-14.24,0.555,63,0,0,-32.82,0.37,-13.35,6.25,0.58,11,7.49,-3.59,struktur,1,8
backtest,AMGN,2022-11-07,2022-12-28,2022,18:00,1,0,QQQ,4h,-3.6,5.1,122,17.8,-0.89,0,1,2,-0.89,0.971,5.76,12.86,15.28,1,2.4,1.63,-1.74,19.05,11.11,17.11,1.27,2.13,4.06,bearish,-1.35,1.91,-5.47,0.838,2,-5.47,0.838,2,0,0,-34.84,-1.64,-17.32,34.39,-0.91,35,8.89,-3.49,stopp,1,2
backtest,HON,2022-11-07,2022-11-22,2022,10:00,0,0,QQQ,4h,4.5,nan,nan,17.8,-9.75,0,0,319,-6.98,0.746,15.41,15.62,11.9,0,-3.38,-1.41,1.42,16.6,3.56,3.31,4.43,2.46,5.86,bearish,-7.18,2.38,-20.34,1.108,57,-20.34,1.108,57,0,0,-34.84,-1.64,-17.32,25.25,0.82,11,1.4,-4.57,zeitstopp,0,2
backtest,MRNA,2022-11-07,2023-02-09,2022,18:00,0,0,QQQ,4h,2.9,-21.8,306,3.9,-67.37,0,0,313,-56.9,0.181,17.92,21.98,9.52,0,-7.51,-5.5,4.93,32.76,-13.41,17.86,2.48,5.89,21.39,bearish,-2.29,3.63,-36.35,0.72,62,-41.74,0.574,65,0,0,-34.84,-1.64,-17.32,4.73,0.16,64,33.82,-4.02,struktur,0,2
backtest,BIIB,2022-11-08,2022-12-12,2022,18:00,1,0,QQQ,4h,-1.9,3.8,11,17.8,-39.5,0,0,1923,0.89,1.025,6.5,20.33,33.61,1,10.91,1.7,0.42,11.71,30.81,51.76,2.08,2.91,6.86,bullish,31.12,2.36,-2.39,1.374,0,-2.39,1.374,0,0,0,-34.12,0.44,-15.46,54.72,-0.3,23,7.35,-2.87,struktur,0,5
backtest,DLTR,2022-11-08,2022-11-23,2022,10:00,1,0,QQQ,4h,-5.3,3.9,211,17.8,-9.68,0,0,138,-9.68,0.751,7.77,11.6,5.01,0,-4.17,0.79,0.97,13.13,-5.28,-0.93,0.01,2.65,6.37,bearish,-1.13,2.4,-21.64,0.694,62,-23.55,0.622,75,0,0,-34.12,0.44,-15.46,12.04,-0.88,11,6.45,-8.08,zeitstopp,0,5
backtest,REGN,2022-11-08,2022-11-23,2022,18:00,1,0,QQQ,4h,-2,4.2,0,17.8,-0.21,0,1,4,-0.21,0.993,3.71,8.7,17.38,1,7.42,1.81,0.29,3.01,21.02,25.54,1.61,3.06,10.07,bullish,0.47,3.29,-8.18,0.975,4,-8.18,0.975,4,0,0,-34.12,0.44,-15.46,43.15,-0.22,11,0.87,-7.37,zeitstopp,1,5
backtest,CEG,2022-11-11,2022-11-29,2022,14:00,1,0,QQQ,4h,-0.7,1.8,25,0.8,-1.11,0,1,6,-1.11,0.982,5.97,9.52,44.5,1,5.37,nan,0.77,13.5,17.1,78.8,0.09,3.76,12.08,bullish,7.43,3.21,-10.6,0.895,6,-10.6,0.895,6,0,1,-30.39,5.18,-14.27,36.58,-0.07,11,2.96,-6.53,zeitstopp,1,7
backtest,ISRG,2022-11-11,2022-11-29,2022,10:00,0,0,QQQ,4h,1.4,1.2,2,17.9,-30.1,0,0,255,-30.01,0.414,12.98,22.5,8.92,0,0.36,-3.61,10.11,35.44,8.18,21.81,0.21,3.47,10.79,bearish,-9.23,3.11,-4.52,0.972,0,-4.52,0.972,0,0,1,-30.39,5.18,-14.27,26.18,0.14,11,3.59,-1.16,zeitstopp,0,7
backtest,CTAS,2022-11-21,2022-12-07,2022,18:00,1,0,QQQ,4h,0.2,-3.6,1106,17.9,-1.04,0,1,236,-1.04,0.959,5.35,10.12,13.65,1,0.42,1.07,1.51,12.65,5.27,24.9,0.04,2.49,4.19,bearish,-4.59,1.68,-3.16,0.798,3,-3.16,0.798,3,0,1,-29.88,3.41,-9.23,15.97,0.04,11,3.15,-0.73,zeitstopp,1,0
backtest,VRTX,2022-11-22,2022-12-08,2022,10:00,0,0,QQQ,4h,-0.1,0.4,14,17.9,-0.12,0,1,13,-0.12,0.997,3.09,6.54,15.43,1,2.54,2.82,3.32,1.84,10.46,17.83,0.57,2.98,6.35,bullish,4.64,2.13,-9.28,0.987,13,-9.28,0.987,13,0,1,-30.6,1.24,-10.09,22.86,-0.02,11,2.12,-2.5,zeitstopp,1,1
backtest,PDD,2022-11-28,2023-02-22,2022,14:00,1,0,QQQ,4h,12.9,-16.3,47,4.3,-64.49,0,0,449,0.88,1.013,19.97,24.43,42.45,1,-0.04,0.8,-6.8,23.8,14.21,56.81,14.83,6.63,17.69,bullish,6.78,2.67,-46.86,1.072,58,-46.86,1.072,58,0,1,-29.36,5.15,-6.51,22.16,0.86,58,40.9,-2.58,struktur,0,2
backtest,ADP,2022-12-01,2022-12-16,2022,18:00,1,0,QQQ,4h,-6.8,4,213,17.9,0.25,1,1,0,0.25,1.009,5.55,10.6,17.16,1,1.58,2.04,0.83,8.42,8.54,21.53,0.55,2.27,7.42,bearish,-1.88,3.27,-3.89,1.064,0,-3.89,1.064,0,0,1,-27.77,6.63,-1.8,10.53,-0.99,11,4.01,-7.52,zeitstopp,1,6
backtest,ENPH,2022-12-01,2022-12-16,2022,14:00,1,0,QQQ,4h,-3.3,nan,nan,10.7,-1.37,0,1,58,-1.37,0.979,6.24,13.09,39.85,1,0.2,7.75,0.05,7.05,11.92,75.68,-0.06,5.42,6.79,bullish,8.99,1.25,-27.96,0.951,58,-27.96,0.951,58,0,1,-27.77,6.63,-1.8,13.97,-0.51,11,6.09,-6.68,zeitstopp,1,6
backtest,ISRG,2022-12-01,2022-12-16,2022,10:00,1,0,QQQ,4h,-2,1.4,2,17.9,-26.92,0,0,268,-26.82,0.476,5.83,20.13,14.54,0,8.6,-1.12,2.85,9.53,31.42,24.95,-0.08,2.85,6.11,bullish,31.99,2.14,-3.7,0.97,0,-3.7,0.97,0,0,1,-27.77,6.63,-1.8,33.83,-0.35,11,5.52,-3.38,zeitstopp,0,6
backtest,KHC,2022-12-01,2022-12-16,2022,10:00,0,0,QQQ,4h,0.8,-11.8,196,7.4,-47.94,0,0,1456,-9.93,0.642,3.54,8.67,4.79,0,1.76,0.94,2.06,4.04,6.31,7.84,-0.4,1.87,9.44,bullish,7.07,5.05,-2.63,0.8,0,-2.63,0.8,0,0,1,-27.77,6.63,-1.8,8.25,0.09,11,3.68,0.0,zeitstopp,0,6
backtest,SBUX,2022-12-01,2022-12-16,2022,10:00,0,0,QQQ,4h,-2.9,-6.6,63,17.9,-16.47,0,0,342,-11.16,0.729,5.83,12.69,22.15,1,4.44,0.3,3.83,18.01,23.68,37.09,-1.12,2.05,5.15,bearish,-1.84,2.51,-3.95,0.626,0,-3.95,0.626,0,0,1,-27.77,6.63,-1.8,25.95,-0.59,11,4.45,-3.0,zeitstopp,0,6
backtest,TMUS,2022-12-05,2022-12-09,2022,10:00,0,0,QQQ,4h,-6.3,9.9,90,15.6,-0.9,0,1,21,-0.9,0.974,2.59,7.01,12.62,1,1.94,2.53,0.9,2.86,7.34,11.56,0.39,1.98,4.65,bullish,8.2,2.35,-7.32,0.877,21,-7.32,0.877,21,0,1,-27.97,12.31,-0.71,8.11,-1.42,4,-0.39,-7.71,stopp,0,6
backtest,REGN,2022-12-08,2022-12-16,2022,18:00,1,0,QQQ,4h,-7.1,-2,15,17.9,0.71,1,1,19,0.71,1.023,4.14,5.23,16.84,1,4.45,1.95,1.67,1.64,8.11,26.09,1.41,2.16,5.39,bearish,-0.08,2.5,-8.17,1.086,19,-8.17,1.086,19,0,1,-30.93,4.08,-6.48,15.6,-1.39,6,0.51,-7.03,stopp,1,7
backtest,VRTX,2022-12-08,2022-12-14,2022,18:00,0,0,QQQ,4h,-5.6,-0.1,0,17.9,0.14,1,1,9,0.14,1.004,3.39,6.0,15.75,1,3.87,2.8,0.37,3.62,9.89,15.68,2.04,2.16,5.58,bullish,1.64,2.58,-4.19,1.033,9,-4.19,1.033,9,0,1,-30.93,4.08,-6.48,17.51,-1.06,4,0.21,-6.03,stopp,1,7
backtest,KLAC,2022-12-09,2022-12-23,2022,18:00,0,0,QQQ,4h,-6.5,2.5,119,17.9,-11.74,0,0,227,-11.74,0.738,4.39,18.94,17.43,0,6.39,0.3,1.32,17.7,10.76,14.04,0.6,2.61,6.3,bullish,17.6,2.41,-2.34,1.078,0,-2.34,1.078,0,0,1,-30.12,7.8,-7.4,19.61,-1.1,10,5.35,-7.84,stopp,0,8
backtest,ROST,2022-12-14,2022-12-30,2022,14:00,1,0,QQQ,4h,-2.4,-6.7,580,17.9,-10.42,0,0,403,-2.57,0.94,3.87,18.61,30.97,1,11.37,2.31,0.85,24.52,32.23,60.42,-0.19,1.99,4.13,bullish,32.22,2.08,-3.53,0.273,0,-3.53,0.273,0,0,1,-28.93,1.12,-2.32,35.37,-0.6,11,0.91,-4.18,zeitstopp,0,4
backtest,ISRG,2022-12-21,2022-12-29,2022,18:00,1,0,QQQ,4h,-0.9,-2,5,18.0,-28.12,0,0,282,-28.03,0.453,-1.01,7.66,13.32,1,13.21,-0.87,-7.08,0.56,34.23,30.5,1.5,2.44,1.47,bullish,3.36,0.6,-9.59,0.291,4,-9.59,0.291,4,0,0,-33.48,-4.15,-4.72,40.87,-0.64,5,1.55,-2.53,stopp,0,1
backtest,KHC,2022-12-27,2023-01-12,2022,18:00,1,0,QQQ,4h,4.3,0.8,11,7.5,-45.77,0,0,1473,-6.17,0.759,2.49,6.89,8.47,1,6.8,0.88,1.5,4.18,20.21,7.01,0.75,1.56,3.59,bullish,7.07,2.3,-0.75,1.52,0,-0.75,1.52,0,0,0,-34.02,-6.59,-2.32,23.07,1.25,11,4.82,-1.35,zeitstopp,0,1
backtest,AVGO,2022-12-29,2023-01-17,2022,18:00,1,0,QQQ,4h,2.8,-0.3,693,13.4,-14.83,0,0,252,-14.73,0.602,2.18,10.02,7.24,0,7.85,-0.32,0.15,5.39,18.32,13.36,2.29,2.65,4.44,bullish,20.01,1.68,-6.87,0.412,9,-6.87,0.412,9,0,0,-35.81,-7.07,-6.86,27.04,0.66,11,7.95,-1.67,zeitstopp,0,2
backtest,AZN,2023-01-17,2023-01-24,2023,10:00,1,0,QQQ,4h,-7.7,-7.9,139,18.0,-0.59,0,1,3,-0.59,0.978,3.78,7.04,12.01,1,8.4,1.19,0.4,0.91,28.0,6.27,0.87,1.71,5.83,bullish,7.46,3.41,-5.12,0.886,3,-5.12,0.886,3,0,1,-30.66,-1.7,4.77,22.18,-1.4,5,0.34,-8.62,stopp,0,0
backtest,ASML,2023-01-18,2023-02-02,2023,14:00,1,0,QQQ,4h,3.7,12.4,420,18.0,-23.84,0,0,337,-8.85,0.826,14.64,15.88,26.72,1,11.23,-0.89,5.93,12.25,74.13,39.95,2.0,2.83,26.51,bullish,4.35,9.37,-1.79,1.707,0,-1.79,1.707,0,0,1,-30.52,1.92,8.24,60.88,0.17,11,4.05,-6.61,zeitstopp,0,1
backtest,NFLX,2023-01-20,2023-02-22,2023,10:00,1,0,QQQ,4h,0.4,-2,437,18.0,-52.05,0,0,293,-36.18,0.476,9.18,11.8,36.93,1,6.12,-2.3,-3.51,9.54,31.09,45.91,6.43,3.66,9.14,bullish,1.2,2.5,-6.92,0.974,3,-6.92,0.974,3,0,0,-32.1,2.0,1.59,29.03,0.05,22,12.88,-1.04,struktur,0,2
backtest,FANG,2023-01-23,2023-02-03,2023,18:00,1,0,QQQ,4h,-7.6,nan,nan,10.3,-11.13,0,0,44,-11.13,0.726,6.33,3.11,12.05,1,-2.54,0.99,1.53,9.35,2.43,33.46,0.39,2.9,6.7,bearish,-10.06,2.31,-23.16,0.52,44,-23.16,0.52,44,0,1,-30.24,4.87,4.76,-2.22,-1.21,9,3.15,-7.49,stopp,0,3
backtest,BIIB,2023-01-24,2023-02-08,2023,14:00,1,0,QQQ,4h,-0.9,-1.9,43,18.1,-39.31,0,0,1974,-6.57,0.836,4.0,1.0,23.02,1,0.81,3.2,1.35,1.77,11.15,41.54,-0.18,2.65,5.07,bearish,-6.19,1.91,-14.93,0.56,35,-14.93,0.56,35,0,1,-28.69,5.67,7.63,3.27,-0.19,11,1.54,-3.05,zeitstopp,0,7
backtest,IDXX,2023-01-24,2023-02-08,2023,14:00,1,0,QQQ,4h,1.5,2.8,540,18.1,-30.35,0,0,373,-14.27,0.681,10.74,14.77,26.17,1,9.2,-2.23,3.56,18.68,49.8,26.08,-0.76,3.69,6.23,bullish,1.81,1.69,-2.36,0.565,0,-2.36,0.565,0,0,1,-28.69,5.67,7.63,39.18,0.26,11,3.66,-6.05,zeitstopp,0,7
backtest,PCAR,2023-01-24,2023-02-08,2023,18:00,1,0,QQQ,4h,1.2,12.3,43,18.1,3.95,1,1,39,3.95,1.136,8.46,8.07,23.35,1,3.91,1.84,-0.41,1.2,20.46,25.68,5.99,2.1,13.3,bullish,0.52,6.33,-7.45,1.53,39,-7.45,1.53,39,0,1,-28.69,5.67,7.63,11.92,0.1,11,4.17,-4.5,zeitstopp,1,7
backtest,WBD,2023-01-24,2023-03-13,2023,10:00,1,0,QQQ,4h,5.4,nan,nan,0.3,-3.76,0,1,55,-3.76,0.896,18.11,21.25,nan,nan,-3.92,nan,2.82,49.45,4.57,nan,-1.48,4.95,12.88,bullish,0.17,2.6,-36.23,0.896,55,-36.23,0.896,55,0,1,-28.69,5.67,7.63,-2.85,0.47,33,22.76,-0.98,struktur,1,7
backtest,AVGO,2023-01-26,2023-02-10,2023,18:00,1,0,QQQ,4h,0.3,2.8,9,13.5,-9.46,0,0,270,-5.55,0.839,3.92,8.07,14.5,1,9.26,-0.46,1.99,6.01,29.35,16.92,1.16,2.79,7.4,bullish,3.59,2.65,-8.59,0.822,11,-8.59,0.822,11,0,1,-28.99,7.62,3.58,24.88,0.04,11,4.14,-2.14,zeitstopp,0,11
backtest,NVDA,2023-01-26,2023-08-10,2023,14:00,1,0,QQQ,4h,114.7,0.6,412,18.1,-43.24,0,0,294,-32.08,0.487,21.01,20.13,21.08,1,7.97,-5.59,11.18,27.06,53.42,17.19,1.45,4.31,18.61,bullish,10.54,4.32,-4.67,1.121,1,-4.67,1.121,1,0,1,-28.99,7.62,3.58,48.12,7.31,135,145.4,-3.32,struktur,1,11
backtest,ROST,2023-01-26,2023-02-10,2023,14:00,0,0,QQQ,4h,-4.7,-2.4,27,18.1,-8.36,0,0,431,-2.01,0.954,1.94,4.85,28.48,1,10.66,3.04,2.4,4.09,38.38,55.73,-0.17,1.84,6.42,bullish,1.71,3.49,-6.64,0.697,12,-6.64,0.697,12,0,1,-28.99,7.62,3.58,33.6,-0.79,11,1.56,-6.73,zeitstopp,0,11
backtest,SBUX,2023-01-26,2023-02-10,2023,18:00,0,0,QQQ,4h,-1.7,-2.9,41,18.1,-11.85,0,0,379,-0.9,0.976,2.33,4.9,24.24,1,7.01,2.38,1.89,8.87,28.46,36.31,-0.32,1.71,4.88,bullish,2.27,2.85,-3.45,0.741,6,-3.45,0.741,6,0,1,-28.99,7.62,3.58,24.02,-0.36,11,3.94,-3.37,zeitstopp,0,11
backtest,CDNS,2023-01-27,2023-02-13,2023,10:00,0,0,QQQ,4h,-0.3,-3.4,408,18.1,-4.79,0,1,112,-4.79,0.851,9.78,11.23,14.73,1,4.27,0.64,7.96,15.98,22.67,5.1,0.0,2.67,6.24,bearish,-1.57,2.34,-1.76,0.93,0,-28.83,0.834,112,1,1,-27.61,11.29,3.46,18.57,-0.05,11,3.39,-2.7,zeitstopp,0,12
backtest,ODFL,2023-01-27,2023-03-14,2023,18:00,0,0,QQQ,4h,1.1,-4,156,18.1,-11.05,0,0,285,-0.42,0.986,8.14,10.17,19.32,1,4.35,0.2,2.74,11.33,16.63,17.32,3.36,3.03,6.43,bullish,2.47,2.12,-6.23,1.01,6,-6.23,1.01,6,1,1,-27.61,11.29,3.46,12.73,0.18,31,15.71,-3.84,struktur,1,12
backtest,ASML,2023-02-02,2023-02-17,2023,14:00,1,0,QQQ,4h,-6.1,3.7,0,18.1,-21.35,0,0,348,-1.66,0.966,7.48,14.02,30.29,1,10.1,-0.03,-0.44,23.47,44.06,20.77,2.18,3.02,8.33,bullish,4.35,2.76,-4.26,1.282,0,-4.26,1.282,0,1,1,-25.74,13.78,8.52,32.75,-0.79,11,0.76,-6.42,zeitstopp,0,10
backtest,BKR,2023-02-07,2023-02-22,2023,14:00,1,0,QQQ,4h,-5.2,nan,nan,18.1,-39.39,0,0,3853,-18.09,0.623,1.82,6.84,12.74,1,2.89,-1.64,2.67,6.29,13.34,35.22,-0.34,3.34,4.36,bullish,0.4,1.31,-4.2,0.587,3,-4.2,0.587,3,1,1,-25.08,12.94,16.82,-2.98,-1.25,10,4.99,-5.5,stopp,0,1
backtest,PCAR,2023-02-08,2023-02-24,2023,14:00,1,0,QQQ,4h,-1.3,1.2,0,18.1,-2.86,0,1,8,-2.86,0.917,3.3,6.97,22.52,1,3.43,2.77,0.89,10.51,14.79,25.4,-0.56,2.66,3.38,bullish,9.89,1.27,-4.54,0.37,8,-4.54,0.37,8,1,1,-23.52,14.54,17.36,-2.19,-0.41,11,4.48,-1.64,zeitstopp,1,2
backtest,IDXX,2023-02-16,2023-02-27,2023,14:00,1,0,QQQ,4h,-5.3,1.5,8,18.1,-29.11,0,0,390,-10.66,0.755,2.09,10.41,28.44,1,7.41,-0.26,3.45,6.91,20.22,34.62,-2.61,3.22,5.24,bullish,1.81,1.63,-2.94,0.108,0,-2.94,0.108,0,1,1,-23.72,11.24,8.55,10.76,-1.06,6,2.92,-7.75,stopp,0,2
backtest,FISV,2023-02-23,2023-03-10,2023,18:00,1,0,QQQ,4h,0.3,-3.8,1261,18.1,-10.04,0,0,460,-2.96,0.887,2.73,8.61,13.6,1,3.99,1.16,-2.51,9.05,13.26,5.93,1.28,2.27,0.63,bullish,14.59,0.28,-4.51,0.342,3,-4.51,0.342,3,1,1,-27.38,2.04,3.56,9.37,0.42,11,4.3,-3.2,zeitstopp,0,1
backtest,BKNG,2023-02-28,2023-03-15,2023,18:00,1,0,QQQ,4h,-5,-18.9,369,18.1,-6.29,0,0,257,-0.18,0.995,3.34,11.34,26.15,1,8.44,1.36,2.4,2.29,28.01,26.13,0.45,2.68,7.89,bullish,17.87,2.94,-6.09,0.97,6,-6.09,0.97,6,1,1,-27.46,-0.78,2.02,25.48,-0.68,11,3.85,-5.89,zeitstopp,0,2
backtest,CPRT,2023-02-28,2023-03-15,2023,14:00,1,0,QQQ,4h,-2.4,-7.6,515,18.1,-13.21,0,0,320,-1.44,0.949,1.62,7.83,16.25,1,2.69,1.84,2.28,4.29,6.19,10.85,-0.06,1.79,3.42,bearish,-1.04,1.91,-5.16,0.721,16,-5.16,0.721,16,1,1,-27.46,-0.78,2.02,4.09,-0.72,11,2.52,-3.83,zeitstopp,0,2
backtest,META,2023-03-03,2023-09-22,2023,18:00,1,0,QQQ,4h,63,-4.4,592,10.8,-52.23,0,0,376,-22.49,0.642,3.32,22.1,22.38,1,19.73,-1.4,1.45,13.98,59.44,11.24,5.02,2.85,10.61,bullish,58.14,3.72,-14.96,0.53,19,-14.96,0.53,19,1,1,-27.54,-2.43,4.9,52.0,6.57,140,77.97,-4.62,struktur,0,3
backtest,CDNS,2023-03-06,2023-08-10,2023,14:00,1,0,QQQ,4h,15.8,-0.3,21,18.2,-2.94,0,1,11,-2.94,0.916,2.73,9.99,18.0,1,6.15,2.67,1.42,3.85,14.22,13.08,0.25,2.41,5.12,bullish,5.75,2.12,-6.73,0.564,11,-6.73,0.564,11,1,1,-26.04,-3.86,2.4,11.54,3.25,109,25.97,-2.14,struktur,1,3
backtest,AMAT,2023-03-09,2023-03-13,2023,18:00,1,0,QQQ,4h,-5.1,-15.4,412,18.2,-27.42,0,0,286,-14.78,0.702,3.44,7.65,19.02,1,3.67,0.56,1.18,-1.32,11.74,32.34,0.78,3.04,4.67,bullish,7.61,1.54,-12.16,0.666,23,-12.16,0.666,23,1,1,-26.5,-3.89,3.79,7.67,-1.13,2,1.16,-6.4,stopp,0,4
backtest,ILMN,2023-03-13,2023-03-28,2023,17:00,1,0,QQQ,4h,-7.8,3,614,18.2,-57.5,0,0,521,-36.36,0.317,14.74,14.66,13.39,0,0.14,-2.53,-12.29,-0.94,-6.96,-6.41,21.75,4.3,22.21,bearish,-1.02,5.17,-14.98,1.321,25,-26.87,0.811,80,0,0,-28.79,-4.35,3.11,-9.76,-0.43,11,0.99,-10.04,zeitstopp,0,4
backtest,MCHP,2023-03-13,2023-03-27,2023,09:00,1,0,QQQ,4h,-3.4,-8.3,525,18.2,-6.77,0,0,24,-6.77,0.828,-0.93,3.84,18.31,1,4.3,2.57,-1.25,-3.51,8.89,26.55,-0.12,2.76,2.32,bullish,9.02,0.84,-9.64,0.298,24,-9.64,0.298,24,0,0,-28.79,-4.35,3.11,5.61,-1.5,10,2.84,-5.5,stopp,0,4
backtest,SGEN,2023-03-13,2023-03-28,2023,13:00,1,0,QQQ,4h,-2.2,-2.2,215,7.2,-4.65,0,1,605,11.48,1.271,23.82,39.28,38.52,0,11.81,2.29,-4.79,27.34,44.61,13.08,18.19,3.27,16.93,bullish,10.68,5.18,-7.35,2.598,9,-7.35,2.598,9,0,0,-28.79,-4.35,3.11,40.26,-0.15,11,-0.4,-3.5,zeitstopp,0,4
backtest,ANSS,2023-03-14,2023-03-29,2023,17:00,1,0,QQQ,4h,3.5,-10.3,1110,7.2,-25.3,0,0,337,-6.01,0.853,6.33,14.09,22.98,1,7.25,1.25,-1.93,13.37,23.63,16.98,2.12,3.08,4.8,bullish,9.79,1.56,-6.95,0.84,6,-6.95,0.84,6,1,1,-28.26,-3.01,2.65,20.43,0.76,11,3.89,-2.37,zeitstopp,0,5
backtest,SNPS,2023-03-16,2023-03-31,2023,17:00,1,0,QQQ,4h,0.6,-3.8,206,18.2,-4.17,0,1,146,-4.17,0.88,3.3,6.22,13.27,1,4.24,2.41,-0.6,-2.43,9.71,13.35,2.19,2.45,8.01,bearish,-1.44,3.27,-8.37,0.846,19,-8.37,0.846,19,1,1,-26.23,-2.55,4.93,4.56,0.08,11,3.16,-2.83,zeitstopp,0,5
backtest,AMAT,2023-03-17,2023-04-03,2023,09:00,1,0,QQQ,4h,-1.2,-5.1,4,18.2,-25.45,0,0,292,-12.46,0.749,5.83,8.0,21.96,1,4.86,0.62,4.95,3.06,10.05,36.47,0.0,3.43,7.48,bullish,7.61,2.18,-12.16,0.881,29,-12.16,0.881,29,1,1,-24.28,-0.74,6.55,3.29,-0.17,11,2.27,-5.9,zeitstopp,0,7
backtest,LRCX,2023-03-17,2023-04-03,2023,09:00,1,0,QQQ,4h,1.7,-2.3,449,18.2,-28.34,0,0,300,-9.06,0.809,5.72,5.77,15.38,1,4.37,0.28,5.46,-0.62,8.64,23.27,-0.18,3.47,9.79,bullish,11.88,2.82,-14.91,0.6,29,-14.91,0.6,29,1,1,-24.28,-0.74,6.55,1.96,0.19,11,3.66,-6.91,zeitstopp,0,7
backtest,AVGO,2023-03-21,2023-04-05,2023,09:00,0,0,QQQ,4h,-1.4,0.3,39,13.6,-1.79,0,1,307,-0.33,0.991,5.03,7.34,22.11,1,4.25,1.15,4.42,8.08,16.33,30.7,-0.16,2.53,5.71,bullish,4.38,2.26,-2.05,0.841,0,-2.05,0.841,0,1,1,-24.37,1.75,10.94,4.86,-0.26,11,1.63,-3.02,zeitstopp,0,8
backtest,BKNG,2023-03-21,2023-04-05,2023,17:00,0,0,QQQ,4h,2.7,-5,6,18.2,-5.6,0,0,272,-3.0,0.922,2.06,4.96,25.23,1,8.91,1.93,2.24,1.29,26.86,33.55,2.3,2.33,8.22,bullish,3.66,3.53,-9.38,0.68,9,-9.38,0.68,9,1,1,-24.37,1.75,10.94,14.35,0.36,11,4.94,-3.33,zeitstopp,0,8
backtest,ADI,2023-03-22,2023-04-06,2023,17:00,0,0,QQQ,4h,-0.3,1.9,1423,18.2,-3.73,0,1,23,-3.73,0.885,1.91,5.46,17.23,1,4.57,1.77,0.98,1.78,13.46,27.81,-0.11,2.42,6.11,bullish,15.1,2.52,-8.4,0.555,23,-8.4,0.555,23,1,1,-23.29,5.71,13.61,-0.13,-0.05,11,5.34,-3.89,zeitstopp,1,11
backtest,FTNT,2023-03-22,2023-04-06,2023,13:00,0,0,QQQ,4h,3.2,8.3,334,13.3,-15.62,0,0,307,-12.27,0.696,3.92,11.29,15.68,1,7.63,0.82,2.58,4.61,20.3,23.1,0.45,2.84,6.12,bullish,15.48,2.15,-8.55,0.948,23,-8.55,0.948,23,1,1,-23.29,5.71,13.61,5.89,0.56,11,6.34,-2.5,zeitstopp,0,11
backtest,IDXX,2023-03-22,2023-04-06,2023,13:00,0,0,QQQ,4h,-3.7,-5.3,23,18.2,-30.26,0,0,413,-12.1,0.722,3.92,2.39,22.66,1,5.06,2.76,5.09,3.6,21.51,45.85,-0.48,2.97,9.9,bearish,-4.31,3.33,-13.23,0.667,22,-13.23,0.667,22,1,1,-23.29,5.71,13.61,6.96,-0.41,11,1.77,-4.98,zeitstopp,0,11
backtest,SGEN,2023-03-29,2023-04-14,2023,14:00,1,0,QQQ,4h,1.2,-2.2,1,7.2,-5.28,0,0,617,-0.27,0.994,6.35,24.41,34.29,1,17.34,3.52,1.56,12.98,59.83,50.09,-0.18,2.18,3.94,bullish,11.13,1.81,-1.82,0.854,0,-1.82,0.854,0,1,1,-24.09,4.78,15.05,38.93,0.32,11,2.23,-1.43,zeitstopp,0,5
backtest,ASML,2023-03-30,2023-04-17,2023,10:00,1,0,QQQ,4h,-4.7,-6.1,41,18.2,-23.94,0,0,387,-4.89,0.899,6.23,3.62,22.25,1,2.9,1.49,2.93,7.18,22.96,53.11,1.51,3.16,7.01,bearish,-3.32,2.22,-15.38,0.739,38,-15.38,0.739,38,1,1,-22.7,7.56,18.83,3.48,-0.71,11,2.11,-5.5,zeitstopp,0,8
backtest,GFS,2023-03-30,2023-04-17,2023,18:00,1,0,QQQ,4h,-8.2,nan,nan,1.4,-10.81,0,0,253,-6.07,0.882,5.64,9.56,23.07,1,7.6,1.94,1.7,6.62,29.44,31.8,1.73,3.69,9.17,bullish,3.29,2.49,-13.88,0.813,30,-13.88,0.813,30,1,1,-22.7,7.56,18.83,8.93,-0.97,11,2.48,-9.08,zeitstopp,0,8
backtest,MELI,2023-03-30,2023-04-17,2023,18:00,1,0,QQQ,4h,3.7,-0.3,563,15.6,-37.9,0,0,550,-1.67,0.968,3.88,7.0,33.7,1,11.76,4.77,3.22,1.34,43.38,52.22,2.42,3.57,8.88,bearish,-2.97,2.49,-11.76,0.871,17,-11.76,0.871,17,1,1,-22.7,7.56,18.83,20.66,0.46,11,5.98,-3.73,zeitstopp,0,8
backtest,LULU,2023-04-04,2023-04-20,2023,18:00,1,0,QQQ,4h,0.2,-8.1,342,15.7,-24.11,0,0,345,-10.23,0.736,17.32,17.47,16.72,0,-0.19,0.89,15.82,20.62,14.68,31.42,0.35,3.17,4.46,bullish,12.83,1.41,-3.71,0.886,3,-25.89,0.82,82,1,1,-20.87,6.87,20.42,-4.77,0.05,11,2.48,-2.45,zeitstopp,0,4
backtest,ALGN,2023-04-11,2023-04-26,2023,18:00,1,0,QQQ,4h,3.5,1.7,559,18.3,-53.89,0,0,387,-21.16,0.648,6.85,7.07,34.7,1,12.0,2.36,-1.04,5.71,49.78,48.7,2.83,3.54,9.91,bearish,-6.12,2.8,-19.41,0.597,45,-19.41,0.597,45,1,1,-21.43,10.33,18.44,26.46,0.39,11,6.84,-2.51,zeitstopp,0,3
backtest,FTNT,2023-04-11,2023-04-26,2023,10:00,1,0,QQQ,4h,-5.4,3.2,5,13.4,-10.03,0,0,320,-6.45,0.84,5.33,10.95,22.19,1,10.43,1.11,0.68,13.87,37.42,24.51,-0.01,2.22,5.16,bullish,15.48,2.32,-4.14,0.806,0,-4.14,0.806,0,1,1,-21.43,10.33,18.44,16.03,-1.11,11,3.24,-5.7,stopp,0,3
backtest,ORLY,2023-04-11,2023-04-26,2023,14:00,0,0,QQQ,4h,1.6,7.3,118,18.3,0.0,1,1,34,0.0,1.0,5.14,5.47,13.01,1,0.59,2.86,2.44,6.07,3.22,18.75,0.48,1.42,3.21,bearish,-3.02,2.26,-8.94,1.0,34,-8.94,1.0,34,1,1,-21.43,10.33,18.44,-12.85,0.52,11,4.36,-0.46,zeitstopp,1,3
backtest,CPRT,2023-04-12,2023-04-27,2023,18:00,0,0,QQQ,4h,1.1,-2.4,28,18.3,-4.92,0,1,350,0.47,1.014,5.55,8.55,22.31,1,5.72,2.83,0.34,11.51,21.3,38.11,1.14,1.71,5.18,bullish,6.36,3.03,-3.52,1.134,4,-3.52,1.134,4,1,1,-21.94,8.82,16.92,3.75,0.22,11,2.82,-0.99,zeitstopp,0,4
backtest,BKNG,2023-04-13,2023-04-28,2023,18:00,0,0,QQQ,4h,0.3,2.7,8,18.3,-3.4,0,1,288,-2.49,0.937,2.3,3.95,25.66,1,4.6,2.19,-3.46,2.89,14.69,53.16,2.48,2.02,3.83,bullish,1.79,1.9,-5.33,0.532,6,-5.33,0.532,6,1,1,-22.63,5.43,14.92,-0.2,0.08,11,4.27,-1.91,zeitstopp,1,6
backtest,NFLX,2023-04-13,2023-04-20,2023,18:00,0,0,QQQ,4h,-7.4,0.4,50,18.3,-50.66,0,0,350,-8.83,0.845,6.06,4.43,24.62,1,-0.68,5.27,-4.53,12.24,1.07,43.93,4.5,3.38,5.04,bearish,-7.8,1.49,-24.8,0.644,46,-24.8,0.644,46,1,1,-22.63,5.43,14.92,-12.05,-1.54,5,0.14,-8.62,stopp,0,6
backtest,ANSS,2023-04-18,2023-05-03,2023,18:00,1,0,QQQ,4h,-3.7,3.5,20,7.3,-22.39,0,0,361,-3.8,0.909,0.35,6.39,23.59,1,9.19,2.93,-0.52,2.92,26.01,55.68,0.32,1.65,3.3,bullish,6.79,2.0,-5.94,0.36,10,-5.94,0.36,10,1,1,-21.19,4.58,13.65,10.87,-1.16,11,1.75,-4.34,stopp,0,6
backtest,SBUX,2023-04-25,2023-05-04,2023,10:00,1,0,QQQ,4h,-4.2,-1.7,74,18.3,-10.66,0,0,440,-2.49,0.937,2.4,3.81,13.62,1,-0.51,3.41,0.9,11.14,3.41,27.28,-1.61,1.34,3.48,bearish,-2.89,2.6,-11.88,0.79,55,-11.88,0.79,55,1,1,-21.91,1.63,9.51,-5.57,-1.23,7,7.39,-3.48,stopp,0,1
backtest,BIIB,2023-04-28,2023-05-15,2023,18:00,1,0,QQQ,4h,1.7,-0.9,79,18.3,-36.51,0,0,2040,-2.24,0.944,6.48,10.77,16.8,1,-0.28,3.12,1.19,7.19,0.62,7.37,3.8,2.01,12.03,bearish,-1.06,5.99,-13.89,1.218,62,-18.3,0.877,101,1,1,-20.82,2.44,9.38,-8.01,0.16,11,4.87,-3.78,zeitstopp,0,4
backtest,ISRG,2023-04-28,2023-05-15,2023,18:00,1,0,QQQ,4h,1.6,-0.9,120,18.3,-18.79,0,0,369,-1.52,0.963,9.81,19.28,25.35,1,3.84,3.09,-0.5,18.01,18.11,24.4,1.45,2.48,2.27,bullish,16.37,0.92,-4.65,0.673,6,-4.65,0.673,6,1,1,-20.82,2.44,9.38,7.98,0.72,11,2.75,-1.15,zeitstopp,0,4
backtest,ORLY,2023-04-28,2023-05-15,2023,14:00,1,0,QQQ,4h,4.6,1.6,2,18.3,-0.18,0,1,0,-0.18,0.995,3.78,7.69,16.11,1,3.83,3.35,1.13,10.04,14.35,18.02,0.15,1.47,3.19,bearish,-3.02,2.17,-3.85,0.953,0,-3.85,0.953,0,1,1,-20.82,2.44,9.38,4.55,1.48,11,5.2,-0.83,zeitstopp,1,4
backtest,VRTX,2023-04-28,2023-05-15,2023,14:00,1,0,QQQ,4h,2.8,-5.6,135,18.3,-0.51,0,1,0,-0.51,0.984,3.96,10.01,12.73,1,2.27,1.63,3.1,8.0,5.72,9.75,-0.26,1.95,8.06,bullish,0.14,4.13,-4.62,0.891,0,-4.62,0.891,0,1,1,-20.82,2.44,9.38,-3.35,0.38,11,4.71,-0.04,zeitstopp,1,4
backtest,BKNG,2023-05-01,2023-05-16,2023,18:00,1,0,QQQ,4h,-1.7,0.3,3,18.3,-1.03,0,1,8,-1.03,0.975,2.11,5.13,26.43,1,3.4,3.98,-0.04,2.93,9.0,45.09,0.28,1.89,6.1,bullish,1.67,3.23,-5.31,0.806,8,-5.31,0.806,8,1,1,-20.27,2.18,9.05,-0.04,-0.3,11,1.41,-6.3,zeitstopp,1,6
backtest,CPRT,2023-05-01,2023-05-16,2023,10:00,0,0,QQQ,4h,3,1.1,4,18.3,-1.86,0,1,363,-0.05,0.999,2.96,8.4,23.45,1,5.48,3.55,0.87,7.59,17.86,38.9,0.0,1.19,4.12,bullish,1.04,3.46,-1.72,0.971,0,-1.72,0.971,0,1,1,-20.27,2.18,9.05,8.08,0.75,11,3.62,-1.77,zeitstopp,1,6
backtest,MELI,2023-05-04,2023-05-05,2023,14:00,1,0,QQQ,4h,-8.2,3.7,17,15.7,-33.91,0,0,574,-0.21,0.996,4.73,7.89,32.04,1,4.01,6.25,3.59,-1.68,5.41,41.97,4.3,2.71,8.52,bullish,0.62,3.14,-8.24,0.975,11,-8.24,0.975,11,1,1,-21.57,-0.56,5.6,-0.18,-1.04,1,0.14,-10.4,stopp,0,7
backtest,MSFT,2023-05-05,2023-05-22,2023,18:00,1,0,QQQ,4h,3.4,-1,520,18.3,-10.63,0,0,363,-0.51,0.984,5.23,11.1,20.17,1,5.31,1.41,0.19,7.41,15.71,34.56,0.72,2.17,2.65,bullish,3.09,1.22,-1.87,0.726,2,-1.87,0.726,2,1,1,-21.85,0.08,1.58,13.91,1.31,11,5.11,-1.08,zeitstopp,0,7
backtest,ASML,2023-05-08,2023-08-10,2023,10:00,1,0,QQQ,4h,5.8,-4.7,21,18.3,-25.8,0,0,413,-6.36,0.868,2.08,2.34,14.46,1,-1.44,3.14,2.41,-0.75,-3.82,46.89,0.08,2.19,4.51,bearish,-1.99,2.06,-13.72,0.67,61,-15.38,0.586,64,1,1,-20.19,1.52,5.62,-8.94,1.35,65,18.62,-1.93,struktur,0,4
backtest,GOOGL,2023-05-16,2023-06-01,2023,18:00,1,0,QQQ,4h,2.7,-0.8,551,18.4,-21.08,0,0,321,-2.31,0.927,10.94,15.0,18.84,1,5.14,-0.44,8.1,9.94,23.15,24.02,2.53,2.67,16.19,bearish,-0.74,6.06,-2.08,1.392,0,-2.08,1.392,0,1,1,-19.23,2.49,7.49,14.57,0.19,11,5.84,-2.52,zeitstopp,0,3
backtest,ISRG,2023-05-16,2023-06-01,2023,14:00,1,0,QQQ,4h,-0.1,1.6,1,18.4,-16.61,0,0,381,-0.06,0.999,2.85,14.88,25.94,1,9.86,3.74,1.64,14.56,25.67,19.46,0.07,1.53,3.65,bullish,1.19,2.39,-3.51,0.982,10,-3.51,0.982,10,1,1,-19.23,2.49,7.49,16.92,-0.02,11,3.09,-3.53,zeitstopp,0,3
backtest,VRSK,2023-05-16,2023-06-01,2023,18:00,1,0,QQQ,4h,1.4,-3.5,266,13.6,-5.2,0,0,370,-0.21,0.993,7.39,12.21,17.97,1,5.44,1.32,2.32,11.88,20.28,19.13,0.54,2.17,2.67,bullish,9.65,1.23,-1.71,0.879,2,-1.71,0.879,2,1,1,-19.23,2.49,7.49,11.91,0.55,11,3.13,-1.16,zeitstopp,0,3
backtest,CPRT,2023-05-18,2023-06-05,2023,18:00,1,0,QQQ,4h,1.2,3,2,18.4,6.46,1,1,0,6.46,1.171,10.21,15.66,33.84,1,5.44,3.16,2.5,5.02,17.65,33.9,6.56,1.33,9.71,bullish,1.04,7.3,-1.68,4.841,0,-1.68,4.841,0,1,1,-18.16,3.89,7.29,9.65,0.14,11,2.77,-6.16,zeitstopp,1,4
backtest,NFLX,2023-05-18,2023-08-14,2023,14:00,1,0,QQQ,4h,22.5,-7.4,28,18.4,-50.86,0,0,375,-9.2,0.838,4.72,5.89,17.11,1,-0.96,4.53,1.37,5.23,-5.92,13.6,1.32,2.54,5.61,bearish,-0.46,2.21,-21.08,0.777,62,-24.8,0.629,71,1,1,-18.16,3.89,7.29,-12.31,4.24,59,40.78,0.55,struktur,0,4
backtest,MELI,2023-05-22,2023-05-26,2023,18:00,1,0,QQQ,4h,-7.7,-8.2,17,15.8,-32.84,0,0,586,1.4,1.025,6.48,7.97,30.37,1,3.39,5.34,2.44,2.26,19.08,34.75,3.48,3.64,8.06,bearish,-0.07,2.21,-10.58,1.133,23,-10.58,1.133,23,1,1,-16.82,6.29,11.91,6.4,-1.03,4,0.67,-8.09,stopp,0,5
backtest,AMAT,2023-05-25,2023-08-18,2023,18:00,0,0,QQQ,4h,6.4,-1.2,52,18.4,-21.67,0,0,340,-2.28,0.951,9.1,9.78,22.75,1,0.83,1.74,-2.91,10.64,8.09,16.63,5.74,2.86,4.32,bullish,5.13,1.51,-8.77,0.74,4,-8.77,0.74,4,1,1,-18.03,6.34,11.91,-3.41,1.55,58,19.08,-2.01,struktur,0,6
backtest,DDOG,2023-05-26,2023-06-13,2023,18:00,1,0,QQQ,4h,5.3,nan,nan,3.7,-52.56,0,0,381,-21.56,0.562,14.13,28.29,17.96,0,4.42,-2.08,-2.25,31.62,20.53,27.76,2.5,3.63,5.14,bearish,-18.56,1.42,-6.21,0.557,0,-6.21,0.557,0,1,1,-16.03,6.05,16.58,3.39,1.08,11,9.59,-3.23,struktur,0,4
backtest,AMD,2023-06-06,2023-06-22,2023,18:00,1,0,QQQ,4h,-8.9,-0.6,369,18.4,-25.09,0,0,379,-5.8,0.9,13.74,25.44,53.7,1,9.63,1.55,-7.16,31.27,45.31,52.21,4.47,4.59,6.73,bullish,27.69,1.47,-10.99,0.472,4,-10.99,0.472,4,1,1,-12.28,9.91,18.48,22.65,-1.41,11,7.82,-10.84,stopp,0,0
backtest,AVGO,2023-06-12,2023-06-28,2023,18:00,1,0,QQQ,4h,0.2,-1.4,68,13.8,-8.97,0,0,8,-8.97,0.839,13.98,25.16,47.81,1,7.08,3.8,-0.91,28.18,31.81,57.6,4.28,4.31,9.53,bullish,44.24,2.21,-15.77,0.431,8,-15.77,0.431,8,1,1,-12.38,8.68,23.05,7.12,0.02,11,6.06,-3.32,zeitstopp,0,2
backtest,PANW,2023-06-12,2023-08-03,2023,18:00,1,0,QQQ,4h,3.6,4.2,416,10.9,-1.56,0,1,4,-1.56,0.963,9.72,14.75,29.85,1,3.63,2.07,1.32,11.62,18.51,33.64,2.94,3.43,5.87,bearish,-0.94,1.71,-6.09,0.743,4,-6.09,0.743,4,1,1,-12.38,8.68,23.05,-3.68,0.65,36,14.26,-2.66,struktur,1,2
backtest,DXCM,2023-06-13,2023-06-29,2023,14:00,1,0,QQQ,4h,-1,7.2,202,18.2,-22.44,0,0,391,0.51,1.011,7.03,7.3,16.65,1,1.76,2.99,1.8,4.28,14.68,3.46,0.76,3.11,9.7,bearish,-2.38,3.12,-2.91,1.176,0,-2.91,1.176,0,1,1,-10.9,10.91,24.2,-7.66,-0.11,11,4.9,-4.75,zeitstopp,0,5
backtest,LRCX,2023-06-13,2023-06-29,2023,14:00,1,0,QQQ,4h,2.9,1.7,71,18.4,-12.21,0,0,360,-2.25,0.958,5.14,15.21,34.0,1,7.96,2.36,3.62,19.04,32.03,38.92,0.41,3.11,5.47,bullish,20.15,1.76,-7.89,0.715,9,-7.89,0.715,9,1,1,-10.9,10.91,24.2,6.3,0.56,11,3.48,-4.75,zeitstopp,0,5
backtest,ZS,2023-06-13,2023-06-27,2023,10:00,0,0,QQQ,4h,-8.8,nan,nan,5.2,-58.39,0,0,390,-19.42,0.655,16.2,35.92,20.68,0,8.89,-2.48,5.36,36.43,41.98,30.49,0.33,4.61,10.28,bearish,-12.86,2.23,-3.56,1.086,0,-3.56,1.086,0,1,1,-10.9,10.91,24.2,14.31,-0.95,9,3.94,-10.32,stopp,0,5
backtest,AMZN,2023-06-22,2023-07-10,2023,18:00,1,0,QQQ,4h,0.4,9.9,1044,18.5,-31.84,0,0,488,-12.27,0.724,4.55,13.49,23.35,1,9.07,-1.31,-1.44,8.54,24.07,42.08,3.01,2.7,4.65,bullish,15.83,1.72,-3.55,1.039,5,-3.55,1.039,5,1,1,-10.43,7.33,16.77,6.25,0.08,11,2.54,-2.68,zeitstopp,0,4
backtest,CPRT,2023-06-22,2023-07-10,2023,14:00,0,0,QQQ,4h,0.3,1.2,17,18.5,-1.07,0,1,20,-1.07,0.974,1.7,7.36,30.51,1,7.92,3.69,2.63,-0.16,25.1,47.43,-0.2,1.6,4.42,bullish,25.28,2.76,-5.01,0.787,20,-5.01,0.787,20,1,1,-10.43,7.33,16.77,7.13,0.07,11,3.08,-1.24,zeitstopp,1,4
backtest,ABNB,2023-06-28,2023-09-21,2023,18:00,1,0,QQQ,4h,4.2,nan,nan,2.5,-40.83,0,0,596,-10.02,0.769,7.6,11.46,17.56,1,1.17,0.38,1.14,19.74,8.46,50.69,1.76,3.37,7.05,bullish,0.23,2.09,-5.0,1.136,4,-28.4,0.647,89,1,1,-9.95,4.57,18.0,-8.08,0.63,59,19.06,-5.19,struktur,0,3
backtest,ISRG,2023-06-28,2023-08-03,2023,14:00,0,0,QQQ,4h,-5.9,-0.1,27,18.5,-10.74,0,0,410,-0.94,0.979,3.56,7.11,27.95,1,9.27,4.02,0.67,7.53,30.66,25.19,-0.01,1.93,3.13,bullish,4.82,1.62,-3.3,0.714,6,-3.3,0.714,6,1,1,-9.95,4.57,18.0,10.74,-1.96,25,8.51,-7.25,stopp,0,3
backtest,WDAY,2023-06-29,2023-07-17,2023,18:00,1,0,QQQ,4h,-1.8,-0.6,1490,10.7,-25.98,0,0,403,-0.76,0.983,5.41,13.98,28.76,1,4.45,2.88,1.42,6.64,17.55,35.42,2.19,2.58,5.99,bullish,3.28,2.32,-3.06,0.752,0,-3.06,0.752,0,1,1,-9.77,4.3,18.86,-1.11,-0.31,11,1.22,-4.85,zeitstopp,0,4
backtest,KLAC,2023-06-30,2023-07-18,2023,18:00,1,0,QQQ,4h,0,-6.5,189,18.5,0.51,1,1,11,0.51,1.011,3.8,14.17,27.64,1,8.91,3.04,2.11,7.72,24.32,29.44,1.57,2.37,8.09,bullish,20.53,3.41,-6.07,1.084,11,-6.07,1.084,11,1,1,-9.95,4.69,16.5,6.71,-0.01,11,1.82,-6.84,zeitstopp,1,5
backtest,AVGO,2023-07-05,2023-07-20,2023,14:00,0,0,QQQ,4h,1.8,0.2,7,13.9,-4.73,0,1,23,-4.73,0.915,4.03,18.77,47.68,1,13.13,6.03,6.66,8.51,37.34,59.09,-0.33,2.33,8.12,bearish,-3.45,3.48,-15.77,0.7,23,-15.77,0.7,23,1,1,-8.35,4.55,15.54,18.87,0.24,11,4.55,-3.34,zeitstopp,0,4
backtest,ADBE,2023-07-10,2023-09-18,2023,18:00,1,0,QQQ,4h,6.1,2.9,682,18.5,-29.37,0,0,406,-4.75,0.899,2.93,18.37,37.94,1,10.82,3.11,0.31,16.0,27.03,42.14,1.82,2.55,5.07,bullish,35.44,1.99,-8.95,0.469,13,-8.95,0.469,13,1,1,-9.35,5.14,16.09,9.42,1.26,49,15.41,-1.82,struktur,0,2
backtest,ZS,2023-07-10,2023-07-25,2023,18:00,0,0,QQQ,4h,1.4,-8.8,13,5.3,-59.65,0,0,407,-21.86,0.612,2.39,17.03,18.4,1,15.07,-1.31,-1.15,-1.2,41.34,28.31,5.99,3.49,10.6,bullish,38.11,3.04,-14.8,0.547,13,-14.8,0.547,13,1,1,-9.35,5.14,16.09,21.76,0.14,11,7.5,-10.09,zeitstopp,0,2
backtest,ON,2023-07-12,2023-07-27,2023,14:00,0,0,QQQ,4h,6.6,nan,nan,18.5,-0.83,0,1,0,-0.83,0.983,5.22,11.7,28.48,1,7.62,3.07,-0.2,8.56,24.38,54.7,0.07,2.71,7.72,bullish,16.7,2.85,-2.4,0.654,0,-2.4,0.654,0,1,1,-8.87,4.0,15.98,7.24,0.92,11,8.93,-0.86,struktur,1,3
backtest,LRCX,2023-07-13,2023-09-18,2023,18:00,0,0,QQQ,4h,-2.6,2.9,14,18.5,-10.88,0,0,380,-2.02,0.963,1.89,7.44,30.39,1,8.87,4.33,-0.95,-0.51,23.02,38.5,2.46,2.81,6.12,bullish,3.22,2.18,-6.58,0.693,6,-6.58,0.693,6,1,1,-7.72,3.56,18.21,4.07,-0.44,46,13.9,-3.96,struktur,1,4
backtest,TSLA,2023-07-14,2023-07-24,2023,18:00,0,0,QQQ,4h,-9.7,14.6,574,13.0,-31.65,0,0,422,-9.96,0.853,6.96,27.9,46.33,1,19.07,-1.3,0.49,7.42,53.93,133.82,1.95,3.65,7.95,bullish,2.62,2.18,-6.74,0.952,7,-6.74,0.952,7,1,1,-6.16,4.52,21.28,26.91,-1.32,6,5.63,-10.31,stopp,0,5
backtest,CEG,2023-07-21,2023-10-03,2023,14:00,1,0,QQQ,4h,6.2,-0.7,234,1.5,-0.19,0,1,0,-0.19,0.996,4.58,9.31,14.52,1,7.93,1.02,1.7,7.06,30.07,19.22,0.25,1.87,4.82,bullish,21.71,2.58,-2.14,0.912,0,-2.14,0.912,0,1,1,-6.75,4.11,18.38,9.88,1.35,51,16.57,-2.78,struktur,1,3
backtest,AVGO,2023-07-25,2023-08-09,2023,18:00,1,0,QQQ,4h,-3.5,1.8,5,14.0,-0.61,0,1,37,-0.61,0.989,4.08,12.57,46.73,1,14.35,6.93,-0.97,9.66,43.21,59.93,1.08,2.08,4.29,bullish,3.17,2.06,-15.77,0.961,37,-15.77,0.961,37,1,1,-6.88,3.78,18.99,20.35,-0.84,11,1.31,-6.87,zeitstopp,1,5
backtest,DDOG,2023-07-25,2023-08-03,2023,18:00,0,0,QQQ,4h,-9.6,5.3,42,3.8,-41.16,0,0,420,-2.71,0.945,13.16,19.81,46.25,1,15.83,1.34,-1.14,19.02,65.71,56.92,5.37,3.63,9.2,bullish,13.15,2.53,-7.48,1.003,3,-7.48,1.003,3,1,1,-6.88,3.78,18.99,39.26,-1.14,7,0.46,-10.62,stopp,0,5
backtest,NXPI,2023-07-25,2023-08-09,2023,18:00,0,0,QQQ,4h,-1.6,-10,551,13.0,-4.7,0,1,407,-2.28,0.946,5.03,14.24,26.67,1,9.44,3.25,-3.98,11.76,24.84,26.56,3.99,2.59,6.11,bullish,12.46,2.36,-6.36,0.642,4,-6.36,0.642,4,1,1,-6.88,3.78,18.99,4.92,-0.29,11,2.86,-4.5,zeitstopp,0,5
backtest,PDD,2023-07-25,2023-08-09,2023,14:00,0,0,QQQ,4h,4.3,12.9,153,5.0,-61.61,0,0,612,-23.28,0.634,11.28,14.88,7.13,0,4.23,1.08,-0.32,12.97,13.9,-15.07,3.51,4.7,10.69,bearish,-2.27,2.27,-20.38,0.895,25,-43.91,0.47,121,1,1,-6.88,3.78,18.99,-4.28,0.44,11,13.69,-0.49,zeitstopp,0,5
backtest,WDAY,2023-07-25,2023-08-09,2023,18:00,0,0,QQQ,4h,0.2,-1.8,8,10.8,-26.13,0,0,420,-3.17,0.93,1.71,6.79,24.37,1,7.39,3.79,-2.25,0.39,16.82,28.67,1.9,2.47,3.55,bullish,1.81,1.44,-5.79,0.453,3,-5.79,0.453,3,1,1,-6.88,3.78,18.99,-1.82,0.05,11,5.64,-1.85,zeitstopp,0,5
backtest,ODFL,2023-07-26,2023-08-10,2023,18:00,0,0,QQQ,4h,-3.8,1.1,134,18.6,1.55,1,1,5,1.55,1.037,10.26,23.02,30.77,1,6.65,4.0,0.3,18.18,11.69,22.76,5.7,2.82,12.43,bullish,22.57,4.41,-8.51,1.182,5,-8.51,1.182,5,1,1,-6.25,5.9,20.05,-6.96,-0.35,11,2.71,-4.44,zeitstopp,1,6
backtest,BKNG,2023-07-27,2023-08-04,2023,18:00,0,0,QQQ,4h,5.6,-1.7,72,18.6,-0.81,0,1,5,-0.81,0.982,5.86,9.82,25.08,1,2.35,4.48,1.04,9.55,11.84,23.14,0.53,2.06,5.14,bullish,9.84,2.5,-4.24,0.81,5,-4.24,0.81,5,1,1,-6.56,3.76,21.95,-8.29,1.14,6,6.49,-6.04,struktur,1,9
backtest,MRVL,2023-07-27,2023-08-03,2023,14:00,0,0,QQQ,4h,-5.8,-11.4,476,18.6,-29.92,0,0,408,-4.0,0.921,4.79,11.66,44.04,1,18.25,3.81,-2.92,5.25,72.8,50.26,2.34,2.96,5.48,bearish,-1.63,1.85,-16.76,0.762,39,-16.76,0.762,39,1,1,-6.56,3.76,21.95,41.69,-1.12,5,1.66,-6.48,stopp,0,9
backtest,TTD,2023-07-27,2023-08-10,2023,10:00,0,0,QQQ,4h,-8,nan,nan,6.8,-24.6,0,0,422,-6.15,0.892,4.73,12.94,45.16,1,11.45,3.54,-4.21,10.19,42.48,77.64,1.69,4.11,6.08,bullish,15.47,1.48,-10.64,0.422,7,-10.64,0.422,7,1,1,-6.56,3.76,21.95,16.83,-1.4,10,6.78,-11.18,stopp,0,9
backtest,BKR,2023-08-03,2023-08-18,2023,18:00,1,0,QQQ,4h,-3.5,-5.2,162,18.6,-30.72,0,0,3975,-0.97,0.978,3.1,12.66,20.88,1,9.26,4.51,0.09,12.75,30.89,13.48,0.72,2.32,5.75,bullish,16.28,2.48,-4.74,0.795,7,-4.74,0.795,7,1,1,-7.33,1.11,17.38,11.51,-0.65,11,2.44,-3.03,zeitstopp,0,9
backtest,CMCSA,2023-08-10,2023-08-25,2023,14:00,1,0,QQQ,4h,-0.6,-2.6,1415,18.6,-22.24,0,0,485,-1.85,0.954,3.61,8.72,20.68,1,3.84,4.0,0.4,6.94,15.06,15.81,0.67,1.95,2.78,bullish,12.25,1.43,-4.3,0.57,9,-4.3,0.57,9,1,0,-8.94,-1.32,14.54,0.45,-0.22,11,4.14,-0.9,zeitstopp,0,1
backtest,ODFL,2023-08-11,2023-08-18,2023,18:00,1,0,QQQ,4h,-4.7,-3.8,1,18.6,-4.81,0,1,8,-4.81,0.892,1.2,11.84,24.4,1,11.59,4.53,-1.72,7.59,29.28,11.22,0.65,3.47,3.46,bullish,27.83,1.0,-6.96,0.309,8,-6.96,0.309,8,1,1,-8.77,-2.79,13.52,13.89,-1.4,5,3.85,-4.98,stopp,0,2
backtest,AMZN,2023-08-15,2023-08-17,2023,10:00,1,0,QQQ,4h,-3.3,0.4,36,18.6,-25.71,0,0,525,-4.38,0.901,4.81,7.58,31.57,1,6.51,1.71,-1.16,5.25,27.49,44.01,-0.3,2.95,3.33,bullish,5.11,1.13,-4.62,0.475,6,-4.62,0.475,6,1,1,-8.33,-3.2,14.1,11.74,-1.04,2,0.81,-4.72,stopp,0,2
backtest,GOOG,2023-08-17,2023-09-01,2023,18:00,1,0,QQQ,4h,4.6,-0.7,644,18.6,-13.02,0,0,385,-1.33,0.965,2.81,5.9,24.14,1,2.63,2.8,-0.8,5.15,7.52,35.98,2.46,2.07,3.79,bullish,3.49,1.83,-4.69,0.717,13,-4.69,0.717,13,1,0,-10.27,-5.99,10.97,-3.11,1.27,11,4.75,-4.0,zeitstopp,0,4
backtest,GOOGL,2023-08-17,2023-09-01,2023,18:00,1,0,QQQ,4h,4.3,2.7,77,18.6,-13.04,0,0,385,-1.58,0.958,2.62,5.84,24.14,1,2.71,2.84,-0.75,5.46,7.69,35.93,2.27,2.08,3.86,bullish,3.64,1.86,-4.72,0.665,13,-4.72,0.665,13,1,0,-10.27,-5.99,10.97,-2.96,1.16,11,4.85,-3.98,zeitstopp,0,4
backtest,KLAC,2023-08-21,2023-09-18,2023,18:00,1,0,QQQ,4h,-6.2,0,34,18.6,-5.88,0,0,13,-5.88,0.887,-0.48,1.94,18.56,1,5.34,5.02,0.06,4.5,11.84,22.4,1.61,2.68,3.5,bullish,5.93,1.31,-9.27,0.366,13,-9.27,0.366,13,1,0,-11.36,-4.66,6.33,5.18,-1.84,19,7.11,-7.06,stopp,1,4
backtest,REGN,2023-08-21,2023-09-06,2023,14:00,1,0,QQQ,4h,0,-7.1,248,18.6,-1.76,0,1,93,-1.76,0.945,6.92,9.62,8.92,0,1.47,0.5,0.67,10.59,8.69,10.33,1.28,2.17,14.77,bullish,3.37,6.81,-3.73,1.059,0,-18.24,0.904,93,1,0,-11.36,-4.66,6.33,2.22,0.0,11,3.0,-1.78,zeitstopp,1,4
backtest,ALGN,2023-08-23,2023-09-08,2023,18:00,1,0,QQQ,4h,-6.1,3.5,119,18.6,-50.98,0,0,480,-12.51,0.786,0.38,3.89,23.34,1,8.23,5.6,-2.61,5.87,16.89,15.67,2.81,2.55,6.71,bearish,-11.74,2.63,-17.23,0.274,18,-17.23,0.274,18,1,0,-10.06,-4.07,7.77,8.46,-0.96,11,3.92,-8.61,zeitstopp,0,5
backtest,INTU,2023-08-25,2024-04-03,2023,18:00,1,0,QQQ,4h,22.4,35.2,596,18.6,-27.49,0,0,441,-0.97,0.969,2.11,5.89,18.53,1,5.95,2.37,2.48,0.4,20.06,21.45,2.14,2.16,8.63,bullish,11.38,4.0,-7.08,0.863,18,-7.08,0.863,18,1,0,-10.59,-4.09,9.07,10.08,2.81,151,32.22,-6.83,struktur,0,5
backtest,ODFL,2023-08-29,2023-09-14,2023,18:00,0,0,QQQ,4h,-1.4,-4.7,11,18.6,-1.12,0,1,20,-1.12,0.975,4.11,9.51,26.09,1,11.04,4.32,3.3,-0.74,32.01,21.91,1.93,2.62,6.8,bearish,-1.14,2.6,-9.55,0.882,20,-9.55,0.882,20,1,0,-9.22,-4.41,5.41,25.23,-0.22,11,3.21,-4.79,zeitstopp,1,5
backtest,WDAY,2023-08-29,2023-09-14,2023,18:00,0,0,QQQ,4h,2.2,0.2,20,10.9,-21.77,0,0,445,0.25,1.005,4.94,6.27,24.73,1,4.08,4.46,3.99,-0.35,9.36,27.78,1.9,2.65,8.16,bearish,-0.35,3.08,-9.05,1.028,19,-9.05,1.028,19,1,0,-9.22,-4.41,5.41,3.75,0.3,11,4.96,-1.97,zeitstopp,0,5
backtest,AMAT,2023-08-31,2023-09-18,2023,18:00,0,0,QQQ,4h,-9.5,6.4,13,18.7,-7.34,0,0,407,-0.65,0.988,4.99,6.18,24.68,1,2.97,5.07,1.99,2.67,13.48,29.33,0.66,3.1,6.94,bullish,4.49,2.24,-11.58,0.943,23,-11.58,0.943,23,1,1,-6.72,0.66,8.44,4.65,-1.46,11,2.18,-10.03,stopp,0,4
backtest,MELI,2023-09-01,2023-09-19,2023,18:00,1,0,QQQ,4h,-2.9,-7.7,98,16.1,-30.3,0,0,657,1.41,1.031,9.61,14.77,21.74,1,1.49,3.63,12.92,3.72,9.09,12.63,2.6,3.05,18.32,bullish,12.64,6.01,-14.97,1.094,15,-14.97,1.094,15,1,1,-6.44,1.12,7.53,1.45,-0.19,11,3.09,-6.05,zeitstopp,0,5
backtest,BKNG,2023-09-05,2023-09-20,2023,18:00,1,0,QQQ,4h,-0.2,5.6,32,18.7,-3.85,0,1,16,-3.85,0.924,-0.31,5.99,22.61,1,7.53,5.29,2.38,1.69,18.63,18.87,0.38,1.82,2.71,bullish,19.14,1.49,-7.49,0.486,16,-7.49,0.486,16,1,1,-6.54,1.49,6.61,11.27,-0.09,11,3.2,-1.87,zeitstopp,0,4
backtest,GOOG,2023-09-12,2023-09-22,2023,10:00,1,0,QQQ,4h,-4.3,4.6,11,18.7,-9.57,0,0,402,-0.75,0.981,3.25,6.98,25.01,1,3.17,3.73,0.69,5.82,12.1,51.34,-0.15,2.05,3.71,bullish,3.37,1.81,-3.34,0.775,5,-3.34,0.775,5,1,1,-6.7,2.93,6.48,5.28,-1.19,8,1.74,-5.11,stopp,0,2
backtest,GOOGL,2023-09-12,2023-09-22,2023,10:00,1,0,QQQ,4h,-4.3,4.3,11,18.7,-9.8,0,0,402,-1.07,0.973,3.09,6.7,24.76,1,3.15,3.69,0.93,5.68,12.02,51.07,-0.29,2.11,3.86,bullish,3.19,1.83,-3.66,0.709,6,-3.66,0.709,6,1,1,-6.7,2.93,6.48,5.2,-1.17,8,1.93,-5.07,stopp,0,2
backtest,AVGO,2023-09-14,2023-09-22,2023,18:00,0,0,QQQ,4h,-6.3,-3.5,36,14.1,-6.07,0,0,8,-6.07,0.892,0.63,-0.76,24.92,1,1.04,5.79,-2.22,1.23,0.75,36.56,1.72,3.15,4.48,bullish,0.06,1.42,-9.01,0.326,8,-9.01,0.326,8,1,1,-7.38,2.13,3.16,-2.34,-1.47,6,1.04,-7.86,stopp,0,4
backtest,VRSK,2023-09-14,2023-09-28,2023,18:00,0,0,QQQ,4h,-3.6,1.4,105,13.9,0.28,1,1,1,0.28,1.008,3.68,5.82,22.1,1,2.87,3.31,0.86,4.59,13.26,35.95,0.93,1.21,3.61,bullish,4.55,2.98,-1.74,1.163,1,-1.74,1.163,1,1,1,-7.38,2.13,3.16,9.8,-1.04,10,0.71,-3.9,stopp,1,4
backtest,BKR,2023-09-26,2023-10-03,2023,14:00,1,0,QQQ,4h,-3.3,-3.5,39,18.7,-31.42,0,0,4012,-6.19,0.869,-3.06,-1.24,13.75,1,5.66,2.45,-1.54,1.43,18.26,34.52,-1.8,1.98,2.31,bullish,3.02,1.17,-6.73,0.079,14,-6.73,0.079,14,1,0,-10.86,-1.07,0.69,17.45,-1.47,5,4.53,-3.3,stopp,0,0
backtest,ODFL,2023-09-29,2023-10-16,2023,18:00,1,0,QQQ,4h,-0.7,-1.4,15,18.7,-5.99,0,0,18,-5.99,0.863,-0.64,0.16,17.77,1,4.94,3.47,1.48,-5.55,8.16,22.81,1.33,2.4,4.93,bullish,3.23,2.05,-9.37,0.361,18,-9.37,0.361,18,1,0,-11.26,-4.86,-1.45,9.76,-0.16,11,4.43,-3.53,zeitstopp,0,1
backtest,PCAR,2023-10-04,2023-10-19,2023,18:00,1,0,QQQ,4h,-3.3,-1.3,222,18.7,-3.97,0,1,52,-3.97,0.901,1.76,1.85,13.39,1,0.08,2.41,0.21,2.92,2.46,15.83,2.57,1.98,4.66,bullish,1.14,2.35,-9.85,0.597,52,-9.85,0.597,52,1,0,-12.03,-5.99,-4.01,6.74,-0.74,11,1.98,-4.62,zeitstopp,0,3
backtest,SGEN,2023-10-04,2023-10-19,2023,18:00,1,0,QQQ,4h,0.4,1.2,173,7.7,-1.35,0,1,5,-1.35,0.971,2.29,6.18,16.75,1,2.98,4.82,-1.69,2.57,9.88,5.2,0.77,1.04,2.52,bullish,3.13,2.42,-2.8,0.518,5,-2.8,0.518,5,1,0,-12.03,-5.99,-4.01,14.47,0.16,11,1.27,-1.06,zeitstopp,0,3
backtest,META,2023-10-06,2023-10-23,2023,18:00,1,0,QQQ,4h,-0.5,63,14,11.4,-19.06,0,0,526,-4.8,0.934,2.73,2.88,31.82,1,0.57,8.61,0.28,2.05,4.91,44.13,1.89,2.68,5.27,bearish,-0.71,1.97,-15.89,0.698,48,-15.89,0.698,48,1,0,-11.09,-3.45,-1.92,6.96,-0.1,11,6.44,-3.11,zeitstopp,0,4
backtest,SNPS,2023-10-06,2023-10-23,2023,18:00,1,0,QQQ,4h,-1.5,0.6,189,18.8,0.2,1,1,4,0.2,1.005,3.71,5.43,18.15,1,1.02,3.2,-0.21,0.36,6.6,21.51,2.86,2.38,6.56,bullish,0.17,2.76,-5.02,1.04,4,-5.02,1.04,4,1,0,-11.09,-3.45,-1.92,8.69,-0.24,11,6.3,-3.87,zeitstopp,1,4
backtest,CRWD,2023-10-19,2023-10-23,2023,14:00,1,0,QQQ,4h,-8.2,-14.1,542,4.4,-35.79,0,0,486,0.67,1.013,10.5,17.13,37.22,1,5.26,4.65,-0.23,14.6,26.82,41.37,2.04,3.16,5.58,bullish,10.26,1.77,-3.68,1.183,4,-3.68,1.183,4,1,0,-9.93,-0.32,-3.41,31.31,-1.54,2,0.19,-9.58,stopp,0,0
backtest,SGEN,2023-10-23,2023-11-07,2023,18:00,1,0,QQQ,4h,-1.3,0.4,4,7.8,-0.04,0,1,18,-0.04,0.999,1.37,4.73,14.83,1,3.97,4.76,0.69,0.84,9.82,5.74,0.7,0.67,2.66,bullish,3.13,3.97,-2.8,0.987,18,-2.8,0.987,18,1,0,-12.11,-0.92,-5.61,16.35,-0.49,11,0.24,-1.94,zeitstopp,1,1
backtest,NVDA,2023-10-24,2023-10-27,2023,14:00,1,0,QQQ,4h,-5.7,114.7,75,18.8,-13.44,0,0,41,-13.44,0.824,-1.42,-3.02,26.29,1,-0.84,8.94,-6.77,1.78,-5.92,58.92,1.26,3.74,5.32,bearish,-5.28,1.42,-18.53,0.275,41,-18.53,0.275,41,1,0,-11.84,-1.1,-5.97,0.05,-1.13,3,0.44,-8.35,stopp,0,2
backtest,CDNS,2023-11-01,2024-01-03,2023,17:00,1,0,QQQ,4h,7.5,15.8,83,18.8,-5.23,0,0,13,-5.23,0.886,0.17,1.74,10.72,1,2.27,3.77,1.03,4.88,4.86,14.78,1.1,2.63,7.12,bullish,3.37,2.71,-10.63,0.508,13,-10.63,0.508,13,1,0,-13.03,-1.14,-6.15,11.72,1.14,42,15.2,-0.88,struktur,1,2
backtest,CPRT,2023-11-02,2024-04-15,2023,17:00,1,0,QQQ,4h,24.8,0.3,115,18.8,-5.17,0,0,76,-5.17,0.876,0.66,1.42,9.71,1,0.55,3.54,0.44,0.21,-1.86,11.08,2.53,2.3,7.01,bullish,4.07,3.05,-9.86,0.543,12,-10.49,0.507,76,1,0,-11.52,-0.78,-4.36,2.62,3.79,111,30.38,-1.96,struktur,1,3
backtest,SNPS,2023-11-02,2024-03-18,2023,09:00,1,0,QQQ,4h,16.8,-1.5,10,18.8,-4.86,0,1,14,-4.86,0.895,0.56,3.25,15.32,1,3.31,3.78,4.42,3.05,8.01,29.18,0.6,2.32,7.61,bullish,6.69,3.28,-10.69,0.545,14,-10.69,0.545,14,1,0,-11.52,-0.78,-4.36,12.94,2.38,92,31.61,-1.28,struktur,1,3
backtest,CRWD,2023-11-03,2024-04-05,2023,17:00,1,0,QQQ,4h,66.2,-8.2,11,4.4,-37.56,0,0,497,-2.94,0.943,2.85,9.69,29.42,1,7.39,5.86,6.5,10.6,21.48,55.07,1.95,3.31,10.62,bullish,11.21,3.21,-11.38,0.742,10,-11.38,0.742,10,1,0,-9.91,1.32,-2.17,24.17,6.89,104,95.86,-4.29,struktur,1,5
backtest,MSFT,2023-11-03,2023-12-15,2023,17:00,1,0,QQQ,4h,4.2,3.4,165,18.8,-4.0,0,1,76,-4.0,0.905,5.55,7.1,14.67,1,0.93,3.33,6.23,9.07,6.49,14.54,0.87,2.34,8.99,bullish,2.37,3.84,-1.17,1.622,0,-15.45,0.741,76,1,0,-9.91,1.32,-2.17,8.85,0.51,29,9.6,-1.15,struktur,1,5
backtest,NVDA,2023-11-03,2024-07-31,2023,17:00,1,0,QQQ,4h,152.3,-5.7,7,18.8,-11.15,0,0,49,-11.15,0.85,2.81,0.6,25.92,1,-1.07,8.54,7.89,-2.64,-2.62,57.88,2.64,4.14,15.26,bearish,-5.28,3.69,-21.96,0.492,49,-21.96,0.492,49,1,0,-9.91,1.32,-2.17,-0.46,11.5,184,215.24,-2.11,struktur,1,5
backtest,DDOG,2023-11-13,2024-04-05,2023,10:00,1,0,QQQ,4h,17.3,-9.6,102,4.1,-48.32,0,0,498,-12.56,0.739,17.98,14.01,18.42,1,-2.53,2.02,26.34,17.7,15.45,18.8,-0.43,5.16,33.97,bearish,-7.06,6.58,-7.91,0.851,3,-34.07,0.631,77,1,1,-6.21,3.59,2.32,12.83,0.68,98,34.31,-0.45,struktur,0,0
backtest,KLAC,2023-11-20,2023-12-06,2023,18:00,1,0,QQQ,4h,-1.1,-6.2,63,18.9,0.02,1,1,2,0.02,1.001,10.82,15.1,24.93,1,0.62,2.12,2.2,18.07,11.27,29.26,1.14,2.57,23.42,bearish,-2.54,9.11,-3.8,1.005,2,-3.8,1.005,2,1,1,-4.31,8.87,6.24,4.74,-0.06,11,2.19,-4.3,zeitstopp,1,2
backtest,LRCX,2023-11-20,2023-12-06,2023,18:00,1,0,QQQ,4h,-0.1,-2.6,63,18.9,-2.18,0,1,78,-2.18,0.952,11.4,11.9,19.95,1,-2.09,2.85,2.18,16.66,4.97,19.61,1.18,2.39,24.83,bearish,-6.3,10.39,-19.06,0.992,54,-20.7,0.895,78,1,1,-4.31,8.87,6.24,-1.19,-0.01,11,3.16,-3.03,zeitstopp,1,2
backtest,PANW,2023-11-27,2023-12-29,2023,18:00,0,0,QQQ,4h,10.3,3.6,116,11.3,0.36,1,1,1,0.36,1.007,7.8,9.44,21.75,1,1.99,4.63,9.81,12.18,15.31,27.94,1.12,3.35,16.07,bullish,4.59,4.8,-2.25,1.159,1,-2.25,1.159,1,1,1,-3.45,13.34,7.16,7.6,0.74,23,18.19,-1.18,struktur,1,2
backtest,PDD,2023-11-28,2024-01-30,2023,14:00,0,0,QQQ,4h,-7.8,4.3,111,5.3,-36.19,0,0,700,12.75,1.253,22.61,28.69,59.33,1,7.81,1.73,2.23,8.72,45.77,64.83,15.23,3.33,18.74,bullish,6.69,5.63,-3.72,4.424,1,-3.72,4.424,1,1,1,-3.54,12.7,6.26,37.17,-0.5,42,12.78,-8.27,struktur,0,3
backtest,INTC,2023-11-29,2023-12-05,2023,18:00,0,0,QQQ,4h,-7.2,-2.1,1377,18.9,-28.47,0,0,663,0.5,1.011,11.47,21.05,36.78,1,5.18,3.77,-1.13,24.36,29.33,48.52,2.08,2.65,5.34,bullish,21.11,2.02,-3.63,1.137,5,-3.63,1.137,5,1,1,-3.28,11.74,4.27,24.04,-1.42,4,0.4,-7.85,stopp,0,5
backtest,META,2023-11-29,2023-12-05,2023,14:00,0,0,QQQ,4h,-6.3,-0.5,37,11.5,-11.46,0,0,563,-0.93,0.986,3.89,7.65,26.45,1,3.92,6.74,-0.29,12.0,13.76,29.13,0.21,1.98,5.32,bullish,3.74,2.69,-2.78,0.663,3,-2.78,0.663,3,1,1,-3.28,11.74,4.27,9.1,-1.24,4,0.05,-7.67,stopp,0,5
backtest,SGEN,2023-12-05,2023-12-13,2023,18:00,0,0,QQQ,4h,6.2,-1.3,28,7.9,-1.02,0,1,27,-1.02,0.978,0.9,0.59,7.34,1,1.25,3.85,-0.6,-0.87,2.87,9.19,1.01,0.67,2.37,bearish,-1.15,3.54,-2.64,0.613,27,-2.64,0.613,27,1,1,-4.24,5.06,2.33,0.53,2.7,6,6.35,-1.22,struktur,1,4
backtest,AMD,2023-12-07,2024-04-05,2023,18:00,1,0,QQQ,4h,32.8,-8.9,168,18.9,-23.04,0,0,507,-4.71,0.914,5.87,14.97,20.77,1,6.06,3.84,-5.68,2.97,9.6,-0.86,8.35,2.95,9.86,bullish,12.95,3.34,-7.44,1.09,5,-29.9,0.842,122,1,1,-4.56,3.31,3.64,5.75,3.65,81,79.58,-5.54,struktur,1,5
backtest,AMZN,2023-12-07,2023-12-22,2023,18:00,1,0,QQQ,4h,4.4,-3.3,112,18.9,-21.94,0,0,605,-1.34,0.97,1.56,8.32,19.56,1,2.44,3.74,-1.23,1.27,4.84,19.21,1.89,2.15,4.15,bullish,10.99,1.93,-4.32,0.689,7,-4.32,0.689,7,1,1,-4.56,3.31,3.64,1.16,1.11,11,5.69,-2.45,zeitstopp,0,5
backtest,INTC,2023-12-08,2024-02-29,2023,18:00,0,0,QQQ,4h,-0.3,-7.2,3,18.9,-32.48,0,0,670,-5.99,0.87,0.59,10.74,27.0,1,6.67,4.48,-5.71,11.14,11.26,33.39,1.13,2.72,4.58,bullish,22.21,1.68,-9.19,0.348,6,-9.19,0.348,6,1,1,-3.22,4.69,4.94,6.02,-0.07,55,20.3,-2.4,struktur,0,5
backtest,ADBE,2023-12-11,2023-12-15,2023,18:00,0,0,QQQ,4h,-7.3,6.1,84,18.9,-10.44,0,0,514,-0.33,0.993,3.05,10.27,31.84,1,5.13,5.27,-0.4,5.59,8.06,34.36,2.7,2.0,7.05,bullish,9.44,3.52,-5.95,0.944,7,-5.95,0.944,7,1,1,-2.79,5.97,4.18,3.72,-1.11,4,1.18,-7.71,stopp,0,5
backtest,LRCX,2023-12-11,2024-04-18,2023,18:00,0,0,QQQ,4h,24.4,-0.1,5,18.9,0.31,1,1,9,0.31,1.007,3.92,11.8,21.14,1,3.63,3.48,-2.62,8.14,6.28,16.6,4.28,2.38,7.98,bullish,9.93,3.35,-6.01,1.051,9,-6.01,1.051,9,1,1,-2.79,5.97,4.18,2.01,3.3,88,37.75,-3.39,struktur,1,5
backtest,LULU,2023-12-20,2024-01-08,2023,18:00,1,0,QQQ,4h,-4.3,0.2,244,16.4,0.17,1,1,0,0.17,1.004,9.26,19.0,33.35,1,8.73,4.16,0.64,18.26,29.34,33.8,0.66,2.85,6.52,bullish,4.1,2.29,-1.28,1.133,0,-1.28,1.133,0,1,1,-0.03,4.92,12.46,15.01,-0.7,11,1.21,-6.28,zeitstopp,1,2
backtest,ZS,2023-12-27,2024-01-03,2023,10:00,1,0,QQQ,4h,-7.2,1.4,155,5.8,-40.28,0,0,526,-0.16,0.998,7.31,20.0,51.42,1,12.39,5.84,0.92,17.03,51.72,55.25,0.0,2.47,4.19,bullish,8.26,1.7,-3.21,0.951,4,-3.21,0.951,4,1,1,-0.17,5.79,16.23,30.53,-1.78,4,1.2,-7.98,stopp,0,1
backtest,COST,2024-01-08,2024-01-24,2024,14:00,1,0,QQQ,4h,5.2,-0.7,426,19.0,-2.19,0,1,6,-2.19,0.937,1.86,9.86,21.79,1,6.51,3.29,-1.07,10.45,18.02,28.26,-0.31,1.81,3.3,bullish,13.98,1.82,-4.2,0.479,6,-4.2,0.479,6,1,1,-3.92,3.3,10.89,6.43,1.63,11,6.84,0.01,struktur,1,1
backtest,MRVL,2024-01-08,2024-04-15,2024,18:00,1,0,QQQ,4h,11.9,-5.8,158,19.0,-31.46,0,0,521,-6.11,0.879,9.42,16.3,19.19,1,4.08,3.17,-2.15,18.95,12.97,1.52,6.2,3.1,15.57,bullish,7.94,5.02,-9.87,1.314,5,-30.96,0.853,118,1,1,-3.92,3.3,10.89,1.87,0.88,67,34.78,-5.79,struktur,0,1
backtest,AMZN,2024-01-09,2024-01-25,2024,18:00,1,0,QQQ,4h,3.8,4.4,18,19.0,-19.84,0,0,626,-2.83,0.941,0.7,4.16,17.29,1,6.48,4.47,-1.87,1.51,16.52,17.28,1.43,1.86,6.04,bullish,4.27,3.25,-7.44,0.62,11,-7.44,0.62,11,1,1,-1.93,3.98,11.32,4.67,0.66,11,4.81,-2.0,zeitstopp,0,3
backtest,AVGO,2024-01-09,2024-04-18,2024,10:00,0,0,QQQ,4h,20.9,-6.3,109,14.4,-7.3,0,0,12,-7.3,0.863,-2.16,8.15,27.88,1,10.55,6.19,-3.71,17.09,27.74,23.69,-0.79,2.08,3.77,bullish,15.59,1.81,-9.47,0.229,12,-9.47,0.229,12,1,1,-1.93,3.98,11.32,14.76,5.74,69,34.86,-0.36,struktur,1,3
backtest,TEAM,2024-01-10,2024-01-26,2024,18:00,0,0,QQQ,4h,-0.8,22.7,779,8.1,-49.45,0,0,550,-1.53,0.97,6.51,21.03,33.53,1,7.89,3.79,3.81,22.32,16.15,34.83,3.79,3.19,12.72,bullish,23.8,3.99,-11.75,0.87,10,-11.75,0.87,10,1,1,-1.74,3.72,10.97,4.67,-0.07,11,4.04,-5.04,zeitstopp,0,4
backtest,MELI,2024-01-12,2024-03-05,2024,18:00,0,0,QQQ,4h,-5.4,-2.9,115,16.4,-18.86,0,0,748,-1.27,0.972,3.72,7.65,23.78,1,10.57,2.89,4.76,-1.56,27.95,38.8,2.97,2.15,11.59,bearish,-0.4,5.39,-10.62,0.881,27,-10.62,0.881,27,1,1,-0.86,2.94,10.55,15.74,-0.52,35,11.35,-7.98,struktur,0,6
backtest,SPLK,2024-01-12,2024-01-30,2024,14:00,0,0,QQQ,4h,0.5,2.4,1215,8.0,-32.39,0,0,844,-0.37,0.992,0.36,1.32,27.13,1,1.3,5.04,0.37,0.7,3.77,41.21,0.0,0.26,1.46,bearish,-0.16,5.62,-0.57,0.352,0,-0.57,0.352,0,1,1,-0.86,2.94,10.55,-6.13,0.38,11,0.75,-0.19,zeitstopp,0,6
backtest,ISRG,2024-01-18,2024-02-02,2024,14:00,0,0,QQQ,4h,3.9,-5.9,168,19.0,-0.43,0,1,550,0.34,1.009,8.59,15.7,20.22,1,8.91,3.35,8.57,10.65,30.9,1.11,2.57,2.32,16.1,bullish,7.74,6.94,-3.19,1.107,2,-3.19,1.107,2,1,1,-1.38,0.71,10.51,18.45,0.28,11,4.71,-1.62,zeitstopp,1,5
backtest,DASH,2024-01-19,2024-02-05,2024,10:00,0,0,QQQ,4h,2.6,nan,nan,3.1,-58.92,0,0,545,-0.48,0.991,5.31,8.59,31.87,1,10.7,5.48,-0.6,2.19,38.32,23.34,0.69,2.84,6.45,bullish,2.13,2.27,-5.57,0.914,5,-5.57,0.914,5,1,1,-0.14,1.51,12.45,23.01,0.42,11,4.55,-2.0,zeitstopp,0,7
backtest,KLAC,2024-01-19,2024-02-05,2024,18:00,0,0,QQQ,4h,0.1,-1.1,44,19.0,1.5,1,1,13,1.5,1.037,6.62,9.44,27.28,1,7.39,4.17,6.1,2.3,21.65,26.05,2.79,2.4,10.8,bullish,6.15,4.5,-9.21,1.163,13,-9.21,1.163,13,1,1,-0.14,1.51,12.45,8.18,0.02,11,8.62,-4.08,zeitstopp,1,7
backtest,META,2024-01-19,2024-04-26,2024,14:00,0,0,QQQ,4h,16.4,-6.3,45,11.7,-1.2,0,1,597,0.53,1.008,5.81,11.01,28.21,1,5.71,5.79,1.53,9.14,16.09,19.02,0.78,2.18,6.95,bullish,4.19,3.19,-4.89,1.108,3,-4.89,1.108,3,1,1,-0.14,1.51,12.45,3.24,2.52,68,40.36,-0.28,struktur,1,7
backtest,PANW,2024-01-19,2024-02-05,2024,10:00,0,0,QQQ,4h,1.8,10.3,21,11.5,-0.09,0,1,0,-0.09,0.998,11.08,17.91,39.91,1,8.15,4.98,6.23,9.16,28.28,36.49,0.74,2.49,5.91,bullish,19.59,2.37,-1.78,0.947,0,-1.78,0.947,0,1,1,-0.14,1.51,12.45,14.08,0.32,11,3.65,-1.65,zeitstopp,1,7
backtest,ZS,2024-01-22,2024-02-06,2024,14:00,0,0,QQQ,4h,-1.5,-7.2,19,5.8,-36.53,0,0,542,2.1,1.033,7.39,15.67,51.76,1,12.7,7.63,1.21,3.24,35.73,56.38,3.21,2.97,8.86,bullish,2.87,2.98,-5.26,1.399,4,-5.26,1.399,4,1,1,-0.04,2.99,16.2,16.81,-0.18,11,3.21,-5.25,zeitstopp,0,5
backtest,MSFT,2024-01-29,2024-02-13,2024,18:00,1,0,QQQ,4h,-0.5,4.2,45,19.1,-0.38,0,1,1,-0.38,0.991,5.13,7.13,19.72,1,4.7,3.3,1.32,7.98,18.81,22.64,0.38,1.49,6.86,bearish,-0.13,4.6,-1.12,0.662,1,-1.12,0.662,1,1,1,-1.41,2.99,21.28,-2.03,-0.08,11,3.79,-2.04,zeitstopp,1,1
backtest,TEAM,2024-01-30,2024-02-05,2024,14:00,1,0,QQQ,4h,-15,-0.8,4,8.1,-47.26,0,0,563,-0.91,0.982,6.78,16.34,35.3,1,11.86,4.48,4.1,5.99,45.25,46.76,-0.34,3.25,7.15,bullish,0.44,2.2,-4.09,0.777,0,-4.09,0.777,0,1,1,-0.4,4.1,24.9,16.29,-2.25,4,1.53,-17.17,stopp,0,2
backtest,ASML,2024-02-02,2024-02-20,2024,10:00,0,0,QQQ,4h,2.8,5.8,176,19.1,-0.02,0,1,0,-0.02,1.0,14.93,20.55,31.81,1,8.67,1.88,2.47,26.61,49.1,30.71,0.35,2.82,5.16,bullish,0.72,1.83,-1.91,0.992,0,-1.91,0.992,0,1,1,-1.85,5.91,20.54,23.69,0.58,11,6.98,-1.63,zeitstopp,1,2
backtest,COST,2024-02-07,2024-02-23,2024,18:00,1,0,QQQ,4h,2.4,5.2,14,19.1,1.0,1,1,2,1.0,1.027,4.64,10.94,29.27,1,8.93,3.9,1.58,7.58,29.8,30.86,1.49,1.36,5.54,bullish,6.99,4.07,-1.68,1.591,2,-1.68,1.591,2,1,1,-0.62,5.59,16.58,11.34,0.46,11,2.93,-1.71,zeitstopp,1,4
backtest,DASH,2024-02-07,2024-05-03,2024,10:00,0,0,QQQ,4h,3.7,2.6,2,3.2,-56.33,0,0,558,-0.92,0.983,5.69,10.76,35.14,1,8.28,5.72,6.51,14.03,21.46,33.17,-0.01,2.83,9.2,bullish,11.58,3.25,-4.53,0.798,0,-4.53,0.798,0,1,1,-0.62,5.59,16.58,4.19,0.44,60,27.61,-2.96,struktur,0,4
backtest,CDNS,2024-02-08,2024-02-26,2024,10:00,0,0,QQQ,4h,-0.1,7.5,36,19.1,1.0,1,1,0,1.0,1.025,6.33,10.77,25.21,1,4.59,3.24,4.25,14.89,20.4,31.36,1.57,2.37,6.49,bullish,8.03,2.74,-2.5,1.401,0,-2.5,1.401,0,1,1,-0.19,6.47,17.3,2.65,-0.02,11,3.36,-6.76,zeitstopp,1,5
backtest,ZS,2024-02-08,2024-02-22,2024,18:00,0,0,QQQ,4h,-10.1,-1.5,2,5.9,-33.62,0,0,555,1.33,1.02,5.86,12.94,50.33,1,12.43,8.39,3.81,8.13,49.67,76.41,2.05,3.27,11.49,bullish,5.38,3.51,-8.19,1.163,10,-8.19,1.163,10,1,1,-0.19,6.47,17.3,27.59,-0.98,9,3.98,-18.92,stopp,0,5
backtest,NFLX,2024-02-14,2024-04-22,2024,18:00,1,0,QQQ,4h,-3.5,22.5,184,19.1,-18.56,0,0,561,-1.5,0.97,5.26,13.6,31.73,1,7.25,5.03,-0.25,15.23,23.99,29.62,2.96,2.27,4.02,bullish,15.14,1.77,-5.28,0.716,12,-5.28,0.716,12,1,1,-2.41,4.65,13.54,9.21,-0.92,46,11.93,-5.06,stopp,0,5
backtest,PCAR,2024-02-14,2024-03-01,2024,18:00,0,0,QQQ,4h,4.4,-3.3,118,19.1,0.02,1,1,1,0.02,1.001,4.67,9.08,26.71,1,6.68,4.03,0.91,11.83,23.58,27.22,1.18,1.71,8.11,bullish,15.82,4.74,-2.29,1.009,1,-2.29,1.009,1,1,1,-2.41,4.65,13.54,8.84,0.59,11,6.78,-0.74,zeitstopp,1,5
backtest,AMZN,2024-02-22,2024-03-08,2024,14:00,0,0,QQQ,4h,2.7,3.8,28,19.1,-8.96,0,0,656,-2.08,0.958,3.42,9.19,24.57,1,5.6,4.76,-0.03,8.06,16.12,25.18,1.87,2.61,4.67,bullish,11.59,1.79,-5.5,0.623,6,-5.5,0.623,6,1,1,-3.08,0.5,10.53,5.06,0.61,11,4.89,0.01,zeitstopp,0,5
backtest,CEG,2024-02-22,2024-06-28,2024,14:00,0,0,QQQ,4h,55.6,6.2,142,2.1,-1.48,0,1,8,-1.48,0.969,3.77,9.63,23.11,1,2.14,5.02,2.73,10.7,7.97,24.12,0.46,2.62,3.36,bullish,10.23,1.28,-5.4,0.727,8,-5.4,0.727,8,1,1,-3.08,0.5,10.53,-2.31,17.08,88,79.37,-0.49,struktur,1,5
backtest,ISRG,2024-02-22,2024-03-08,2024,18:00,0,0,QQQ,4h,1,3.9,20,19.1,-1.0,0,1,9,-1.0,0.977,1.84,8.88,21.99,1,9.41,3.1,0.35,2.37,24.55,32.64,2.07,1.86,5.66,bullish,15.13,3.04,-5.36,0.814,9,-5.36,0.814,9,1,1,-3.08,0.5,10.53,12.69,0.19,11,3.84,-1.52,zeitstopp,1,5
backtest,KLAC,2024-02-22,2024-04-18,2024,18:00,0,0,QQQ,4h,-3.9,0.1,17,19.1,0.69,1,1,2,0.69,1.014,9.1,14.97,35.24,1,5.99,5.33,1.91,5.49,19.97,33.49,4.64,2.67,10.4,bullish,3.07,3.9,-5.66,1.122,2,-5.66,1.122,2,1,1,-3.08,0.5,10.53,8.55,-0.41,39,6.89,-5.89,struktur,1,5
backtest,ASML,2024-02-27,2024-03-13,2024,14:00,1,0,QQQ,4h,2.3,2.8,7,19.1,0.04,1,1,2,0.04,1.001,5.14,17.96,37.06,1,12.36,4.17,2.01,9.39,38.62,46.91,1.3,2.62,4.08,bullish,0.54,1.56,-2.78,1.016,2,-2.78,1.016,2,1,1,-0.92,3.01,12.2,23.54,0.59,11,10.05,-2.58,zeitstopp,1,4
backtest,AMAT,2024-03-01,2024-03-18,2024,18:00,0,0,QQQ,4h,-3.5,-9.5,165,19.2,0.99,1,1,8,0.99,1.021,11.99,22.42,40.39,1,8.97,5.24,0.94,22.92,36.4,34.95,3.4,3.84,7.41,bullish,15.9,1.93,-9.99,1.099,8,-9.99,1.099,8,1,1,-0.36,5.28,12.79,20.93,-0.5,11,2.78,-5.5,zeitstopp,1,5
backtest,MU,2024-03-06,2024-03-21,2024,18:00,0,0,QQQ,4h,17.9,0.3,783,19.2,-1.3,0,1,1,-1.3,0.972,11.01,11.82,31.0,1,4.52,3.57,2.85,8.61,24.58,34.62,1.74,3.02,9.32,bullish,2.61,3.09,-4.21,0.69,1,-4.21,0.69,1,1,1,-2.36,1.77,12.11,11.12,2.1,11,18.09,-6.05,struktur,1,2
backtest,ASML,2024-03-20,2024-04-05,2024,13:00,1,0,QQQ,4h,1.6,2.3,7,19.2,-9.13,0,0,8,-9.13,0.805,-0.46,8.04,32.68,1,11.7,4.17,-3.29,4.65,26.64,59.94,0.84,3.41,4.19,bullish,10.69,1.23,-12.15,0.248,8,-12.15,0.248,8,1,1,-2.12,2.77,8.61,16.6,0.4,11,6.54,-1.35,zeitstopp,0,1
backtest,FAST,2024-03-20,2024-04-05,2024,17:00,1,0,QQQ,4h,-1.7,-0.5,820,19.2,-0.33,0,1,1,-0.33,0.991,3.21,8.79,26.16,1,6.36,3.57,1.26,8.75,19.45,41.3,0.36,1.81,4.11,bullish,7.93,2.27,-1.72,0.81,1,-1.72,0.81,1,1,1,-2.12,2.77,8.61,9.97,-0.44,11,3.35,-1.84,zeitstopp,1,1
backtest,AMAT,2024-03-21,2024-04-08,2024,09:00,0,0,QQQ,4h,1.4,-3.5,3,19.2,-2.22,0,1,9,-2.22,0.955,2.87,14.15,36.14,1,11.22,5.47,2.24,7.74,28.09,49.48,2.17,2.76,7.51,bullish,3.8,2.72,-8.06,0.725,9,-8.06,0.725,9,1,1,-0.95,4.4,9.21,17.28,0.2,11,2.58,-3.74,zeitstopp,1,3
backtest,QCOM,2024-03-21,2024-04-08,2024,17:00,0,0,QQQ,4h,0.2,-7.6,801,19.2,-6.05,0,0,553,-3.74,0.915,3.96,11.03,33.97,1,6.81,4.88,-0.94,10.86,18.97,53.17,1.96,3.01,6.49,bullish,13.14,2.16,-7.87,0.524,9,-7.87,0.524,9,1,1,-0.95,4.4,9.21,8.93,0.04,11,2.93,-2.33,zeitstopp,0,3
backtest,DXCM,2024-03-25,2024-04-10,2024,17:00,0,0,QQQ,4h,0.5,-1,270,18.9,-16.22,0,0,587,-1.02,0.978,8.05,10.81,21.19,1,1.46,0.77,2.08,14.55,14.18,49.51,3.72,3.6,6.26,bullish,8.29,1.74,-6.75,1.021,11,-6.75,1.021,11,1,1,-0.66,2.33,10.95,2.91,0.08,11,2.8,-4.63,zeitstopp,0,4
backtest,CTAS,2024-03-27,2024-04-12,2024,17:00,0,0,QQQ,4h,-3.6,0.2,476,19.2,6.46,1,1,3,6.46,1.196,9.06,11.11,26.86,1,3.19,3.06,0.91,0.83,6.65,25.9,8.4,1.24,11.82,bullish,1.35,9.53,-1.95,4.317,3,-1.95,4.317,3,1,1,-1.34,1.44,8.76,-1.94,-0.34,11,2.65,-4.1,zeitstopp,1,5
backtest,AMZN,2024-04-04,2024-04-19,2024,10:00,1,0,QQQ,4h,-2.7,2.7,27,19.2,-2.66,0,1,685,0.35,1.008,3.44,6.7,25.44,1,6.31,3.97,2.31,4.76,21.66,40.9,0.67,1.67,3.99,bullish,14.61,2.39,-2.52,1.139,2,-2.52,1.139,2,1,1,-1.61,1.52,9.96,10.64,-0.7,11,3.34,-5.55,zeitstopp,1,1
backtest,FANG,2024-04-12,2024-04-29,2024,14:00,1,0,QQQ,4h,-1.1,-7.6,434,11.5,-0.84,0,1,3,-0.84,0.981,4.29,14.17,32.92,1,11.57,5.04,3.58,11.04,39.92,38.36,-0.73,1.6,5.41,bearish,-2.62,3.38,-2.44,0.656,3,-2.44,0.656,3,1,1,-0.88,1.3,9.17,28.16,-0.21,11,2.53,-4.2,zeitstopp,1,1
backtest,GOOG,2024-04-23,2024-07-25,2024,18:00,1,0,QQQ,4h,8.9,-4.3,214,19.3,-0.91,0,1,6,-0.91,0.975,2.91,8.45,15.75,1,2.38,2.47,1.04,4.07,6.94,13.65,1.44,2.04,5.16,bullish,4.19,2.53,-4.81,0.812,6,-4.81,0.812,6,1,0,-6.79,-6.17,-0.56,7.54,1.81,64,20.78,-4.66,struktur,1,0
backtest,KLAC,2024-04-26,2024-05-13,2024,18:00,1,0,QQQ,4h,2.2,-3.9,8,19.3,-3.4,0,1,34,-3.4,0.934,4.14,3.06,25.9,1,3.93,3.91,4.46,-3.44,5.11,43.82,4.66,3.03,14.17,bearish,-1.3,4.68,-14.54,0.766,34,-14.54,0.766,34,1,0,-5.54,-4.58,-0.31,5.44,0.18,11,3.36,-5.95,zeitstopp,0,1
backtest,PDD,2024-05-02,2024-07-26,2024,14:00,1,0,QQQ,4h,0.2,-7.8,93,5.8,-39.4,0,0,807,-15.79,0.741,6.91,5.93,11.59,1,-3.48,4.31,-2.4,4.16,-1.88,19.4,3.49,3.57,4.89,bullish,6.21,1.37,-25.39,0.483,29,-28.84,0.452,76,1,0,-6.19,-4.66,1.22,-3.06,0.03,58,27.84,-0.64,struktur,0,2
backtest,PANW,2024-05-06,2024-07-26,2024,10:00,1,0,QQQ,4h,8.8,1.8,91,11.8,-22.01,0,0,58,-22.01,0.589,4.44,3.87,7.85,1,-7.99,1.34,1.64,10.1,-14.16,20.97,0.27,2.82,5.63,bearish,-23.62,2.0,-31.71,0.306,58,-31.71,0.306,58,1,0,-3.08,-1.13,1.64,-15.55,1.66,56,16.46,-3.51,struktur,0,1
backtest,GOOGL,2024-05-07,2024-07-25,2024,10:00,1,0,QQQ,4h,2.8,-4.3,228,19.3,-3.91,0,1,6,-3.91,0.903,4.89,11.56,20.38,1,4.13,2.9,1.17,8.56,17.0,31.86,-0.13,3.02,4.13,bullish,9.04,1.37,-6.93,0.435,6,-6.93,0.435,6,1,1,-2.02,-0.08,2.89,13.71,0.7,54,14.35,-2.31,struktur,1,2
backtest,NXPI,2024-05-10,2024-05-28,2024,14:00,1,0,QQQ,4h,4.6,-1.6,275,13.8,-0.31,0,1,44,-0.31,0.992,8.84,7.59,21.58,1,1.89,1.59,2.57,6.74,14.97,41.63,0.58,2.89,4.49,bullish,4.03,1.55,-19.04,0.984,44,-19.04,0.984,44,1,1,-1.85,-0.98,2.04,12.67,1.07,11,7.59,-0.81,zeitstopp,1,3
backtest,MRNA,2024-05-14,2024-06-20,2024,10:00,1,0,QQQ,4h,5.7,2.9,460,5.4,-74.78,0,0,693,-12.14,0.784,10.98,16.13,27.46,1,8.04,-0.96,2.9,21.0,41.2,80.79,-0.18,4.75,8.55,bullish,11.15,1.8,-11.45,0.772,7,-11.45,0.772,7,1,1,-1.39,2.79,1.91,38.55,0.72,25,35.89,-0.37,struktur,0,4
backtest,QCOM,2024-05-14,2024-07-18,2024,14:00,1,0,QQQ,4h,5.5,0.2,36,19.4,-1.03,0,1,0,-1.03,0.978,7.09,7.39,33.01,1,4.69,3.93,1.3,8.46,20.93,55.14,-0.75,2.63,5.52,bearish,-0.91,2.1,-0.99,-0.04,0,-0.99,-0.04,0,1,1,-1.39,2.79,1.91,18.66,1.04,44,26.67,0.91,struktur,1,4
backtest,TTD,2024-05-16,2024-06-03,2024,10:00,1,0,QQQ,4h,2.2,-8,280,7.6,-19.99,0,0,625,-2.89,0.919,7.06,8.23,17.92,1,3.01,0.18,4.92,12.63,21.45,42.22,1.14,3.41,7.57,bullish,2.56,2.22,-19.02,0.848,61,-19.02,0.848,61,1,1,-0.06,6.35,4.68,16.02,0.31,11,6.98,-1.39,zeitstopp,0,4
backtest,MU,2024-05-29,2024-07-17,2024,10:00,1,0,QQQ,4h,-7.4,17.9,69,19.4,-0.65,0,1,0,-0.65,0.988,8.22,11.92,51.48,1,11.82,6.74,2.85,16.02,44.59,72.99,-0.18,2.94,7.32,bullish,28.3,2.49,-3.02,0.785,0,-3.02,0.785,0,1,1,-0.2,6.22,5.18,37.46,-1.08,33,18.96,-9.89,stopp,1,1
backtest,NFLX,2024-05-29,2024-06-13,2024,18:00,1,0,QQQ,4h,-3,-3.5,37,19.4,-5.32,0,0,633,1.79,1.038,8.62,9.08,31.23,1,0.8,3.57,1.28,16.0,7.86,35.32,2.27,2.19,6.41,bullish,2.03,2.93,-2.21,1.812,1,-2.21,1.812,1,1,1,-0.2,6.22,5.18,2.54,-0.49,11,0.09,-5.62,zeitstopp,0,1
backtest,VRTX,2024-05-31,2024-09-04,2024,18:00,0,0,QQQ,4h,6.2,2.8,382,19.4,-1.88,0,1,3,-1.88,0.938,4.06,8.15,14.51,1,1.22,2.07,-1.0,10.17,5.3,27.67,1.36,1.8,3.69,bullish,8.59,2.05,-4.83,0.611,3,-4.83,0.611,3,1,1,-1.96,7.12,2.99,2.24,1.74,65,13.71,-1.24,struktur,1,2
backtest,ASML,2024-06-05,2024-07-22,2024,14:00,1,0,QQQ,4h,-6,1.6,61,19.4,-6.41,0,0,61,-6.41,0.863,5.25,5.47,25.72,1,-1.36,3.43,-4.14,3.7,-1.66,37.89,3.76,2.87,6.96,bullish,5.74,2.43,-19.45,0.67,61,-19.45,0.67,61,1,1,-1.35,3.21,4.34,-5.75,-0.93,31,12.52,-9.62,stopp,1,7
backtest,AVGO,2024-06-05,2024-07-31,2024,18:00,0,0,QQQ,4h,8.8,20.9,48,14.8,-3.75,0,1,12,-3.75,0.921,1.61,4.44,25.89,1,1.96,4.78,-5.78,1.57,-0.47,44.37,4.54,2.72,8.26,bullish,2.95,3.04,-9.88,0.621,12,-9.88,0.621,12,1,1,-1.35,3.21,4.34,-4.6,1.16,38,33.09,-3.65,struktur,1,7
backtest,COST,2024-06-05,2024-06-21,2024,14:00,0,0,QQQ,4h,4.6,2.4,103,19.4,-0.12,0,1,0,-0.12,0.997,3.9,10.03,26.62,1,2.97,4.03,1.75,9.38,9.05,42.36,-0.04,1.65,6.15,bearish,-1.5,3.73,-1.81,0.935,0,-1.81,0.935,0,1,1,-1.35,3.21,4.34,4.52,0.8,11,5.67,-0.65,zeitstopp,1,7
backtest,KLAC,2024-06-05,2024-08-05,2024,18:00,0,0,QQQ,4h,-16.4,2.2,23,19.4,-1.82,0,1,5,-1.82,0.959,3.67,9.69,31.15,1,3.18,4.71,-4.53,4.68,6.54,37.28,3.6,2.91,6.78,bullish,10.5,2.33,-7.13,0.744,5,-7.13,0.744,5,1,1,-1.35,3.21,4.34,2.11,-2.59,41,15.28,-16.66,stopp,1,7
backtest,TTD,2024-06-05,2024-06-21,2024,18:00,0,0,QQQ,4h,1.1,2.2,2,7.7,-14.95,0,0,638,-0.63,0.984,5.25,10.47,23.87,1,4.86,1.29,-0.64,3.42,16.0,31.96,2.7,3.35,7.16,bullish,8.64,2.14,-6.34,0.901,10,-6.34,0.901,10,1,1,-1.35,3.21,4.34,11.17,0.16,11,2.58,-6.47,zeitstopp,0,7
backtest,AAPL,2024-06-17,2024-07-03,2024,18:00,1,0,QQQ,4h,1.6,-9,626,19.4,-1.84,0,1,2,-1.84,0.928,10.27,17.96,18.76,1,5.62,0.95,7.92,11.93,23.27,7.63,1.73,2.2,13.83,bullish,4.84,6.29,-6.04,0.696,2,-6.04,0.696,2,1,1,-0.01,6.02,10.58,11.47,0.13,11,2.49,-4.43,zeitstopp,1,0
backtest,REGN,2024-06-21,2024-07-09,2024,18:00,1,0,QQQ,4h,0.3,0,289,19.5,-0.21,0,1,1,-0.21,0.994,4.68,9.22,16.46,1,1.88,2.13,1.63,5.07,8.01,22.74,0.55,1.72,7.19,bearish,-0.05,4.18,-2.31,0.909,1,-2.31,0.909,1,1,1,-1.11,5.63,8.5,-0.45,0.04,11,2.95,-3.66,zeitstopp,1,1
backtest,ARM,2024-06-26,2024-08-02,2024,18:00,0,0,QQQ,4h,-30.3,nan,nan,0.8,-7.22,0,0,4,-7.22,0.902,14.53,35.39,nan,nan,5.44,nan,0.2,40.1,16.12,125.58,2.43,7.06,25.41,bullish,49.63,3.6,-15.68,0.54,4,-15.68,0.54,4,1,1,-1.38,4.85,7.96,7.57,-1.49,26,14.73,-33.91,stopp,1,3
backtest,ISRG,2024-06-26,2024-07-12,2024,14:00,0,0,QQQ,4h,0.3,1,110,19.5,-0.53,0,1,0,-0.53,0.988,5.31,10.98,25.56,1,2.94,3.49,2.86,9.25,12.92,32.65,-0.19,2.0,4.44,bullish,0.19,2.22,-3.0,0.823,0,-3.0,0.823,0,1,1,-1.38,4.85,7.96,4.6,0.07,11,1.71,-2.1,zeitstopp,1,3
backtest,AMZN,2024-07-03,2024-07-18,2024,10:00,1,0,QQQ,4h,-5.3,-2.7,75,19.5,-0.15,0,1,0,-0.15,0.996,6.6,8.44,23.41,1,1.25,3.23,7.33,12.15,10.69,31.63,0.06,2.27,5.01,bullish,1.02,2.21,-2.25,0.931,0,-2.25,0.931,0,1,1,-0.05,7.64,10.57,0.1,-1.1,10,0.54,-9.33,stopp,1,3
backtest,COST,2024-07-03,2024-07-19,2024,18:00,0,0,QQQ,4h,-2.8,4.6,12,19.5,-1.69,0,1,9,-1.69,0.96,1.01,7.08,25.69,1,7.02,4.9,0.45,5.39,21.01,30.59,-0.02,1.46,3.42,bullish,18.13,2.34,-3.83,0.559,9,-3.83,0.559,9,1,1,-0.05,7.64,10.57,9.44,-0.84,11,4.36,-3.97,zeitstopp,1,3
backtest,META,2024-07-05,2024-07-18,2024,18:00,0,0,QQQ,4h,-10.6,16.4,70,12.1,-0.16,0,1,60,-0.16,0.997,5.2,10.23,28.11,1,0.11,5.3,-0.62,7.02,0.74,47.57,3.96,2.16,8.77,bullish,1.83,4.06,-22.01,0.993,60,-22.01,0.993,60,1,1,-0.03,8.24,11.25,-9.45,-1.31,9,2.39,-13.4,stopp,1,5
backtest,NFLX,2024-07-05,2024-07-12,2024,18:00,0,0,QQQ,4h,-5.8,-3,22,19.5,-1.14,0,1,658,0.45,1.009,3.85,9.67,29.4,1,3.55,4.74,0.71,8.06,8.32,45.68,1.54,2.02,5.46,bullish,3.85,2.7,-4.0,1.112,9,-4.0,1.112,9,1,1,-0.03,8.24,11.25,-2.63,-1.12,5,0.65,-7.11,stopp,0,5
backtest,AMAT,2024-07-10,2024-07-18,2024,10:00,1,0,QQQ,4h,-12,1.4,93,19.5,-0.12,0,1,0,-0.12,0.998,5.74,13.22,38.77,1,6.78,5.39,5.92,13.41,20.51,69.36,0.15,2.47,9.39,bullish,10.82,3.8,-1.84,0.937,0,-1.84,0.937,0,1,1,-0.45,7.69,13.16,6.5,-1.4,6,1.61,-15.32,stopp,1,5
backtest,TTD,2024-07-10,2024-07-18,2024,10:00,0,0,QQQ,4h,-5.6,1.1,19,7.8,-10.62,0,0,661,0.34,1.008,4.65,8.78,26.96,1,6.07,2.08,3.62,7.81,17.12,50.09,0.44,2.21,4.67,bullish,1.39,2.11,-3.06,1.113,0,-3.06,1.113,0,1,1,-0.45,7.69,13.16,3.5,-1.26,6,0.69,-7.2,stopp,0,5
backtest,AAPL,2024-07-15,2024-07-25,2024,14:00,0,0,QQQ,4h,-6.8,1.6,12,19.5,0.61,1,1,2,0.61,1.02,7.5,16.68,26.34,1,10.74,2.15,1.86,8.2,31.89,24.14,1.71,2.11,5.1,bullish,17.92,2.42,-3.13,1.193,2,-3.13,1.193,2,1,1,-1.73,4.53,11.28,18.52,-1.4,8,1.17,-8.47,stopp,1,2
backtest,CTAS,2024-07-18,2024-08-02,2024,18:00,1,0,QQQ,4h,-0.7,-3.6,97,19.5,4.17,1,1,1,4.17,1.119,6.52,8.64,23.09,1,2.67,3.56,0.56,1.74,8.2,22.8,5.22,1.46,7.76,bullish,2.02,5.32,-1.58,3.63,1,-1.58,3.63,1,1,1,-4.32,-0.52,11.93,-3.34,-0.09,11,2.19,-2.07,zeitstopp,1,3
backtest,ISRG,2024-07-19,2024-07-31,2024,18:00,1,0,QQQ,4h,-3,0.3,7,19.5,0.7,1,1,5,0.7,1.016,3.24,8.1,24.54,1,6.12,4.02,-6.17,-4.34,11.22,15.96,8.66,2.08,4.07,bullish,11.2,1.96,-7.84,1.09,5,-7.84,1.09,5,1,1,-4.77,-1.02,12.78,-1.38,-0.77,8,3.67,-4.56,stopp,1,4
backtest,FAST,2024-07-25,2024-08-07,2024,18:00,1,0,QQQ,4h,-4.1,-1.7,111,19.6,-12.64,0,0,85,-12.64,0.618,5.14,5.23,4.34,0,-1.47,1.84,-3.82,4.47,0.28,-2.04,1.98,2.33,3.48,bullish,7.96,1.49,-5.46,0.371,4,-21.91,0.423,85,1,0,-7.97,-3.34,9.19,-8.16,-1.21,9,5.08,-4.9,stopp,0,3
backtest,REGN,2024-07-25,2024-08-09,2024,18:00,1,0,QQQ,4h,2.7,0.3,16,19.6,-2.25,0,1,8,-2.25,0.935,1.68,5.2,16.41,1,5.96,2.61,-2.28,-0.96,16.92,11.13,1.93,1.96,3.24,bullish,2.31,1.65,-4.82,0.534,8,-4.82,0.534,8,1,0,-7.97,-3.34,9.19,7.09,0.85,11,4.78,-3.65,zeitstopp,1,3
backtest,CHTR,2024-07-26,2024-08-12,2024,14:00,1,0,QQQ,4h,4,-6.2,1610,14.6,-57.55,0,0,726,-23.52,0.515,13.53,20.63,6.36,0,6.56,-3.84,-1.99,8.11,19.09,-15.12,11.19,3.72,16.17,bullish,9.51,4.35,-9.19,1.483,5,-38.41,0.777,120,1,0,-8.99,-4.6,7.62,10.66,0.29,11,10.21,-0.13,zeitstopp,0,5
backtest,FANG,2024-07-26,2024-08-05,2024,14:00,1,0,QQQ,4h,-7.2,-1.1,88,11.8,-8.47,0,0,6,-8.47,0.771,-3.9,-0.8,11.95,1,0.75,3.44,-4.87,1.44,-1.68,33.94,-1.73,2.36,1.12,bullish,2.75,0.47,-7.92,-0.069,6,-7.92,-0.069,6,1,0,-8.99,-4.6,7.62,-8.64,-6.53,6,3.89,-8.52,stopp,0,5
backtest,VRSK,2024-07-29,2024-08-01,2024,14:00,1,0,QQQ,4h,-6.8,-3.6,305,14.8,-1.19,0,1,6,-1.19,0.95,1.01,4.87,14.56,1,7.13,1.47,1.14,3.37,25.85,15.35,-0.4,1.64,2.79,bullish,11.21,1.7,-3.73,0.68,6,-3.73,0.68,6,1,0,-8.05,-3.87,9.25,15.2,-2.5,3,2.97,-7.62,stopp,1,4
backtest,EA,2024-07-30,2024-08-14,2024,18:00,1,0,QQQ,4h,-1.7,nan,nan,2.0,0.35,1,1,8,0.35,1.017,4.2,7.53,10.41,1,4.63,1.69,3.21,6.11,15.76,6.34,0.61,2.07,6.92,bullish,4.51,3.34,-5.49,1.064,8,-5.49,1.064,8,1,0,-7.87,-3.17,7.8,7.38,-0.26,11,3.2,-3.09,zeitstopp,1,5
backtest,TMUS,2024-07-31,2024-12-18,2024,18:00,1,0,QQQ,4h,22.3,-6.3,600,17.3,-2.61,0,1,9,-2.61,0.913,0.85,2.68,11.87,1,3.8,2.57,-0.68,-2.08,7.17,8.37,2.98,1.74,4.94,bullish,1.5,2.84,-6.3,0.586,9,-6.3,0.586,9,1,0,-9.13,-5.06,5.89,1.2,4.75,98,38.36,-2.05,struktur,1,6
backtest,ISRG,2024-08-02,2024-10-08,2024,14:00,1,0,QQQ,4h,5.6,-3,2,19.6,-4.33,0,1,8,-4.33,0.905,1.29,4.35,20.86,1,5.89,4.3,3.25,3.71,21.32,19.23,-0.55,3.18,4.97,bullish,16.1,1.56,-7.94,0.455,8,-7.94,0.455,8,1,0,-8.71,-6.39,9.22,11.08,1.19,46,10.7,-4.21,struktur,1,7
backtest,AMGN,2024-08-05,2024-08-06,2024,14:00,1,0,QQQ,4h,-5.7,-3.6,586,19.6,-1.85,0,1,6,-1.85,0.949,3.04,7.62,17.7,1,4.53,2.31,-0.26,7.43,20.82,4.45,1.93,2.25,5.42,bullish,6.36,2.41,-6.09,0.696,6,-6.09,0.696,6,1,0,-10.88,-9.56,5.29,14.76,-1.11,1,-2.08,-5.59,stopp,0,4
backtest,DASH,2024-08-13,2024-08-28,2024,18:00,1,0,QQQ,4h,0.3,3.7,102,3.7,-50.29,0,0,687,-10.78,0.79,15.01,15.47,14.44,0,-1.05,3.17,2.26,17.41,8.01,3.96,3.1,4.59,6.6,bullish,12.66,1.44,-4.11,1.293,3,-30.71,0.649,94,1,0,-10.36,-9.02,2.27,5.61,0.04,11,2.6,-3.14,zeitstopp,0,1
backtest,AZN,2024-08-14,2024-09-16,2024,10:00,1,0,QQQ,4h,-4.7,-7.7,568,19.6,-0.55,0,1,0,-0.55,0.981,4.66,5.61,19.1,1,1.39,2.1,5.85,6.73,8.33,38.69,-0.23,2.13,5.5,bullish,0.18,2.58,-0.93,0.41,0,-0.93,0.41,0,1,0,-8.13,-6.8,4.57,3.6,-0.9,22,5.41,-6.6,stopp,1,2
backtest,CTAS,2024-08-20,2024-09-05,2024,10:00,1,0,QQQ,4h,3.4,-0.7,18,19.6,-0.45,0,1,0,-0.45,0.989,1.75,5.64,19.53,1,4.09,4.17,1.97,0.33,11.91,26.26,-0.4,1.76,2.74,bullish,0.02,1.56,-1.09,0.593,0,-1.09,0.593,0,1,1,-4.42,-0.22,6.7,4.88,1.28,11,5.47,-0.31,zeitstopp,1,2
backtest,NFLX,2024-08-27,2024-09-04,2024,18:00,1,0,QQQ,4h,-4.6,-5.8,46,19.6,-0.8,0,1,4,-0.8,0.984,8.54,7.21,20.85,1,0.49,4.52,-0.01,9.79,6.43,17.15,2.5,2.31,5.02,bullish,1.98,2.17,-4.6,0.826,4,-4.6,0.826,4,1,1,-5.6,2.47,3.96,2.38,-0.96,5,0.33,-4.9,stopp,0,1
backtest,FTNT,2024-08-28,2024-09-13,2024,14:00,1,0,QQQ,4h,-1.1,-5.4,490,14.8,-7.03,0,0,279,-1.02,0.976,9.45,19.88,20.92,1,5.94,2.16,0.53,32.12,27.79,8.61,-0.58,2.12,3.45,bullish,24.12,1.63,-3.35,0.696,5,-3.35,0.696,5,1,1,-5.31,4.2,3.88,23.01,-0.34,11,3.37,-2.97,zeitstopp,0,3
backtest,REGN,2024-08-28,2024-09-06,2024,18:00,1,0,QQQ,4h,-4.6,2.7,19,19.6,-0.71,0,1,0,-0.71,0.98,5.22,9.84,24.39,1,5.72,3.55,0.8,11.5,23.49,20.98,0.07,1.78,3.22,bullish,2.31,1.81,-1.16,0.387,0,-1.16,0.387,0,1,1,-5.31,4.2,3.88,18.88,-1.48,6,0.7,-6.12,stopp,0,3
backtest,PANW,2024-08-29,2024-09-09,2024,18:00,1,0,QQQ,4h,-7,8.8,34,12.1,-4.28,0,1,138,-4.28,0.896,9.29,9.95,18.05,1,3.21,2.88,-2.59,7.91,14.19,10.85,4.02,3.1,7.24,bullish,9.21,2.34,-8.53,0.662,6,-8.53,0.662,6,1,0,-6.39,0.06,3.43,10.4,-1.04,6,0.41,-8.42,stopp,0,5
backtest,PYPL,2024-08-29,2024-09-09,2024,18:00,1,0,QQQ,4h,-3.9,1.9,1134,9.1,-76.39,0,0,778,-0.6,0.981,8.43,16.12,17.22,1,2.54,2.17,-1.44,7.08,15.36,16.9,3.37,2.46,4.41,bullish,8.84,1.79,-4.41,0.863,4,-4.41,0.863,4,1,0,-6.39,0.06,3.43,11.54,-0.92,6,2.18,-6.26,stopp,0,5
backtest,DASH,2024-09-03,2024-09-09,2024,10:00,1,0,QQQ,4h,-2.6,0.3,6,3.7,-50.28,0,0,701,-10.77,0.79,0.87,10.96,11.2,1,5.38,4.27,-0.08,9.79,16.89,1.0,-0.63,2.49,2.61,bullish,16.97,1.05,-4.04,0.375,6,-30.71,0.649,108,1,1,-5.41,6.13,5.84,10.44,-1.01,4,1.26,-4.36,stopp,0,5
backtest,CTAS,2024-09-09,2024-09-24,2024,18:00,1,0,QQQ,4h,1.7,3.4,4,19.7,-1.75,0,1,3,-1.75,0.958,1.97,5.89,20.62,1,5.14,4.19,-2.17,4.41,14.86,24.94,2.03,1.46,1.87,bullish,0.02,1.28,-4.08,0.571,3,-4.08,0.571,3,1,0,-10.89,0.14,-3.01,18.43,0.95,11,4.85,-1.52,zeitstopp,1,1
backtest,REGN,2024-09-12,2024-09-24,2024,18:00,1,0,QQQ,4h,-6.6,-4.6,6,19.7,-5.07,0,0,10,-5.07,0.861,-2.1,3.01,16.74,1,5.38,3.94,-3.22,-1.46,12.95,17.61,0.74,1.91,3.15,bullish,9.5,1.65,-8.09,0.374,10,-8.09,0.374,10,1,0,-6.93,1.31,0.29,12.63,-2.17,8,1.8,-11.1,stopp,0,2
backtest,FTNT,2024-09-23,2024-10-08,2024,10:00,1,0,QQQ,4h,1.1,-1.1,10,14.8,-5.22,0,0,296,-1.38,0.968,1.6,12.34,19.38,1,10.33,3.89,2.36,3.07,31.11,11.97,0.29,2.17,4.34,bullish,27.0,2.0,-6.13,0.775,13,-6.13,0.775,13,1,1,-4.19,1.6,0.63,30.29,0.25,11,2.7,-1.38,zeitstopp,0,0
backtest,BKNG,2024-09-24,2024-10-09,2024,18:00,1,0,QQQ,4h,1.4,-0.2,370,19.7,0.4,1,1,48,0.4,1.012,6.53,10.13,13.68,1,-0.53,2.25,2.97,7.2,3.15,13.56,1.31,1.88,5.72,bullish,4.43,3.04,-23.26,1.017,48,-23.26,1.017,48,1,1,-3.93,0.77,2.06,1.07,0.25,11,3.7,-2.17,zeitstopp,1,2
backtest,NFLX,2024-09-24,2024-10-09,2024,18:00,1,0,QQQ,4h,-0.1,-4.6,20,19.7,0.61,1,1,2,0.61,1.012,4.47,8.6,18.95,1,0.86,3.91,1.28,2.72,5.44,12.32,2.08,2.32,5.72,bullish,0.62,2.47,-2.84,1.217,2,-2.84,1.217,2,1,1,-3.93,0.77,2.06,3.31,-0.02,11,1.18,-3.29,zeitstopp,1,2
backtest,CTAS,2024-09-25,2024-10-10,2024,10:00,1,0,QQQ,4h,0.6,1.7,1,19.7,-1.33,0,1,7,-1.33,0.97,1.96,5.89,21.84,1,5.53,4.07,0.53,3.24,14.85,29.43,0.73,2.01,4.23,bullish,8.3,2.1,-3.86,0.657,7,-3.86,0.657,7,1,1,-3.47,2.25,1.39,13.27,0.14,11,2.53,-2.02,zeitstopp,1,3
backtest,META,2024-09-26,2024-10-11,2024,14:00,1,0,QQQ,4h,1.2,-10.6,70,12.4,0.03,1,1,0,0.03,1.001,9.0,12.94,22.69,1,1.56,4.43,5.64,9.58,10.86,14.83,1.54,2.58,5.36,bullish,3.24,2.08,-2.28,1.013,0,-2.28,1.013,0,1,1,-3.38,2.04,1.28,9.46,0.23,11,4.49,-2.55,zeitstopp,1,4
backtest,AAPL,2024-10-01,2024-10-08,2024,10:00,1,0,QQQ,4h,-3.9,-6.8,68,19.7,-1.71,0,1,54,-1.71,0.945,4.09,4.82,18.22,1,0.35,1.72,2.88,1.74,7.62,37.38,-0.04,1.95,5.21,bullish,0.07,2.67,-17.38,0.902,54,-17.38,0.902,54,1,1,-2.93,2.62,1.42,6.11,-0.78,5,-1.4,-4.97,struktur,0,6
backtest,PAYX,2024-10-01,2024-10-16,2024,18:00,1,0,QQQ,4h,0.9,-5.8,840,19.7,0.09,1,1,10,0.09,1.004,3.35,6.8,12.64,1,4.45,1.23,0.09,2.28,15.61,12.12,2.49,1.69,7.59,bullish,6.6,4.49,-4.05,1.023,10,-4.05,1.023,10,1,1,-2.93,2.62,1.42,13.99,0.13,11,4.84,-3.88,zeitstopp,1,6
backtest,CEG,2024-10-02,2024-10-31,2024,10:00,1,0,QQQ,4h,-1.8,55.6,96,2.7,-2.29,0,1,6,-2.29,0.964,22.63,34.32,48.83,1,2.03,5.8,4.78,49.4,29.08,41.66,0.01,4.77,7.11,bullish,36.53,1.49,-7.64,0.701,6,-7.64,0.701,6,1,1,-4.28,4.36,-1.03,30.43,-0.27,21,8.7,-6.25,struktur,1,7
backtest,AVGO,2024-10-04,2024-10-21,2024,18:00,0,0,QQQ,4h,2.6,8.8,65,15.2,-5.33,0,0,74,-5.33,0.906,5.71,9.91,24.41,1,0.01,5.11,-3.48,12.85,1.25,31.31,1.33,3.29,6.47,bullish,4.88,1.97,-8.02,0.579,5,-30.38,0.825,74,1,1,-4.22,4.6,-2.8,4.16,0.43,11,7.03,-0.9,zeitstopp,1,5
backtest,PANW,2024-10-08,2024-12-31,2024,18:00,1,0,QQQ,4h,4.1,-7,29,12.2,-6.52,0,0,165,-6.52,0.831,4.85,5.5,12.31,1,0.61,1.55,-1.13,-1.77,0.52,25.82,5.35,2.51,9.56,bullish,9.21,3.81,-12.55,0.59,33,-12.55,0.59,33,1,1,-4.12,6.23,-3.01,3.65,0.47,58,16.42,-3.1,struktur,1,4
backtest,FTNT,2024-10-09,2024-10-24,2024,18:00,1,0,QQQ,4h,0.9,1.1,1,14.9,-1.64,0,1,308,1.05,1.024,4.24,9.3,21.36,1,10.67,3.55,1.69,2.25,30.53,14.01,2.74,1.89,6.21,bullish,27.0,3.29,-2.86,1.367,1,-2.86,1.367,1,1,1,-2.69,6.83,-2.58,33.98,0.16,11,4.83,-2.39,zeitstopp,1,6
backtest,PYPL,2024-10-09,2024-10-24,2024,18:00,1,0,QQQ,4h,-0.6,-3.9,30,9.3,-73.66,0,0,806,-0.2,0.995,6.72,13.96,26.17,1,10.31,2.68,4.76,17.89,37.79,21.14,0.1,2.75,8.54,bullish,8.38,3.11,-2.25,0.912,0,-2.25,0.912,0,1,1,-2.69,6.83,-2.58,41.44,-0.07,11,1.52,-3.34,zeitstopp,0,6
backtest,META,2024-10-14,2024-10-22,2024,14:00,1,0,QQQ,4h,-3.3,1.2,3,12.4,-1.69,0,1,4,-1.69,0.968,3.97,10.35,22.27,1,6.36,5.11,-1.0,12.56,19.02,15.47,0.47,2.0,3.12,bullish,3.24,1.56,-3.54,0.521,4,-3.54,0.521,4,1,1,-1.88,3.94,-0.42,19.52,-1.08,6,1.24,-3.99,stopp,0,3
backtest,CTAS,2024-10-17,2024-11-01,2024,18:00,1,0,QQQ,4h,-3.4,0.6,7,19.8,-0.6,0,1,0,-0.6,0.986,2.77,5.57,21.57,1,4.18,3.84,1.82,5.74,12.45,27.92,-0.39,1.55,4.76,bullish,1.17,3.07,-1.21,0.502,0,-1.21,0.502,0,1,1,-2.37,4.28,2.53,9.68,-0.75,11,1.54,-3.41,zeitstopp,1,4
backtest,NFLX,2024-10-18,2024-11-04,2024,14:00,1,0,QQQ,4h,3.2,-0.1,9,19.8,-0.82,0,1,4,-0.82,0.985,2.56,5.44,16.49,1,4.75,3.94,-5.85,-2.37,8.57,12.61,6.17,2.19,5.88,bullish,1.48,2.68,-7.89,0.897,4,-7.89,0.897,4,1,1,-2.3,1.78,3.51,4.89,0.57,11,5.89,0.85,zeitstopp,1,4
backtest,PYPL,2024-10-28,2024-10-31,2024,13:00,1,0,QQQ,4h,-4.8,-0.6,4,9.3,-73.42,0,0,819,-1.02,0.974,2.48,8.46,24.83,1,10.29,2.93,0.94,4.91,38.62,23.87,0.31,2.14,4.03,bullish,1.7,1.88,-1.69,0.396,0,-1.69,0.396,0,1,1,-1.49,1.76,6.92,29.64,-1.24,3,2.12,-6.28,stopp,0,0
backtest,BKNG,2024-10-29,2024-12-19,2024,17:00,1,0,QQQ,4h,13.2,1.4,20,19.8,0.11,1,1,7,0.11,1.003,2.87,8.24,17.12,1,7.26,2.21,-0.37,3.21,17.11,24.26,1.2,1.4,4.58,neutral,0.0,3.27,-2.83,1.039,7,-2.83,1.039,7,1,1,-1.47,1.5,8.43,8.01,3.01,36,21.5,-1.54,struktur,1,3
backtest,META,2024-10-29,2024-11-13,2024,17:00,1,0,QQQ,4h,-0.8,-3.3,7,12.4,-2.8,0,1,15,-2.8,0.946,0.89,6.17,17.92,1,6.8,4.87,0.52,1.0,24.94,33.9,1.36,1.9,5.6,bullish,10.9,2.95,-6.87,0.592,15,-6.87,0.592,15,1,1,-1.47,1.5,8.43,15.23,-0.14,11,2.59,-5.27,zeitstopp,0,3
backtest,MRVL,2024-10-29,2025-01-28,2024,17:00,1,0,QQQ,4h,22.6,11.9,197,19.8,-9.01,0,0,725,-1.5,0.968,8.99,14.24,19.96,1,8.17,2.5,1.96,15.79,32.97,21.57,0.99,3.43,6.72,bullish,10.84,1.96,-5.55,1.015,7,-5.55,1.015,7,1,1,-1.47,1.5,8.43,22.63,3.59,60,51.36,-6.19,struktur,1,3
backtest,ADSK,2024-10-30,2024-12-18,2024,13:00,1,0,QQQ,4h,5.5,1.7,1582,19.8,-16.44,0,0,800,-2.16,0.938,1.95,6.75,16.28,1,6.46,1.79,0.41,8.3,17.02,36.09,-0.65,1.43,1.98,bullish,6.69,1.38,-3.47,0.377,7,-3.47,0.377,7,1,1,-0.53,3.93,6.32,10.06,2.85,34,13.5,-2.14,struktur,0,4
backtest,TSLA,2024-11-05,2024-11-06,2024,18:00,1,0,QQQ,4h,11.9,-9.7,470,14.4,-38.6,0,0,753,-6.96,0.859,7.27,8.44,25.59,1,4.53,-0.01,-7.49,0.83,21.03,31.44,4.81,4.27,0.61,bullish,3.28,0.14,-12.67,0.451,5,-12.67,0.451,5,1,1,-3.34,0.81,10.73,9.3,19.39,1,13.78,-3.26,stopp,0,5
backtest,FAST,2024-11-06,2024-11-21,2024,14:00,1,0,QQQ,4h,1.6,-4.1,91,19.8,2.12,1,1,1,2.12,1.075,5.57,11.85,16.73,1,5.56,1.96,0.61,11.86,20.79,18.86,3.17,1.48,8.14,bullish,8.65,5.5,-1.75,2.209,1,-1.75,2.209,1,1,1,-2.11,0.59,13.37,6.55,0.21,11,5.36,-0.49,zeitstopp,1,8
backtest,NVDA,2024-11-06,2024-11-21,2024,18:00,1,0,QQQ,4h,3.1,152.3,98,19.8,0.09,1,1,10,0.09,1.001,4.87,14.85,37.02,1,7.71,8.82,-0.95,5.28,41.46,54.53,3.32,3.0,10.77,bullish,13.12,3.59,-8.52,1.011,10,-8.52,1.011,10,1,1,-2.11,0.59,13.37,24.78,0.32,11,5.77,-5.11,zeitstopp,1,8
backtest,TTD,2024-11-06,2024-11-21,2024,14:00,1,0,QQQ,4h,1.1,-5.6,111,8.1,0.12,1,1,4,0.12,1.002,4.58,11.34,32.02,1,9.07,5.52,-1.38,4.72,41.26,33.8,3.39,2.37,6.25,bullish,17.52,2.64,-4.89,1.025,4,-4.89,1.025,4,1,1,-2.11,0.59,13.37,24.6,0.18,11,6.98,-6.45,zeitstopp,1,8
backtest,AMZN,2024-11-13,2024-11-18,2024,18:00,1,0,QQQ,4h,-4.5,-5.3,118,19.9,0.7,1,1,3,0.7,1.02,9.78,13.06,17.27,1,4.86,2.33,4.72,11.31,22.82,11.67,2.31,2.43,5.01,bullish,8.64,2.06,-3.14,1.223,3,-3.14,1.223,3,1,1,-0.52,4.49,11.0,10.64,-0.94,3,1.01,-6.61,stopp,1,4
backtest,APP,2024-11-19,2025-03-07,2024,18:00,1,0,QQQ,4h,-18,nan,nan,3.6,3.2,1,1,2,3.2,1.036,47.12,91.11,222.21,1,44.18,21.29,4.04,87.6,244.19,252.37,4.77,6.9,13.65,bullish,222.89,1.98,-8.28,1.386,2,-8.28,1.386,2,1,1,-3.02,0.93,4.26,230.12,-1.5,72,68.2,-20.73,stopp,1,1
backtest,TEAM,2024-11-20,2025-01-02,2024,14:00,1,0,QQQ,4h,-1.6,-15,289,8.9,-48.56,0,0,768,-3.94,0.917,12.73,29.98,35.63,1,14.81,-1.15,1.0,27.78,56.45,39.14,0.31,4.29,16.81,bullish,30.64,3.92,-8.14,0.622,3,-8.14,0.622,3,1,1,-2.35,1.51,4.49,49.73,-0.11,28,15.88,-3.45,struktur,0,4
backtest,TSLA,2024-11-20,2025-01-28,2024,10:00,0,0,QQQ,4h,14.8,11.9,14,14.4,-16.57,0,0,764,-3.58,0.942,20.32,34.48,65.08,1,12.7,4.01,5.33,58.74,54.97,85.42,-0.06,5.96,12.96,bullish,35.41,2.17,-13.78,0.74,6,-13.78,0.74,6,1,1,-2.35,1.51,4.49,48.31,1.29,44,41.28,-5.56,struktur,1,4
backtest,WBD,2024-11-20,2025-04-04,2024,18:00,0,0,QQQ,4h,-10.7,5.4,618,2.1,-39.38,0,0,436,-22.01,0.539,15.6,20.84,21.34,1,5.28,-2.3,3.04,26.16,23.7,20.41,4.26,5.4,9.95,bullish,23.91,1.84,-9.05,0.95,3,-9.05,0.95,3,1,1,-2.35,1.51,4.49,18.38,-1.18,91,28.22,-18.93,stopp,0,4
backtest,BKR,2024-11-21,2024-12-09,2024,14:00,1,0,QQQ,4h,-7.6,-3.3,415,19.9,-10.56,0,0,4304,0.16,1.004,9.56,17.46,31.13,1,7.17,3.4,2.88,20.42,28.71,39.69,0.58,2.83,6.39,bullish,16.82,2.26,-4.29,1.038,6,-4.29,1.038,6,1,1,-2.41,3.03,6.11,21.29,-1.27,11,1.36,-7.38,stopp,0,5
backtest,DASH,2024-11-25,2024-12-11,2024,14:00,1,0,QQQ,4h,-1.4,-2.6,77,4.0,-30.42,0,0,760,0.47,1.01,6.98,16.54,38.45,1,11.49,4.85,4.61,15.18,37.8,57.09,0.99,2.74,7.7,bullish,21.73,2.81,-5.77,1.082,7,-5.77,1.082,7,1,1,-1.9,2.11,6.56,29.32,-0.19,11,1.28,-4.32,zeitstopp,0,6
backtest,PYPL,2024-11-25,2024-12-11,2024,10:00,1,0,QQQ,4h,1.9,-4.8,25,9.4,-71.97,0,0,839,-1.69,0.954,4.19,7.5,27.58,1,6.41,3.19,1.1,6.2,20.44,40.78,-0.39,2.35,4.27,bullish,5.05,1.82,-6.16,0.725,8,-6.16,0.725,8,1,1,-1.9,2.11,6.56,13.03,0.47,11,8.36,-2.09,zeitstopp,0,6
backtest,NFLX,2024-11-29,2024-12-16,2024,18:00,0,0,QQQ,4h,3.9,3.2,25,19.9,-2.05,0,1,4,-2.05,0.96,7.59,16.13,33.24,1,7.85,4.45,-0.75,16.4,26.69,35.45,1.38,2.52,3.95,bullish,17.46,1.57,-5.41,0.621,4,-5.41,0.621,4,1,1,-1.99,1.8,7.51,17.84,1.02,11,5.89,-1.43,zeitstopp,1,6
backtest,TTD,2024-12-02,2024-12-17,2024,18:00,0,0,QQQ,4h,-1.5,1.1,11,8.2,0.93,1,1,15,0.93,1.017,6.93,12.43,35.65,1,7.81,5.97,0.94,6.94,22.98,38.55,4.15,3.39,7.68,bullish,25.87,2.27,-12.55,1.074,15,-12.55,1.074,15,1,1,-1.13,5.35,7.18,14.74,-0.21,11,5.71,-4.77,zeitstopp,1,3
backtest,FTNT,2024-12-04,2024-12-19,2024,18:00,0,0,QQQ,4h,-2.4,0.9,41,15.0,-2.31,0,1,13,-2.31,0.954,6.32,16.01,39.7,1,8.45,3.7,2.33,20.87,23.96,62.5,3.13,2.93,5.76,bullish,20.08,1.97,-10.86,0.788,13,-10.86,0.788,13,1,1,-0.05,6.35,12.37,10.31,-0.44,11,2.17,-5.54,zeitstopp,0,4
backtest,AMZN,2024-12-11,2024-12-27,2024,18:00,1,0,QQQ,4h,-2,-4.5,23,19.9,0.04,1,1,1,0.04,1.001,9.46,15.92,23.62,1,5.4,2.29,5.43,8.8,21.96,20.19,2.28,2.22,13.64,bullish,10.51,6.14,-2.56,1.017,1,-2.56,1.017,1,1,1,-1.16,1.32,11.25,9.63,-0.17,11,1.23,-4.97,zeitstopp,1,3
backtest,META,2024-12-11,2024-12-19,2024,18:00,1,0,QQQ,4h,-3.8,-0.8,28,12.6,0.68,1,1,2,0.68,1.014,8.69,9.05,22.01,1,3.29,2.52,0.92,6.2,21.12,22.28,2.38,2.5,5.84,bullish,5.03,2.34,-3.75,1.181,2,-3.75,1.181,2,1,1,-1.16,1.32,11.25,8.87,-0.69,6,0.68,-6.09,stopp,1,3
backtest,DASH,2024-12-16,2024-12-19,2024,18:00,1,0,QQQ,4h,-6.4,-1.4,5,4.0,-30.53,0,0,774,-1.43,0.97,1.57,8.88,34.09,1,10.83,4.58,-1.9,0.74,33.79,56.26,2.06,2.17,5.39,bullish,1.76,2.48,-5.53,0.741,12,-5.53,0.741,12,1,1,-0.5,4.29,12.26,19.17,-1.25,3,1.72,-8.11,stopp,0,3
backtest,PYPL,2024-12-16,2024-12-19,2024,18:00,0,0,QQQ,4h,-5,1.9,5,9.4,-70.71,0,0,853,-3.57,0.912,3.28,7.87,29.4,1,6.62,4.11,1.28,6.11,28.08,50.12,-0.78,2.38,4.45,bullish,5.05,1.87,-6.22,0.425,4,-6.22,0.425,4,1,1,-0.5,4.29,12.26,14.09,-1.18,3,1.87,-5.69,stopp,0,3
backtest,TTD,2024-12-17,2024-12-19,2024,18:00,0,0,QQQ,4h,-3.2,-1.5,0,8.2,-5.04,0,0,8,-5.04,0.911,2.51,7.79,32.33,1,8.19,5.55,-1.57,12.27,25.33,35.8,1.32,2.92,3.6,bullish,6.69,1.23,-7.41,0.32,8,-7.41,0.32,8,1,1,-0.18,8.38,13.82,10.11,-0.91,2,1.5,-6.41,stopp,0,4
backtest,AAPL,2024-12-23,2025-01-08,2024,10:00,1,0,QQQ,4h,-5.3,-3.9,76,20.0,0.04,1,1,0,0.04,1.001,4.65,8.68,21.15,1,3.23,3.11,2.57,11.36,12.5,22.55,0.24,1.66,5.07,bullish,1.93,3.05,-3.65,1.011,0,-3.65,1.011,0,1,1,-3.8,2.71,7.37,4.77,-1.11,10,1.96,-5.9,stopp,1,6
backtest,AVGO,2024-12-23,2025-01-10,2024,10:00,1,0,QQQ,4h,0.6,2.6,63,15.4,-10.38,0,0,4,-10.38,0.824,19.97,25.46,44.04,1,3.57,3.95,-1.79,34.68,27.66,39.12,2.24,6.31,5.15,bearish,-0.73,0.82,-13.62,0.238,4,-13.62,0.238,4,1,1,-3.8,2.71,7.37,18.9,0.13,11,9.84,-1.72,zeitstopp,0,6
backtest,GOOG,2024-12-23,2025-01-10,2024,14:00,1,0,QQQ,4h,0.9,8.9,151,20.0,-4.54,0,1,3,-4.54,0.872,6.64,10.14,14.61,1,4.22,2.46,0.83,14.15,18.46,6.99,0.37,2.99,3.36,bullish,0.13,1.12,-8.14,0.443,3,-8.14,0.443,3,1,1,-3.8,2.71,7.37,10.33,0.28,11,4.37,-2.57,zeitstopp,0,6
backtest,GOOGL,2024-12-23,2025-01-10,2024,14:00,1,0,QQQ,4h,0.6,2.8,151,20.0,-4.18,0,1,3,-4.18,0.882,7.2,10.74,15.22,1,4.17,2.45,0.84,14.32,18.4,7.07,0.82,3.02,3.96,bullish,0.26,1.31,-8.04,0.48,3,-8.04,0.48,3,1,1,-3.8,2.71,7.37,10.27,0.15,11,4.15,-2.84,zeitstopp,0,6
backtest,NFLX,2024-12-24,2025-01-06,2024,18:00,1,0,QQQ,4h,-4.6,3.9,8,20.0,-1.07,0,1,8,-1.07,0.979,2.8,11.79,34.15,1,10.33,4.78,-1.05,1.51,26.18,35.54,2.23,2.25,5.68,bullish,3.72,2.52,-5.86,0.817,8,-5.86,0.817,8,1,1,-2.86,3.54,7.9,16.94,-0.86,7,0.44,-6.44,stopp,0,7
backtest,TTD,2025-01-03,2025-01-13,2025,18:00,1,0,QQQ,4h,-2.6,-3.2,15,8.3,-14.87,0,0,19,-14.87,0.737,-6.43,-4.53,15.92,1,4.99,4.73,-5.03,-15.4,8.3,18.36,2.34,3.05,0.29,bullish,6.69,0.1,-17.57,0.154,19,-17.57,0.154,19,1,1,-5.21,-1.13,6.04,2.13,-9.08,5,5.89,-3.22,stopp,0,0
backtest,CSCO,2025-01-15,2025-01-31,2025,10:00,1,0,QQQ,4h,1.9,-3.5,1994,20.0,-1.45,0,1,25,-1.45,0.946,0.57,1.4,16.3,1,2.92,2.16,0.95,1.5,10.11,26.98,-0.62,1.41,3.16,bearish,-0.12,2.24,-4.92,0.706,25,-4.92,0.706,25,1,0,-6.17,-3.91,2.54,7.38,0.62,11,5.69,-0.33,zeitstopp,1,1
backtest,ISRG,2025-01-15,2025-01-31,2025,18:00,1,0,QQQ,4h,-0.3,5.6,99,20.0,4.05,1,1,24,4.05,1.112,8.26,8.2,24.57,1,2.96,3.18,-0.64,-1.07,11.16,23.24,7.4,2.18,10.25,bearish,-1.09,4.7,-7.2,1.563,24,-7.2,1.563,24,1,0,-6.17,-3.91,2.54,8.41,-0.04,11,6.43,-5.11,zeitstopp,1,1
backtest,AVGO,2025-01-16,2025-01-28,2025,14:00,1,0,QQQ,4h,-10.2,0.6,6,15.4,-8.13,0,0,19,-8.13,0.858,-0.47,17.57,40.61,1,12.5,6.61,-0.28,1.7,25.4,35.41,1.22,3.7,6.56,bearish,-3.77,1.77,-13.62,0.403,19,-13.62,0.403,19,1,1,-4.01,-2.45,4.03,20.54,-1.65,7,8.15,-14.97,stopp,0,3
backtest,NFLX,2025-01-16,2025-03-07,2025,10:00,1,0,QQQ,4h,4.4,-4.6,10,20.0,-8.73,0,0,22,-8.73,0.824,-3.23,-1.43,20.57,1,7.54,4.0,-3.51,-7.68,18.98,29.25,1.33,2.51,5.44,bearish,-0.64,2.17,-12.56,0.305,22,-12.56,0.305,22,1,1,-4.01,-2.45,4.03,14.37,0.86,34,23.84,-2.05,struktur,1,3
backtest,AMZN,2025-01-28,2025-02-12,2025,18:00,1,0,QQQ,4h,-4.4,-2,32,20.1,1.99,1,1,1,1.99,1.055,7.05,9.75,24.67,1,6.1,2.42,4.2,2.78,27.45,30.9,2.41,2.21,10.54,bullish,3.3,4.77,-4.46,1.446,1,-4.46,1.446,1,1,0,-4.47,-2.97,5.46,20.85,-0.46,11,0.59,-5.41,zeitstopp,1,2
backtest,CRWD,2025-01-28,2025-03-06,2025,18:00,1,0,QQQ,4h,-12.2,66.2,298,5.6,2.01,1,1,138,2.01,1.041,12.95,13.45,27.0,1,5.87,1.2,4.69,2.18,24.89,47.06,8.71,3.8,17.42,bearish,-1.21,4.58,-13.74,1.324,26,-13.74,1.324,26,1,0,-4.47,-2.97,5.46,18.42,-0.83,26,12.13,-15.58,struktur,1,2
backtest,TEAM,2025-01-28,2025-03-07,2025,14:00,1,0,QQQ,4h,-8.3,-1.6,26,9.1,-43.65,0,0,812,-5.46,0.897,8.21,5.69,39.25,1,7.97,2.84,6.2,4.08,41.98,50.38,1.59,3.5,9.35,bearish,-8.98,2.67,-18.24,0.701,34,-18.24,0.701,34,1,0,-4.47,-2.97,5.46,34.62,-0.97,27,19.74,-15.82,stopp,0,2
backtest,DASH,2025-01-29,2025-03-07,2025,10:00,1,0,QQQ,4h,-2.9,-6.4,41,4.1,-28.24,0,0,802,-0.43,0.991,5.95,5.77,33.07,1,3.71,2.82,3.59,8.16,20.43,76.14,0.05,2.67,5.87,bearish,-3.19,2.2,-3.84,0.889,0,-3.84,0.889,0,1,1,-3.06,-1.47,6.16,13.44,-0.53,26,16.6,-8.21,struktur,0,3
backtest,PLTR,2025-01-31,2025-04-07,2025,18:00,1,0,QQQ,4h,-21.6,nan,nan,4.3,0.22,1,1,23,0.22,1.003,15.1,17.5,105.17,1,15.96,13.85,2.84,5.23,80.61,208.0,4.64,4.59,18.13,bullish,2.72,3.95,-25.24,1.009,23,-25.24,1.009,23,1,1,-2.83,1.44,5.75,70.79,-1.41,45,47.57,-22.2,stopp,1,4
backtest,SBUX,2025-02-04,2025-02-20,2025,18:00,1,0,QQQ,4h,3,-4.2,642,20.1,-6.25,0,0,886,-1.89,0.948,10.52,11.69,22.41,1,0.22,1.25,8.14,17.35,11.82,45.77,0.09,2.33,14.02,bullish,6.8,6.02,-4.37,0.567,2,-4.37,0.567,2,1,0,-3.75,1.54,4.55,6.96,0.24,11,5.41,-0.11,zeitstopp,0,5
backtest,ARM,2025-02-05,2025-02-21,2025,18:00,1,0,QQQ,4h,-11.1,-30.3,187,1.4,-9.84,0,0,144,-9.84,0.844,12.08,19.36,23.13,1,2.89,1.87,8.52,14.97,14.79,42.97,4.92,6.31,13.09,bullish,16.93,2.07,-22.18,0.687,9,-22.18,0.687,9,1,1,-2.57,1.14,8.57,5.73,-0.96,11,2.22,-15.5,zeitstopp,0,8
backtest,AXON,2025-02-05,2025-02-20,2025,18:00,1,0,QQQ,4h,-13.5,nan,nan,20.1,-3.86,0,1,38,-3.86,0.94,10.71,7.82,58.07,1,6.85,7.46,3.98,10.29,56.53,126.74,1.32,2.82,6.75,bullish,53.5,2.39,-22.21,0.826,38,-22.21,0.826,38,1,1,-2.57,1.14,8.57,44.18,-2.13,10,6.6,-22.33,stopp,1,8
backtest,FTNT,2025-02-05,2025-03-11,2025,10:00,0,0,QQQ,4h,-6,-2.4,48,15.2,-0.19,0,1,2,-0.19,0.996,5.66,6.35,34.77,1,4.93,4.0,2.96,5.45,30.66,81.88,-0.11,2.5,5.69,bullish,1.85,2.28,-4.62,0.958,2,-4.62,0.958,2,1,1,-2.57,1.14,8.57,20.35,-1.12,23,11.83,-6.98,stopp,1,8
backtest,CEG,2025-02-18,2025-02-24,2025,18:00,1,0,QQQ,4h,-10.5,-1.8,110,3.1,-8.24,0,0,16,-8.24,0.871,3.42,17.82,38.92,1,11.88,5.71,2.42,0.65,38.96,70.72,1.8,4.81,7.73,bullish,31.77,1.61,-26.4,0.688,16,-26.4,0.688,16,1,1,-0.13,4.89,5.09,32.23,-1.46,4,2.13,-18.68,stopp,0,0
backtest,CCEP,2025-02-21,2025-03-10,2025,18:00,1,0,QQQ,4h,-5.9,nan,nan,20.1,-0.68,0,1,1,-0.68,0.974,7.28,10.56,14.13,1,1.87,1.8,6.34,12.32,14.25,14.13,-0.14,1.53,14.64,bearish,-2.97,9.57,-1.05,0.348,1,-1.05,0.348,1,1,1,-0.66,1.08,8.36,5.44,-0.46,11,2.27,-6.6,zeitstopp,1,1
backtest,ROP,2025-02-25,2025-03-12,2025,18:00,1,0,QQQ,4h,-3.6,nan,nan,2.4,0.58,1,1,10,0.58,1.04,2.91,8.21,7.48,0,0.92,0.83,0.52,8.51,5.39,4.87,1.95,1.58,4.51,bearish,-0.44,2.85,-3.28,1.177,10,-3.28,1.177,10,1,0,-3.87,-1.84,3.43,1.9,-0.83,11,1.25,-4.8,zeitstopp,1,2
backtest,BKNG,2025-02-26,2025-02-28,2025,18:00,1,0,QQQ,4h,-3.2,13.2,69,20.1,-4.89,0,1,52,-4.89,0.88,3.72,3.13,17.53,1,-1.87,3.37,-2.1,7.67,0.51,34.12,0.85,2.84,3.68,bullish,6.13,1.3,-13.89,0.648,52,-13.89,0.648,52,1,0,-5.08,-0.17,2.18,-1.64,-0.9,2,1.03,-3.55,stopp,0,4
backtest,CSCO,2025-02-26,2025-03-11,2025,18:00,1,0,QQQ,4h,-3.6,1.9,26,20.1,-3.53,0,1,7,-3.53,0.896,2.5,5.96,21.52,1,2.9,3.08,-0.49,8.79,12.53,29.83,-0.19,2.12,3.39,bullish,6.71,1.6,-5.68,0.379,7,-5.68,0.379,7,1,0,-5.08,-0.17,2.18,10.13,-1.11,9,1.78,-5.63,stopp,0,4
backtest,COST,2025-03-03,2025-03-10,2025,18:00,1,0,QQQ,4h,-9.8,-2.8,227,20.2,-1.96,0,1,10,-1.96,0.945,1.37,7.6,17.12,1,3.22,3.58,1.31,7.23,9.25,15.65,0.81,1.82,4.97,bullish,14.31,2.73,-5.51,0.644,10,-5.51,0.644,10,1,0,-6.04,-2.84,0.47,8.73,-2.06,5,0.84,-12.59,stopp,0,5
backtest,SBUX,2025-03-03,2025-03-07,2025,10:00,0,0,QQQ,4h,-9.5,3,11,20.2,-1.47,0,1,0,-1.47,0.963,2.15,13.15,25.82,1,5.23,3.64,3.63,6.82,14.33,18.82,-1.23,1.75,4.12,bullish,4.17,2.35,-1.57,0.062,0,-1.57,0.062,0,1,0,-6.04,-2.84,0.47,13.8,-2.4,4,2.7,-9.57,stopp,1,5
backtest,TMUS,2025-03-03,2025-03-12,2025,18:00,0,0,QQQ,4h,-7.6,22.3,75,17.9,1.08,1,1,4,1.08,1.025,7.44,17.72,32.72,1,3.29,4.83,2.05,15.45,13.18,33.54,2.12,2.42,6.56,bullish,9.37,2.71,-4.19,1.257,4,-4.19,1.257,4,1,0,-6.04,-2.84,0.47,12.65,-1.23,7,0.39,-9.86,stopp,1,5
backtest,AEP,2025-03-04,2025-03-06,2025,10:00,0,0,QQQ,4h,-3.9,-6.1,894,20.2,-1.79,0,1,4,-1.79,0.939,3.07,8.81,11.82,1,3.04,2.04,1.32,10.52,9.44,11.39,-1.66,1.9,3.74,bullish,5.63,1.97,-2.95,0.393,4,-2.95,0.393,4,1,0,-8.09,-4.83,-2.25,11.96,-1.08,2,3.41,-4.23,stopp,1,6
backtest,TTWO,2025-03-06,2025-03-21,2025,14:00,1,0,QQQ,4h,-2.8,0.2,1520,20.2,-2.38,0,1,10,-2.38,0.938,2.51,9.97,26.46,1,4.51,3.95,2.73,17.04,14.03,32.84,-0.59,2.61,6.78,bullish,13.85,2.6,-7.65,0.689,10,-7.65,0.689,10,1,0,-7.17,-4.28,-1.36,15.6,-0.45,11,1.36,-7.75,zeitstopp,0,7
backtest,VRTX,2025-03-10,2025-03-25,2025,17:00,1,0,QQQ,4h,2.3,6.2,187,20.2,-3.75,0,1,79,-3.75,0.863,5.36,11.94,7.15,0,1.63,1.36,1.77,1.48,6.85,2.03,2.47,2.23,5.34,bullish,3.22,2.39,-3.18,1.306,2,-27.32,0.863,79,0,0,-9.06,-7.14,-4.7,12.12,0.45,11,3.86,-4.01,zeitstopp,0,5
backtest,EXC,2025-03-11,2025-03-26,2025,13:00,1,0,QQQ,4h,-2.3,6.7,1044,20.2,-4.77,0,1,4,-4.77,0.823,-0.12,6.52,13.6,1,6.04,1.74,-1.77,6.93,16.71,16.13,-1.63,1.85,3.97,bullish,14.39,2.15,-5.7,0.165,4,-5.7,0.165,4,0,0,-12.59,-9.6,-9.51,28.97,-0.6,11,3.99,-1.15,zeitstopp,0,6
backtest,ORLY,2025-03-14,2025-04-28,2025,17:00,1,0,QQQ,4h,2.6,4.6,669,20.2,-5.06,0,0,7,-5.06,0.841,-0.75,2.64,12.68,1,2.82,2.78,-3.12,-2.63,2.76,14.17,2.26,2.34,3.14,bullish,2.87,1.34,-7.61,0.335,7,-7.61,0.335,7,0,0,-13.4,-11.35,-10.2,14.43,0.84,30,10.59,-2.37,struktur,1,3
backtest,NFLX,2025-03-26,2025-04-02,2025,09:00,1,0,QQQ,4h,-7.3,4.4,19,20.2,-6.43,0,0,26,-6.43,0.869,5.52,3.74,24.98,1,1.8,4.08,7.24,2.06,10.57,42.27,-0.13,3.87,6.92,bullish,6.56,1.79,-19.73,0.674,26,-19.73,0.674,26,1,0,-8.62,-3.73,-3.73,14.85,-1.13,5,0.08,-9.58,stopp,0,2
backtest,PAYX,2025-03-26,2025-04-08,2025,17:00,1,0,QQQ,4h,-5.8,0.9,161,20.2,-7.3,0,0,11,-7.3,0.754,-0.98,-0.36,8.29,1,2.62,2.11,-1.94,-4.55,5.28,9.59,1.86,2.47,6.87,bullish,5.07,2.78,-10.33,0.294,11,-10.33,0.294,11,1,0,-8.62,-3.73,-3.73,9.36,-0.9,9,5.97,-7.87,struktur,0,2
backtest,TTWO,2025-03-26,2025-04-07,2025,09:00,1,0,QQQ,4h,-12.5,-2.8,5,20.2,-0.3,0,1,24,-0.3,0.992,4.69,8.66,26.47,1,4.88,3.31,6.67,4.83,20.16,46.49,0.07,2.76,7.88,bearish,-1.05,2.86,-9.94,0.97,24,-9.94,0.97,24,1,0,-8.62,-3.73,-3.73,24.82,-1.71,8,1.3,-13.54,stopp,1,2
backtest,EXC,2025-03-28,2025-04-14,2025,17:00,1,0,QQQ,4h,2.5,-2.3,2,20.2,-2.98,0,1,17,-2.98,0.889,0.19,4.15,14.19,1,6.85,1.95,-0.77,1.04,19.66,12.8,-0.89,1.97,5.94,bearish,-0.96,3.02,-5.86,0.492,17,-5.86,0.492,17,0,0,-10.81,-3.58,-7.75,29.71,0.45,11,9.7,-2.29,zeitstopp,1,3
backtest,CSCO,2025-04-02,2025-04-04,2025,10:00,1,0,QQQ,4h,-8,-3.6,22,20.2,-7.48,0,0,32,-7.48,0.78,0.25,-0.9,12.33,1,1.61,2.95,1.33,-2.31,4.38,18.25,-0.45,1.69,3.95,bullish,6.71,2.34,-10.93,0.316,32,-10.93,0.316,32,0,0,-12.46,-4.47,-9.41,15.22,-2.1,2,0.57,-10.91,stopp,0,4
backtest,MNST,2025-04-10,2025-04-28,2025,10:00,1,0,QQQ,4h,1.2,5.4,878,20.3,-5.23,0,0,269,-3.84,0.864,1.14,8.18,12.16,1,5.47,1.27,-1.89,7.06,13.0,18.28,-0.38,2.74,1.98,bullish,6.99,0.72,-9.31,0.587,4,-9.31,0.587,4,0,0,-13.7,-2.14,-9.41,24.74,0.64,11,2.9,-1.93,zeitstopp,0,3
backtest,MSTR,2025-04-10,2025-05-27,2025,10:00,1,0,QQQ,4h,33.8,nan,nan,20.3,-47.56,0,0,93,-47.56,0.416,-4.36,-5.43,13.5,1,-5.99,5.93,-5.02,13.07,-13.05,59.52,-4.07,10.38,21.92,bullish,7.06,2.11,-42.76,0.308,55,-57.36,0.171,93,0,0,-13.7,-2.14,-9.41,-4.02,1.88,31,51.12,-8.22,struktur,0,3
backtest,PLTR,2025-04-10,2025-11-19,2025,10:00,1,0,QQQ,4h,87.4,-21.6,3,4.5,-28.59,0,0,35,-28.59,0.659,3.87,-2.79,53.58,1,5.8,12.18,5.21,9.99,31.46,136.59,-2.67,8.54,36.8,bearish,-21.72,4.31,-47.28,0.395,35,-47.28,0.395,35,0,0,-13.7,-2.14,-9.41,45.12,3.25,154,131.74,-6.04,struktur,1,3
backtest,AXON,2025-04-15,2025-07-11,2025,18:00,1,0,QQQ,4h,27.3,-13.5,54,20.3,-18.81,0,0,39,-18.81,0.696,6.24,1.98,18.66,1,-3.61,5.6,14.38,3.61,1.08,34.07,1.13,5.87,18.07,bearish,-19.04,3.08,-34.46,0.454,39,-34.46,0.454,39,0,0,-15.28,-5.1,-9.38,11.54,1.79,59,42.81,-8.62,struktur,1,3
backtest,EXC,2025-04-17,2025-05-05,2025,18:00,1,0,QQQ,4h,-2.7,2.5,3,20.3,-2.71,0,1,8,-2.71,0.914,3.68,6.66,19.36,1,6.17,2.75,4.98,4.66,23.48,18.75,0.65,2.98,12.44,bullish,6.44,4.17,-10.93,0.752,8,-10.93,0.752,8,0,0,-17.75,-7.5,-13.91,43.43,-0.25,11,2.39,-2.68,zeitstopp,0,4
backtest,CPRT,2025-04-22,2025-05-07,2025,18:00,1,0,QQQ,4h,0.8,24.8,372,20.3,-6.14,0,0,96,-6.14,0.758,5.75,7.39,9.41,1,-0.13,0.57,-1.85,9.51,3.22,7.68,2.89,3.64,3.51,bullish,1.08,0.96,-4.38,0.891,3,-19.66,0.688,96,0,0,-19.8,-9.79,-16.86,24.15,0.25,11,2.75,-2.15,zeitstopp,0,2
backtest,TTWO,2025-04-24,2025-05-09,2025,18:00,1,0,QQQ,4h,0.9,-12.5,17,20.3,1.09,1,1,19,1.09,1.028,7.08,6.82,25.79,1,4.17,2.95,-0.61,-2.13,13.46,37.37,4.7,4.18,11.45,bearish,-2.23,2.74,-14.65,1.074,19,-14.65,1.074,19,0,0,-15.82,-7.88,-14.35,32.47,0.09,11,6.57,-5.52,zeitstopp,1,3
backtest,MELI,2025-04-30,2025-06-09,2025,14:00,1,0,QQQ,4h,11.1,-5.4,421,17.7,-6.09,0,0,46,-6.09,0.855,9.5,8.04,13.87,1,1.92,2.13,7.17,16.92,20.33,10.94,-2.23,3.85,10.87,bearish,-7.27,2.82,-27.4,0.778,46,-27.4,0.778,46,0,0,-11.94,1.41,-8.73,31.84,1.13,27,18.2,-1.04,struktur,1,2
backtest,CRWD,2025-05-01,2025-05-16,2025,14:00,1,0,QQQ,4h,0.4,-12.2,56,5.9,-4.71,0,1,49,-4.71,0.916,14.54,16.06,29.94,1,-3.17,-0.14,11.18,18.34,8.01,42.67,1.22,4.23,23.29,bearish,-13.81,5.51,-34.59,0.864,49,-34.59,0.864,49,0,0,-11.95,0.59,-8.57,18.14,0.02,11,3.93,-6.79,zeitstopp,0,4
backtest,FTNT,2025-05-01,2025-05-16,2025,18:00,1,0,QQQ,4h,-1.7,-6,51,15.4,-8.5,0,0,50,-8.5,0.838,9.0,5.21,19.18,1,-2.77,4.34,6.97,7.33,4.46,29.15,1.26,3.56,16.32,bearish,-1.8,4.58,-28.85,0.705,50,-28.85,0.705,50,0,0,-11.95,0.59,-8.57,14.26,-0.12,11,4.06,-11.25,zeitstopp,0,4
backtest,COST,2025-05-02,2025-05-19,2025,14:00,1,0,QQQ,4h,1.2,-9.8,53,20.3,-6.68,0,0,53,-6.68,0.803,4.05,4.04,8.31,1,-1.9,1.2,2.42,3.52,2.16,12.4,0.72,2.48,5.96,bullish,0.49,2.4,-19.15,0.651,53,-19.15,0.651,53,0,1,-10.8,1.16,-7.77,10.77,0.21,11,2.99,-2.18,zeitstopp,0,4
backtest,IDXX,2025-05-08,2025-05-23,2025,10:00,1,0,QQQ,4h,2.4,-3.7,763,20.3,-31.19,0,0,947,-11.37,0.676,13.02,14.57,8.76,0,-1.93,-1.22,12.47,34.78,3.85,16.61,-0.03,3.38,5.67,bearish,-7.89,1.68,-3.43,0.878,0,-3.43,0.878,0,0,1,-10.5,16.16,-8.13,13.04,0.44,11,7.61,-0.21,zeitstopp,0,6
backtest,NFLX,2025-05-08,2025-05-23,2025,14:00,1,0,QQQ,4h,1.6,-7.3,36,20.3,0.09,1,1,0,0.09,1.002,11.01,18.74,37.39,1,1.73,4.7,2.09,32.74,14.27,52.81,0.83,3.09,6.3,bearish,-6.18,2.04,-2.23,1.038,0,-2.23,1.038,0,0,1,-10.5,16.16,-8.13,24.38,0.28,11,3.97,-5.33,zeitstopp,1,6
backtest,TSLA,2025-05-08,2025-07-02,2025,14:00,0,0,QQQ,4h,11.4,14.8,100,14.9,-42.57,0,0,94,-42.57,0.352,6.15,7.61,-4.12,0,-13.09,1.19,-2.11,24.5,-26.96,10.94,1.58,5.48,4.67,bullish,1.03,0.85,-43.7,0.399,61,-56.14,0.242,94,0,1,-10.5,16.16,-8.13,-20.5,2.56,37,31.05,-2.63,struktur,0,6
backtest,ZS,2025-05-12,2025-07-24,2025,14:00,1,0,QQQ,4h,17.1,-10.1,445,7.1,-35.62,0,0,869,2.75,1.079,12.21,17.77,25.05,1,2.15,1.1,1.12,19.3,13.39,24.69,3.9,2.9,7.3,bullish,2.45,2.52,-3.39,1.811,4,-3.39,1.811,4,0,1,-9.64,9.37,-6.54,21.34,2.52,50,31.52,-2.28,struktur,0,3
backtest,CHTR,2025-05-13,2025-05-29,2025,18:00,0,0,QQQ,4h,-0.6,4,274,15.3,-50.32,0,0,925,-1.22,0.967,11.05,12.65,14.94,1,1.65,1.76,2.1,20.38,17.1,-1.35,1.91,3.27,8.2,bearish,-0.92,2.51,-2.8,0.931,0,-24.77,0.951,121,1,1,-5.95,11.76,-3.9,21.86,-0.08,11,6.55,-4.43,zeitstopp,0,4
backtest,TTWO,2025-05-19,2025-06-04,2025,18:00,1,0,QQQ,4h,-2,0.9,10,20.4,-2.7,0,1,0,-2.7,0.939,4.19,9.1,27.31,1,2.95,4.15,0.08,6.57,8.61,25.58,3.33,3.61,7.86,bullish,7.73,2.18,-6.09,0.558,0,-6.09,0.558,0,1,1,-3.42,17.43,-2.95,11.91,-0.28,11,1.42,-5.19,zeitstopp,0,2
backtest,NVDA,2025-05-21,2025-06-06,2025,18:00,1,0,QQQ,4h,4,3.1,181,20.4,-10.67,0,0,91,-10.67,0.754,14.94,20.32,8.81,0,-2.67,-0.14,3.43,35.89,-3.47,-8.42,1.78,3.19,4.59,bullish,18.47,1.44,-38.76,0.915,61,-43.43,0.754,91,1,1,-3.65,17.05,-3.42,-0.05,0.9,11,5.29,-5.57,zeitstopp,0,3
backtest,CRWD,2025-05-23,2025-06-10,2025,18:00,1,0,QQQ,4h,2.7,0.4,7,5.9,-0.49,0,1,65,-0.49,0.991,4.57,15.47,30.76,1,4.48,4.1,2.83,7.26,9.2,29.48,2.09,3.69,6.08,bullish,14.89,1.65,-10.31,1.047,13,-34.59,0.986,65,1,1,-4.82,9.98,-2.15,11.6,0.47,11,8.35,-3.52,zeitstopp,1,2
backtest,SHOP,2025-05-27,2025-06-11,2025,18:00,1,0,QQQ,4h,4.7,nan,nan,10.0,-39.53,0,0,879,-17.61,0.718,5.11,11.1,11.35,1,-3.54,4.38,-8.34,4.52,-12.1,-2.94,5.01,4.92,6.03,bullish,11.83,1.23,-39.58,0.803,60,-46.02,0.617,67,1,1,-5.7,7.76,-1.9,-10.4,0.83,11,10.09,-3.56,zeitstopp,0,3
backtest,APP,2025-05-28,2025-06-12,2025,10:00,1,0,QQQ,4h,0.1,-18,82,4.1,-27.64,0,0,70,-27.64,0.688,13.0,27.95,45.92,1,-1.66,11.01,2.77,33.66,1.02,17.12,-0.24,5.77,12.83,bullish,8.15,2.22,-7.6,0.851,0,-61.82,0.553,70,1,1,-3.48,10.33,1.69,-0.66,0.01,11,12.89,-4.62,zeitstopp,0,6
backtest,DASH,2025-05-28,2025-10-23,2025,18:00,1,0,QQQ,4h,21.1,-2.9,82,4.5,-19.42,0,0,884,-3.69,0.932,5.38,9.8,22.04,1,0.61,5.49,1.34,9.05,7.12,18.98,1.18,3.42,6.16,bullish,1.16,1.8,-5.91,0.811,3,-27.8,0.867,68,1,1,-3.48,10.33,1.69,5.34,3.63,103,37.72,-2.23,struktur,1,6
backtest,NFLX,2025-05-28,2025-06-12,2025,14:00,0,0,QQQ,4h,1,1.6,5,20.4,-0.07,0,1,0,-0.07,0.999,4.44,16.19,37.08,1,8.09,6.34,1.68,9.11,23.99,37.07,-0.05,1.99,3.71,bearish,-6.18,1.86,-1.54,0.957,0,-1.54,0.957,0,1,1,-3.48,10.33,1.69,21.93,0.27,11,4.28,-2.87,zeitstopp,1,6
backtest,CEG,2025-06-03,2025-06-06,2025,14:00,0,0,QQQ,4h,-17.1,-10.5,99,3.4,0.66,1,1,89,0.66,1.012,22.37,46.14,43.48,0,10.65,4.61,5.36,26.94,35.37,17.89,12.67,3.13,19.57,bullish,44.53,6.25,-4.84,3.538,2,-54.08,1.012,89,1,1,-3.11,7.03,5.42,28.41,-1.05,3,-3.16,-19.02,stopp,0,5
backtest,INTU,2025-06-03,2025-06-18,2025,14:00,0,0,QQQ,4h,-0.3,22.4,426,20.4,-0.91,0,1,0,-0.91,0.97,10.8,19.66,21.24,1,6.03,0.9,6.23,21.11,27.49,20.16,-0.9,2.22,3.47,bearish,-2.19,1.56,-2.19,0.582,0,-2.19,0.582,0,1,1,-3.11,7.03,5.42,20.94,-0.1,11,2.03,-1.02,zeitstopp,1,5
backtest,TTWO,2025-06-05,2025-06-23,2025,18:00,1,0,QQQ,4h,3.1,-2,1,20.4,-4.02,0,1,12,-4.02,0.908,1.32,5.04,22.19,1,3.83,4.51,0.37,-1.15,6.69,21.66,0.84,2.59,5.09,bullish,1.17,1.97,-7.75,0.481,12,-7.75,0.481,12,1,1,-2.08,9.84,5.49,1.14,0.64,11,4.84,-0.98,zeitstopp,1,6
backtest,CEG,2025-06-09,2025-06-11,2025,18:00,1,0,QQQ,4h,-2.2,-17.1,3,3.4,-13.75,0,0,93,-13.75,0.754,2.35,22.12,21.84,0,13.71,4.87,-2.4,10.57,40.78,21.11,1.28,4.11,2.46,bearish,-5.73,0.6,-16.37,0.297,3,-54.08,0.746,93,1,1,-1.87,8.53,7.91,30.45,-0.92,2,2.05,-4.93,stopp,0,3
backtest,AVGO,2025-06-24,2026-01-06,2025,10:00,1,0,QQQ,4h,34.1,-10.2,147,15.9,-3.24,0,1,12,-3.24,0.938,3.45,16.91,29.61,1,14.81,4.88,2.28,10.34,32.72,6.49,0.97,3.16,6.36,bullish,41.7,2.01,-9.16,0.646,12,-9.16,0.646,12,1,1,-1.44,3.55,10.86,19.72,5.71,135,62.09,0.99,struktur,1,3
backtest,CRWD,2025-06-24,2025-07-10,2025,10:00,1,0,QQQ,4h,3,2.7,14,6.0,0.75,1,1,0,0.75,1.013,5.03,13.4,35.22,1,11.85,6.22,2.33,10.75,35.77,30.64,1.26,3.61,6.12,bullish,8.87,1.7,-6.63,1.114,0,-6.63,1.114,0,1,1,-1.44,3.55,10.86,22.47,0.52,11,4.01,-3.39,zeitstopp,1,3
backtest,NFLX,2025-06-24,2025-07-10,2025,10:00,1,0,QQQ,4h,2,1,12,20.5,-0.22,0,1,11,-0.22,0.996,3.3,10.03,35.09,1,11.13,6.29,3.42,5.51,30.53,36.38,0.52,1.98,5.89,bullish,26.44,2.97,-6.51,0.966,11,-6.51,0.966,11,1,1,-1.44,3.55,10.86,17.75,0.36,11,6.44,-1.11,zeitstopp,1,3
backtest,SHOP,2025-06-24,2025-07-10,2025,10:00,1,0,QQQ,4h,2.5,4.7,13,10.1,-36.68,0,0,898,-13.72,0.78,4.04,11.05,12.68,1,5.0,3.74,4.4,6.48,5.54,-7.96,1.5,3.76,7.08,bullish,4.43,1.88,-11.46,0.574,7,-46.02,0.702,86,1,1,-1.44,3.55,10.86,-4.8,0.38,11,6.02,-2.96,zeitstopp,0,3
backtest,LRCX,2025-07-03,2025-07-21,2025,10:00,1,0,QQQ,4h,2.2,24.4,441,20.5,-11.77,0,0,244,-11.77,0.763,6.87,17.91,26.66,1,12.67,1.64,2.93,18.43,36.04,35.39,-0.28,2.72,5.54,bullish,8.25,2.04,-3.79,0.895,0,-3.79,0.895,0,1,1,-0.36,4.57,16.65,16.62,0.42,11,4.1,-2.4,zeitstopp,0,4
backtest,WBD,2025-07-09,2025-08-12,2025,10:00,1,0,QQQ,4h,-5.7,-10.7,96,2.7,-29.87,0,0,591,-9.76,0.795,6.73,16.98,18.7,1,8.53,3.21,-0.44,16.19,41.39,7.04,0.44,3.59,5.38,bullish,5.59,1.5,-8.02,0.723,6,-36.81,0.9,89,1,1,-0.87,4.35,30.83,8.07,-1.11,24,21.03,-6.11,stopp,0,1
backtest,GILD,2025-07-10,2025-07-16,2025,10:00,1,0,QQQ,4h,-3.9,29.7,932,20.5,-5.64,0,0,83,-5.64,0.877,1.75,4.59,13.65,1,1.45,3.41,1.35,0.93,8.07,25.64,-1.43,2.29,3.18,bullish,5.55,1.39,-1.61,-0.117,0,-21.62,0.739,83,1,1,-0.25,4.93,31.43,-17.77,-1.27,4,2.91,-2.73,stopp,0,3
backtest,MSTR,2025-07-10,2025-07-25,2025,10:00,1,0,QQQ,4h,-2.1,33.8,44,20.5,-23.71,0,0,154,-23.71,0.708,7.16,6.63,28.38,1,9.03,8.56,11.28,5.94,54.92,22.3,-0.27,3.85,6.42,bearish,-7.4,1.67,-16.7,0.776,40,-16.7,0.776,40,1,1,-0.25,4.93,31.43,17.87,-0.34,11,10.37,-2.91,zeitstopp,0,3
backtest,NFLX,2025-07-14,2025-07-21,2025,18:00,1,0,QQQ,4h,-4.7,2,4,20.5,-5.61,0,0,8,-5.61,0.9,-0.04,4.08,30.28,1,10.57,6.33,-4.02,2.07,31.69,41.62,1.67,2.48,1.48,bullish,6.21,0.6,-8.19,0.315,8,-8.19,0.315,8,1,1,-0.62,4.21,19.06,10.6,-3.24,5,0.92,-5.36,stopp,0,3
backtest,KLAC,2025-07-15,2025-07-23,2025,14:00,1,0,QQQ,4h,-3.9,-16.4,344,20.5,0.36,1,1,2,0.36,1.009,4.09,13.84,29.23,1,13.49,2.1,1.0,5.35,40.69,34.96,1.49,2.08,4.31,bullish,1.91,2.07,-2.79,1.128,2,-2.79,1.128,2,1,1,-0.25,4.34,24.8,12.73,-0.93,6,1.11,-5.96,stopp,1,5
backtest,SHOP,2025-07-15,2025-11-14,2025,10:00,0,0,QQQ,4h,21.8,2.5,5,10.2,-33.73,0,0,912,-9.7,0.845,4.11,8.54,14.57,1,10.05,4.0,0.07,6.89,37.94,8.45,0.08,3.56,5.94,bullish,4.43,1.67,-5.69,0.758,0,-46.02,0.789,100,1,1,-0.25,4.34,24.8,10.53,3.89,87,55.94,-3.63,struktur,1,5
backtest,CCEP,2025-07-18,2025-08-04,2025,10:00,1,0,QQQ,4h,0.9,-5.9,130,20.5,-2.04,0,1,8,-2.04,0.928,1.27,3.86,15.34,1,3.22,1.93,0.71,4.26,9.97,28.99,-0.92,1.62,3.97,bullish,2.63,2.45,-3.81,0.466,8,-3.81,0.466,8,1,1,-0.09,6.3,22.8,-10.45,0.24,11,5.7,0.93,zeitstopp,1,6
backtest,AMD,2025-07-24,2025-09-08,2025,10:00,1,0,QQQ,4h,-5.2,32.8,475,20.6,-29.57,0,0,343,-8.03,0.857,9.02,23.53,29.75,1,19.01,-0.51,-0.89,14.61,83.92,29.74,0.9,3.46,8.27,bullish,9.62,2.39,-7.79,0.851,4,-7.79,0.851,4,1,1,-0.4,4.45,26.99,44.83,-0.68,31,16.6,-6.78,struktur,0,3
backtest,NVDA,2025-07-25,2025-09-08,2025,10:00,1,0,QQQ,4h,-3.2,4,49,20.6,-0.89,0,1,4,-0.89,0.982,5.14,15.53,29.46,1,17.01,3.68,0.43,12.59,69.16,18.15,-0.6,2.19,6.24,bullish,51.4,2.85,-5.55,0.84,4,-5.55,0.84,4,1,1,-0.22,4.41,24.44,35.94,-0.55,30,6.82,-5.0,struktur,1,2
backtest,IDXX,2025-08-04,2026-01-05,2025,14:00,1,0,QQQ,4h,16.7,2.4,73,20.6,-18.76,0,0,1006,-0.89,0.977,6.34,8.34,25.0,1,4.89,0.98,-5.25,-2.1,13.61,26.31,7.24,2.5,13.08,bullish,3.54,5.23,-8.92,0.901,2,-8.92,0.901,2,1,1,-3.61,-0.42,15.12,-1.31,1.44,106,34.06,4.57,struktur,1,0
backtest,FAST,2025-08-06,2025-10-13,2025,18:00,1,0,QQQ,4h,-6.8,1.6,258,20.6,-2.82,0,1,7,-2.82,0.918,1.86,7.58,17.57,1,5.33,2.73,-2.49,6.58,10.8,24.53,2.37,1.76,5.3,bullish,11.58,3.01,-6.26,0.549,7,-6.26,0.549,7,1,1,-2.5,1.44,15.43,-4.01,-1.35,47,8.85,-9.02,stopp,1,1
backtest,GILD,2025-08-08,2025-08-25,2025,14:00,1,0,QQQ,4h,-1.1,-3.9,23,20.6,-2.95,0,1,104,-2.95,0.928,2.77,3.83,13.36,1,3.44,2.94,-1.79,-3.72,12.3,12.24,4.09,2.29,4.99,bullish,2.38,2.18,-7.71,0.691,9,-21.62,0.864,104,1,1,-0.94,2.48,17.91,-4.76,-0.23,11,6.13,-0.86,zeitstopp,1,2
backtest,LRCX,2025-08-12,2025-08-27,2025,18:00,1,0,QQQ,4h,-2.2,2.2,22,20.6,-5.75,0,0,271,1.08,1.023,6.56,10.45,30.62,1,8.49,2.5,3.65,2.39,35.69,24.57,3.21,3.04,13.0,bullish,19.54,4.28,-2.34,1.461,0,-2.34,1.461,0,1,1,-0.68,2.99,17.53,15.46,-0.19,11,2.61,-7.73,zeitstopp,0,4
backtest,META,2025-08-12,2025-08-21,2025,18:00,1,0,QQQ,4h,-6,-3.8,236,13.2,0.79,1,1,7,0.79,1.02,8.18,10.7,24.75,1,6.38,2.47,-1.35,6.24,29.36,7.37,3.27,2.76,5.5,bullish,4.93,1.99,-5.03,1.157,7,-5.03,1.157,7,1,1,-0.68,2.99,17.53,10.07,-1.15,7,0.67,-7.58,stopp,1,4
backtest,ORLY,2025-08-20,2025-09-05,2025,18:00,0,0,QQQ,4h,1.9,2.6,114,20.6,-1.39,0,1,8,-1.39,0.954,2.64,9.09,16.37,1,4.31,2.5,1.15,8.09,10.9,19.3,0.33,1.62,3.57,bullish,12.8,2.2,-3.83,0.637,8,-3.83,0.637,8,1,1,-2.41,1.43,9.18,1.58,0.54,11,1.86,-1.54,zeitstopp,1,2
backtest,INTC,2025-08-22,2025-09-09,2025,18:00,1,0,QQQ,4h,0.2,-0.3,540,20.6,-60.69,0,0,1096,-11.11,0.69,13.86,11.28,12.85,1,1.41,-0.55,-1.51,3.84,13.58,-9.93,4.21,5.59,6.58,bearish,-0.87,1.18,-14.13,0.456,2,-14.13,0.456,2,1,1,-3.44,-0.31,9.92,3.33,0.03,11,5.68,-3.43,zeitstopp,0,1
backtest,BKR,2025-09-04,2025-09-19,2025,18:00,1,0,QQQ,4h,1.3,-7.6,269,20.7,-5.58,0,0,4498,-4.75,0.864,5.71,10.01,12.22,1,5.99,1.42,1.25,2.69,20.5,6.21,2.85,1.95,6.87,bearish,-1.37,3.52,-9.72,0.958,26,-9.72,0.958,26,1,1,-2.27,1.75,8.23,11.33,0.2,11,2.96,-3.14,zeitstopp,0,0
backtest,MU,2025-09-05,2026-07-06,2025,14:00,1,0,QQQ,4h,702.1,-7.4,415,20.7,-19.75,0,0,303,-3.08,0.941,4.69,6.6,25.41,1,3.39,1.39,5.49,14.19,20.42,31.96,1.23,3.25,11.18,bullish,1.94,3.44,-20.31,0.848,48,-20.31,0.848,48,1,1,-1.39,1.39,8.91,10.57,69.82,207,899.6,-0.06,struktur,1,1
backtest,CDNS,2025-09-08,2025-09-23,2025,18:00,1,0,QQQ,4h,3.4,-0.1,560,20.7,-4.73,0,1,25,-4.73,0.885,2.77,6.16,19.19,1,6.59,2.36,-0.93,-0.94,18.47,44.35,2.18,2.06,6.37,bearish,-5.19,3.09,-9.78,0.517,25,-9.78,0.517,25,1,1,-1.24,1.2,9.89,7.8,0.57,11,4.36,-9.01,zeitstopp,0,3
backtest,TSLA,2025-09-08,2025-10-13,2025,10:00,1,0,QQQ,4h,19.6,11.4,68,15.2,-27.54,0,0,177,-27.54,0.516,4.98,9.23,7.21,0,1.07,2.08,1.4,8.87,23.23,33.17,0.9,3.46,9.82,bullish,3.25,2.84,-19.23,0.949,52,-25.7,0.855,68,1,1,-1.24,1.2,9.89,12.14,2.2,25,32.98,-2.88,struktur,0,3
backtest,LRCX,2025-09-09,2025-11-17,2025,10:00,1,0,QQQ,4h,40,-2.2,13,20.7,-5.79,0,0,290,-2.59,0.946,3.48,5.29,26.56,1,5.25,3.35,4.92,3.27,21.99,33.31,0.14,2.97,13.14,bearish,-2.88,4.42,-12.87,0.799,16,-12.87,0.799,16,1,1,-0.76,0.75,9.36,11.55,3.45,49,59.17,-0.73,struktur,1,5
backtest,WBD,2025-09-09,2026-03-13,2025,10:00,0,0,QQQ,4h,121.9,-5.7,28,2.9,-24.17,0,0,634,-10.67,0.791,5.13,2.5,17.66,1,5.26,3.35,6.1,13.2,25.76,11.56,0.32,3.16,11.25,bearish,-11.61,3.56,-22.42,0.524,29,-22.42,0.524,29,1,1,-0.76,0.75,9.36,15.0,12.06,128,142.13,-3.15,struktur,1,5
backtest,ARM,2025-09-10,2025-09-25,2025,18:00,0,0,QQQ,4h,-6.7,-11.1,201,2.0,-19.66,0,0,293,-17.08,0.696,9.97,4.12,11.75,1,-0.99,-0.36,6.39,-0.18,1.58,20.98,7.7,3.22,17.59,bearish,-1.8,5.46,-24.53,0.596,49,-24.53,0.596,49,1,1,-0.48,1.34,9.51,-7.24,-0.45,11,4.78,-8.99,zeitstopp,0,7
backtest,CEG,2025-09-10,2025-09-25,2025,18:00,0,0,QQQ,4h,2.8,-2.2,91,3.6,-8.86,0,0,25,-8.86,0.838,3.38,1.35,18.1,1,1.1,2.6,-2.08,-9.14,0.51,49.15,8.02,3.1,12.31,bullish,8.69,3.97,-17.78,0.502,25,-17.78,0.502,25,1,1,-0.48,1.34,9.51,-8.22,0.25,11,7.23,-5.07,zeitstopp,0,7
backtest,ZS,2025-09-11,2025-09-26,2025,18:00,0,0,QQQ,4h,-1.4,17.1,49,7.5,-22.63,0,0,953,-8.62,0.834,6.0,2.46,23.34,1,-4.02,3.56,3.03,1.22,-6.44,39.84,4.38,3.06,12.88,bearish,-10.6,4.21,-18.23,0.527,45,-18.23,0.527,45,1,1,-0.53,0.11,8.82,-14.02,-0.12,11,2.02,-4.79,zeitstopp,0,8
backtest,GOOG,2025-09-15,2025-09-30,2025,14:00,0,0,QQQ,4h,-0.3,0.9,248,20.7,0.5,1,1,1,0.5,1.012,11.46,20.77,33.88,1,9.62,2.47,2.73,18.53,36.52,46.83,0.99,2.44,4.08,bullish,9.05,1.67,-2.47,1.201,1,-2.47,1.201,1,1,1,-0.2,1.17,10.05,24.05,-0.07,11,5.3,-1.72,zeitstopp,1,9
backtest,GOOGL,2025-09-15,2025-09-30,2025,14:00,0,0,QQQ,4h,-0.2,0.6,248,20.7,0.29,1,1,1,0.29,1.007,11.39,20.84,34.48,1,9.78,2.55,2.56,18.76,37.18,48.26,0.9,2.47,4.01,bullish,9.3,1.62,-2.48,1.119,1,-2.48,1.119,1,1,1,-0.2,1.17,10.05,24.64,-0.05,11,5.37,-1.52,zeitstopp,1,9
backtest,TTWO,2025-09-15,2025-09-30,2025,14:00,0,0,QQQ,4h,4.8,3.1,84,20.7,-1.06,0,1,4,-1.06,0.974,4.66,6.29,15.41,1,-0.07,3.05,2.75,5.62,5.03,20.94,0.63,2.09,2.81,bearish,-2.42,1.34,-3.61,0.707,4,-3.61,0.707,4,1,1,-0.2,1.17,10.05,-4.56,1.76,11,5.52,-3.37,zeitstopp,1,9
backtest,INTC,2025-09-24,2026-02-13,2025,18:00,1,0,QQQ,4h,49.6,0.2,15,20.7,-50.89,0,0,1118,-5.53,0.878,19.64,30.17,40.14,1,6.03,0.51,16.11,19.51,30.11,21.14,4.26,4.52,7.55,bullish,22.05,1.67,-11.27,0.51,3,-11.27,0.51,3,1,1,-0.77,5.01,10.95,17.27,7.07,98,78.49,-4.45,struktur,0,3
backtest,APP,2025-09-29,2025-10-07,2025,10:00,1,0,QQQ,4h,-12.9,0.1,109,4.4,1.82,1,1,0,1.82,1.022,17.98,42.87,84.21,1,24.42,7.36,3.12,38.47,100.69,155.96,2.02,3.44,11.43,bullish,10.42,3.32,-3.68,1.494,0,-3.68,1.494,0,1,1,-1.14,3.39,8.86,84.35,-1.26,6,9.11,-20.25,stopp,1,4
backtest,ASML,2025-09-29,2025-10-14,2025,14:00,0,0,QQQ,4h,0.7,-6,434,20.7,-12.51,0,0,304,-1.82,0.956,12.91,23.46,30.24,1,3.24,2.4,2.08,24.63,19.85,38.55,0.86,2.47,3.58,bearish,-11.03,1.45,-4.13,0.56,3,-4.13,0.56,3,1,1,-1.14,3.39,8.86,10.09,0.2,11,10.34,-2.53,zeitstopp,0,4
backtest,EA,2025-09-29,2025-10-14,2025,10:00,0,0,QQQ,4h,3.2,-1.7,411,3.1,-1.84,0,1,0,-1.84,0.956,12.79,15.89,29.75,1,4.56,0.54,11.71,13.08,22.71,33.39,0.18,2.79,17.9,bearish,-3.85,6.42,-13.81,0.867,0,-13.81,0.867,0,1,1,-1.14,3.39,8.86,12.72,0.21,11,5.19,3.15,zeitstopp,1,4
backtest,ZS,2025-09-29,2025-11-14,2025,10:00,0,0,QQQ,4h,2.4,-1.4,3,7.5,-21.17,0,0,965,-6.9,0.857,4.84,5.63,23.15,1,-3.05,3.31,0.13,5.07,-6.56,40.68,0.63,2.97,7.18,bearish,-10.6,2.42,-18.23,0.622,57,-18.23,0.622,57,1,1,-1.14,3.39,8.86,-14.16,0.37,34,13.66,-2.95,struktur,0,4
backtest,CEG,2025-10-02,2026-01-08,2025,10:00,0,0,QQQ,4h,-4.3,2.8,7,3.7,-1.45,0,1,41,-1.45,0.974,8.21,7.98,24.68,1,1.08,3.0,3.47,13.75,14.58,70.0,0.14,3.75,10.38,bullish,8.69,2.77,-17.78,0.919,41,-17.78,0.919,41,1,1,-0.09,5.94,9.65,4.49,-0.46,67,17.45,-8.37,struktur,1,5
backtest,NVDA,2025-10-09,2025-10-15,2025,14:00,1,0,QQQ,4h,-3.3,-3.2,31,20.8,-0.16,0,1,4,-0.16,0.997,5.46,6.7,32.57,1,3.2,3.04,1.0,6.65,15.25,96.4,0.87,2.84,5.34,bullish,5.97,1.88,-4.04,0.961,4,-4.04,0.961,4,1,1,-0.05,5.42,10.21,4.57,-0.66,4,2.55,-7.06,stopp,1,1
backtest,ARM,2025-10-14,2025-10-29,2025,10:00,1,0,QQQ,4h,-1,-6.7,19,2.1,-6.17,0,0,317,-3.16,0.944,17.17,22.6,28.99,1,-0.62,0.89,10.06,11.75,16.88,65.34,3.0,4.71,16.75,bullish,10.49,3.56,-10.29,1.117,0,-10.29,1.117,0,1,1,-1.82,1.86,8.26,7.96,-0.07,11,3.42,-9.18,zeitstopp,0,1
backtest,AMAT,2025-10-15,2025-11-14,2025,14:00,1,0,QQQ,4h,-9.2,-12,454,20.8,-11.48,0,0,317,-1.21,0.974,7.74,21.37,30.74,1,3.98,2.25,3.13,25.73,12.32,51.83,2.55,4.25,8.01,bullish,36.31,1.88,-7.72,0.843,6,-7.72,0.843,6,1,1,-2.48,1.27,7.43,4.55,-1.23,22,8.38,-9.1,stopp,0,3
backtest,AMD,2025-10-15,2025-11-21,2025,18:00,1,0,QQQ,4h,-11.4,-5.2,37,20.8,-1.81,0,1,3,-1.81,0.973,29.84,36.87,79.45,1,5.27,3.97,3.11,35.92,36.24,130.78,8.1,6.23,11.69,bullish,28.64,1.88,-11.2,0.838,3,-11.2,0.838,3,1,1,-2.48,1.27,7.43,26.82,-1.09,27,13.29,-17.28,stopp,1,3
backtest,APP,2025-10-24,2025-11-10,2025,18:00,1,0,QQQ,4h,1.7,-12.9,17,4.5,-16.16,0,0,18,-16.16,0.795,0.42,10.73,57.09,1,19.56,7.67,-2.64,-7.85,61.94,120.14,6.01,6.76,15.41,bullish,57.4,2.28,-26.91,0.4,18,-26.91,0.4,18,1,1,-0.42,2.87,7.93,50.04,0.13,11,7.97,-7.8,zeitstopp,0,5
backtest,DDOG,2025-10-24,2025-12-08,2025,18:00,0,0,QQQ,4h,-3.3,17.3,567,6.1,-20.87,0,0,986,-7.1,0.863,2.13,11.02,24.02,1,4.2,0.29,3.59,14.63,4.5,57.22,0.9,4.11,4.6,bullish,14.98,1.12,-10.71,0.502,9,-10.71,0.502,9,1,1,-0.42,2.87,7.93,-3.17,-0.74,30,27.65,-5.02,struktur,1,5
backtest,GOOG,2025-10-24,2025-12-15,2025,18:00,0,0,QQQ,4h,19.7,-0.3,24,20.8,1.37,1,1,3,1.37,1.031,5.4,10.78,36.61,1,9.92,3.05,0.74,2.9,30.85,57.47,3.03,2.48,7.92,bullish,29.13,3.19,-5.12,1.267,3,-5.12,1.267,3,1,1,-0.42,2.87,7.93,21.24,2.68,35,25.73,-2.03,struktur,1,5
backtest,KLAC,2025-10-24,2025-11-10,2025,14:00,0,0,QQQ,4h,4.7,-3.9,93,20.8,0.24,1,1,0,0.24,1.005,6.89,16.76,40.7,1,7.81,5.73,5.48,9.44,28.76,68.88,0.6,4.0,8.02,bullish,7.26,2.0,-4.86,1.05,0,-4.86,1.05,0,1,1,-0.42,2.87,7.93,19.3,0.64,11,10.17,-0.5,zeitstopp,1,5
backtest,GOOGL,2025-11-06,2025-11-21,2025,14:00,1,0,QQQ,4h,3.9,-0.2,37,20.8,-2.3,0,1,4,-2.3,0.956,9.26,14.73,47.03,1,10.88,3.65,3.54,16.22,44.8,88.2,0.2,2.82,4.29,bullish,13.9,1.52,-5.25,0.563,4,-5.25,0.563,4,1,1,-2.16,1.94,9.62,32.09,0.95,11,7.56,-4.98,zeitstopp,1,0
backtest,CRWD,2025-11-11,2025-11-21,2025,10:00,1,0,QQQ,4h,-10.4,3,124,6.4,-0.56,0,1,0,-0.56,0.988,6.32,13.56,25.78,1,8.36,3.84,1.01,9.62,27.93,29.82,-0.3,3.01,8.58,bullish,2.01,2.85,-2.63,0.788,0,-2.63,0.788,0,1,1,-2.16,3.52,7.57,18.93,-1.32,8,1.99,-14.08,stopp,1,1
backtest,GILD,2025-11-13,2025-12-01,2025,18:00,0,0,QQQ,4h,-1.2,-1.1,80,20.9,0.83,1,1,0,0.83,1.025,4.05,7.72,14.55,1,2.07,2.89,0.67,4.31,4.4,27.2,2.03,2.84,9.9,bullish,7.82,3.49,-2.46,1.337,0,-2.46,1.337,0,1,1,-2.5,3.13,7.23,-2.63,-0.14,11,2.22,-2.7,zeitstopp,1,2
backtest,BIIB,2025-11-21,2025-12-09,2025,18:00,1,0,QQQ,4h,2.9,1.7,921,20.9,-63.59,0,0,2685,2.3,1.065,11.12,16.38,28.2,1,5.16,0.91,2.09,12.06,20.72,33.16,3.96,2.98,8.35,bullish,6.6,2.8,-3.02,1.762,0,-3.02,1.762,0,1,0,-8.06,-4.08,2.51,17.76,0.38,11,5.91,-4.24,zeitstopp,0,2
backtest,ROST,2025-11-21,2025-12-09,2025,18:00,1,0,QQQ,4h,3,-4.7,1015,20.9,4.11,1,1,11,4.11,1.156,7.05,10.8,20.95,1,3.21,0.87,-0.82,2.46,9.29,6.0,7.07,1.82,10.48,bullish,5.12,5.76,-4.45,1.923,11,-4.45,1.923,11,1,0,-8.06,-4.08,2.51,6.61,0.32,11,4.4,-4.86,zeitstopp,1,2
backtest,AZN,2025-11-24,2025-12-10,2025,10:00,1,0,QQQ,4h,0.1,-4.7,434,20.9,-0.91,0,1,0,-0.91,0.973,6.12,9.73,20.98,1,2.65,2.54,2.13,9.26,14.24,30.14,0.08,2.06,4.05,bearish,-1.61,1.97,-2.8,0.674,0,-2.8,0.674,0,1,0,-7.37,-4.38,3.58,10.28,0.03,11,3.24,-1.54,zeitstopp,1,2
backtest,AMAT,2025-11-26,2026-07-21,2025,10:00,1,0,QQQ,4h,132.1,-9.2,12,20.9,-3.5,0,1,347,-0.48,0.99,5.46,10.37,36.15,1,14.01,2.93,7.91,6.72,47.78,50.78,0.41,4.61,14.38,bullish,4.49,3.12,-4.69,0.898,0,-4.69,0.898,0,1,1,-4.41,-3.8,6.3,39.03,10.51,160,204.2,-0.25,struktur,1,4
backtest,AMGN,2025-11-26,2025-12-09,2025,18:00,1,0,QQQ,4h,-6.7,-5.7,477,20.9,-0.94,0,1,8,-0.94,0.967,5.64,12.81,17.04,1,5.51,1.72,-0.13,17.61,19.3,24.4,-0.27,2.44,4.98,bullish,13.82,2.04,-4.48,0.791,8,-4.48,0.791,8,1,1,-4.41,-3.8,6.3,12.23,-1.4,8,1.82,-7.94,stopp,1,4
backtest,AMD,2025-11-28,2025-12-15,2025,14:00,1,0,QQQ,4h,-1.3,-11.4,7,20.9,-19.51,0,0,20,-19.51,0.727,-8.96,-1.21,43.34,1,15.98,8.65,-4.16,-18.95,27.09,89.54,0.35,7.68,11.77,bearish,-1.34,1.53,-27.26,0.284,20,-27.26,0.284,20,1,1,-3.57,-3.38,6.57,19.25,-0.12,11,5.12,-3.91,zeitstopp,0,5
backtest,ASML,2025-12-01,2025-12-16,2025,18:00,0,0,QQQ,4h,-0.4,0.7,48,20.9,-0.92,0,1,348,-0.11,0.998,5.98,7.41,35.45,1,10.17,3.81,8.05,-1.44,42.99,44.49,2.36,3.16,12.69,bullish,2.74,4.02,-12.89,0.992,20,-12.89,0.992,20,1,1,-2.79,-1.09,8.69,31.56,-0.04,11,5.23,-2.81,zeitstopp,1,4
backtest,ROST,2025-12-10,2025-12-26,2025,18:00,1,0,QQQ,4h,0,3,1,20.9,0.4,1,1,1,0.4,1.013,5.64,11.13,24.77,1,5.64,2.0,-0.08,9.57,18.88,27.0,1.53,2.0,3.78,bullish,5.12,1.89,-1.88,1.214,1,-1.88,1.214,1,1,1,-1.88,0.29,7.76,10.31,0.0,11,3.41,-0.9,zeitstopp,1,1
backtest,MNST,2025-12-16,2026-01-02,2025,14:00,1,0,QQQ,4h,2.4,1.2,232,20.9,-1.86,0,1,10,-1.86,0.954,1.6,5.73,17.81,1,5.06,3.92,1.22,4.96,13.12,17.16,0.03,1.67,4.66,bullish,5.04,2.79,-5.3,0.649,10,-5.3,0.649,10,1,0,-4.16,0.28,3.39,9.41,0.54,11,4.6,-1.26,zeitstopp,1,1
backtest,LRCX,2025-12-19,2026-03-04,2025,18:00,1,0,QQQ,4h,29.2,40,32,21.0,1.1,1,1,6,1.1,1.016,8.74,11.72,59.22,1,7.46,7.64,-2.38,10.86,30.24,82.66,4.17,4.21,13.02,bullish,1.69,3.09,-9.48,1.116,6,-9.48,1.116,6,1,0,-4.38,1.54,1.75,28.0,2.53,49,49.61,-3.2,struktur,1,2
backtest,APP,2025-12-22,2026-01-05,2025,10:00,1,0,QQQ,4h,-14.9,1.7,42,4.7,-2.63,0,1,58,-2.63,0.964,11.12,17.72,61.53,1,0.7,6.3,7.56,38.51,12.1,115.08,0.64,4.77,12.13,bearish,-9.47,2.54,-34.38,0.923,58,-34.38,0.923,58,1,1,-3.13,5.36,2.47,9.4,-1.38,8,1.65,-16.84,stopp,0,2
backtest,WDC,2026-01-02,2026-07-17,2026,18:00,1,0,QQQ,4h,146.1,4.7,3077,21.0,-2.89,0,1,13,-2.89,0.966,5.26,14.86,100.43,1,15.88,16.21,-3.35,7.77,32.03,162.4,6.41,5.73,7.81,bearish,-0.84,1.36,-12.34,0.766,13,-12.34,0.766,13,1,0,-3.44,-1.11,1.96,29.48,20.16,134,336.54,-3.61,struktur,1,0
backtest,KLAC,2026-01-05,2026-03-04,2026,14:00,1,0,QQQ,4h,13.4,4.7,56,21.0,0.63,1,1,4,0.63,1.011,4.75,7.97,37.37,1,5.43,5.93,-0.2,5.18,12.06,38.38,1.61,3.11,7.74,bullish,0.35,2.49,-5.65,1.112,4,-5.65,1.112,4,1,0,-3.63,-1.54,1.35,10.57,1.86,40,30.76,-0.77,struktur,1,2
backtest,ROST,2026-01-05,2026-01-21,2026,14:00,1,0,QQQ,4h,3.9,0,10,21.0,-1.51,0,1,11,-1.51,0.956,1.14,7.13,23.6,1,7.08,3.4,0.58,2.89,17.28,39.6,0.17,1.4,3.16,bullish,12.84,2.26,-3.75,0.598,11,-3.75,0.598,11,1,0,-3.63,-1.54,1.35,15.72,1.27,11,6.49,-0.08,zeitstopp,1,2
backtest,AZN,2026-01-06,2026-01-22,2026,18:00,1,0,QQQ,4h,-4.3,0.1,27,21.0,0.57,1,1,25,0.57,1.016,3.54,6.43,21.79,1,4.11,2.07,-1.81,1.32,6.93,31.92,3.65,1.31,6.3,bearish,-0.98,4.81,-5.04,1.112,25,-5.04,1.112,25,1,1,-2.86,-0.67,2.59,4.23,-0.73,11,2.07,-5.83,zeitstopp,1,3
backtest,REGN,2026-01-07,2026-01-16,2026,14:00,1,0,QQQ,4h,-5.8,-6.6,470,21.0,-34.17,0,0,340,0.02,1.0,4.66,10.35,31.24,1,11.28,1.12,-0.51,8.1,32.8,42.16,2.11,1.95,6.62,bullish,0.23,3.39,-4.99,1.003,7,-4.99,1.003,7,1,1,-2.01,-0.2,2.72,29.29,-0.93,7,3.56,-8.38,stopp,0,4
backtest,ASML,2026-01-09,2026-03-09,2026,18:00,1,0,QQQ,4h,1.2,-0.4,24,21.0,1.84,1,1,2,1.84,1.034,14.78,18.48,48.74,1,3.75,4.84,11.63,7.46,21.12,49.54,6.28,2.57,20.1,bullish,5.12,7.82,-5.65,1.325,2,-5.65,1.325,2,1,1,-2.47,-0.6,1.61,19.2,0.07,39,22.06,-3.8,struktur,1,5
backtest,STX,2026-01-12,2026-03-03,2026,18:00,0,0,QQQ,4h,15.9,-13.5,2812,21.0,-6.24,0,0,3,-6.24,0.923,7.22,12.5,73.28,1,10.08,12.59,5.73,1.97,37.49,107.75,2.4,5.69,13.22,bullish,3.71,2.32,-16.22,0.615,3,-16.22,0.615,3,1,1,-1.5,-0.02,2.74,33.82,1.36,34,47.72,-4.24,struktur,1,5
backtest,ADI,2026-01-16,2026-02-03,2026,14:00,1,0,QQQ,4h,3.8,-0.3,1016,21.0,-0.7,0,1,0,-0.7,0.986,6.93,14.42,29.05,1,7.57,3.27,0.98,8.51,27.3,26.31,0.46,2.28,5.13,bullish,17.86,2.25,-2.28,0.695,0,-2.28,0.695,0,1,1,-2.27,1.77,3.38,23.14,0.78,11,5.85,-3.19,zeitstopp,1,3
backtest,FER,2026-01-20,2026-01-21,2026,10:00,0,0,QQQ,4h,-0.8,nan,nan,13.4,-2.34,0,1,0,-2.34,0.944,0.91,2.17,19.27,1,2.62,4.23,2.8,3.08,9.2,29.7,-1.88,1.56,0.59,bullish,4.58,0.38,-1.75,-0.336,0,-1.75,-0.336,0,1,1,-2.35,3.61,3.68,5.32,-1.43,1,1.1,-2.07,stopp,0,2
backtest,FER,2026-01-27,2026-03-13,2026,18:00,1,0,QQQ,4h,-7.1,-0.8,6,13.5,1.02,1,1,5,1.02,1.024,3.8,5.14,22.03,1,2.27,4.28,-0.38,4.55,7.97,28.56,1.89,1.72,5.8,bullish,0.65,3.37,-4.36,1.233,5,-4.36,1.233,5,1,1,-1.69,0.25,2.57,5.27,-1.29,32,8.02,-9.03,stopp,1,3
backtest,GOOG,2026-01-27,2026-02-11,2026,10:00,1,0,QQQ,4h,-4.7,19.7,43,21.1,-1.96,0,1,8,-1.96,0.966,3.01,6.46,44.48,1,7.49,7.61,0.99,5.68,31.56,72.15,0.28,2.5,5.75,bullish,3.88,2.3,-6.35,0.692,8,-6.35,0.692,8,1,1,-1.69,0.25,2.57,28.27,-0.86,11,4.67,-8.25,zeitstopp,1,3
backtest,GOOGL,2026-01-27,2026-02-11,2026,10:00,0,0,QQQ,4h,-4.8,3.9,67,21.1,-1.7,0,1,8,-1.7,0.971,3.23,6.74,45.13,1,7.52,7.72,0.99,6.1,31.77,72.78,0.43,2.52,5.99,bullish,3.61,2.38,-6.21,0.725,8,-6.21,0.725,8,1,1,-1.69,0.25,2.57,28.47,-0.85,11,4.28,-8.43,zeitstopp,1,3
backtest,GILD,2026-02-02,2026-03-19,2026,10:00,0,0,QQQ,4h,0,-1.2,63,21.1,-1.21,0,1,0,-1.21,0.966,9.66,12.22,22.64,1,2.42,2.0,4.43,15.65,20.58,28.13,-1.03,2.79,3.91,bearish,-0.35,1.4,-2.5,0.516,0,-2.5,0.516,0,1,1,-2.31,1.23,-2.06,23.12,0.0,32,11.96,-0.34,struktur,1,3
backtest,MNST,2026-02-03,2026-02-19,2026,18:00,1,0,QQQ,4h,1.1,2.4,32,21.1,-1.8,0,1,5,-1.8,0.96,3.3,6.69,22.1,1,5.44,3.27,-0.07,6.49,21.84,37.41,0.79,2.05,3.82,bullish,6.31,1.86,-4.47,0.597,5,-4.47,0.597,5,1,1,-1.64,2.12,0.14,21.67,0.31,11,2.67,-2.42,zeitstopp,1,4
backtest,BKR,2026-02-04,2026-03-16,2026,18:00,0,0,QQQ,4h,-7.9,1.3,138,21.1,0.75,1,1,3,0.75,1.017,11.32,18.71,33.29,1,4.29,2.97,2.65,18.18,20.38,33.9,1.63,3.1,8.93,bullish,14.43,2.88,-5.92,1.128,3,-5.92,1.128,3,1,0,-3.15,-0.24,-1.87,22.67,-0.96,27,14.1,-8.33,stopp,1,5
backtest,MPWR,2026-02-06,2026-02-24,2026,18:00,0,0,QQQ,4h,-0.5,nan,nan,21.1,-1.75,0,1,1,-1.75,0.973,12.56,21.17,41.35,1,4.37,6.59,-2.3,20.53,20.89,43.95,4.22,5.07,10.8,bearish,-2.64,2.13,-10.3,0.83,1,-10.3,0.83,1,1,0,-6.22,-4.33,-3.46,25.23,-0.06,11,3.75,-6.43,zeitstopp,1,3
backtest,MCHP,2026-02-11,2026-02-27,2026,18:00,1,0,QQQ,4h,-8.9,-3.4,1052,21.1,-16.89,0,0,428,-1.72,0.971,5.22,14.28,24.12,1,13.77,5.74,0.26,4.73,37.8,28.12,4.12,4.72,11.38,bullish,7.06,2.41,-9.88,0.826,9,-9.88,0.826,9,1,0,-3.95,-2.5,0.41,37.23,-0.87,11,4.15,-9.1,zeitstopp,0,5
backtest,TXN,2026-02-11,2026-02-25,2026,18:00,0,0,QQQ,4h,-7,4.4,1765,21.1,-0.22,0,1,5,-0.22,0.995,10.79,20.62,24.33,1,11.03,2.89,-1.9,17.61,38.5,22.12,3.35,3.3,6.55,bullish,28.03,1.98,-5.55,0.96,5,-5.55,0.96,5,1,0,-3.95,-2.5,0.41,37.93,-1.15,9,1.31,-8.2,stopp,1,5
backtest,WMT,2026-02-12,2026-02-20,2026,18:00,0,0,QQQ,4h,-7.3,nan,nan,21.1,0.2,1,1,2,0.2,1.005,8.12,12.65,26.82,1,6.81,3.21,0.6,6.99,25.99,24.82,2.54,2.25,5.99,bullish,3.55,2.66,-4.1,1.048,2,-4.1,1.048,2,1,0,-3.69,-2.1,-1.5,27.9,-1.28,5,2.0,-8.33,stopp,1,5
backtest,ROST,2026-02-27,2026-03-16,2026,14:00,1,0,QQQ,4h,2.1,3.9,37,21.1,-1.31,0,1,1,-1.31,0.968,3.56,6.51,27.21,1,4.87,3.65,1.56,9.38,17.13,37.88,-0.65,1.79,3.4,bullish,4.88,1.9,-2.4,0.454,1,-2.4,0.454,1,1,0,-4.3,-3.79,0.8,16.2,0.65,11,7.24,-4.01,zeitstopp,1,0
backtest,INTC,2026-03-10,2026-03-25,2026,17:00,1,0,QQQ,4h,-3.1,49.6,25,21.2,-24.02,0,0,1232,-13.32,0.803,3.33,4.67,43.23,1,6.51,8.14,0.18,-9.9,12.54,86.12,3.84,5.18,13.45,bearish,-8.78,2.6,-23.74,0.439,31,-23.74,0.439,31,1,0,-4.53,-0.31,-2.31,15.21,-0.26,11,3.89,-8.73,zeitstopp,0,0
backtest,AEP,2026-03-16,2026-03-20,2026,13:00,1,0,QQQ,4h,-4.5,-3.9,375,21.2,-1.8,0,1,10,-1.8,0.939,0.44,7.23,16.51,1,5.75,2.73,1.32,5.68,17.97,24.82,-1.07,1.79,3.6,bullish,8.71,2.01,-3.71,0.516,10,-3.71,0.516,10,1,0,-6.74,-1.15,-5.28,24.54,-1.28,4,2.13,-5.37,stopp,1,1
backtest,ADI,2026-03-24,2026-06-29,2026,17:00,1,0,QQQ,4h,20.7,3.8,49,21.2,-11.42,0,0,18,-11.42,0.799,-1.86,-0.09,21.96,1,6.4,4.47,0.41,-11.82,13.91,28.1,2.74,3.09,8.29,bullish,27.79,2.68,-16.89,0.324,18,-16.89,0.324,18,0,0,-7.52,-2.11,-3.22,17.7,2.7,66,39.03,-6.29,struktur,1,2
backtest,FANG,2026-03-24,2026-04-09,2026,17:00,1,0,QQQ,4h,-5.6,-7.2,596,13.4,-3.41,0,1,421,1.14,1.027,9.45,17.14,31.9,1,7.93,3.06,5.18,10.99,31.24,39.08,2.67,2.9,15.39,bullish,24.86,5.31,-4.45,1.256,1,-4.45,1.256,1,0,0,-7.52,-2.11,-3.22,35.61,-0.42,11,4.07,-11.05,zeitstopp,1,2
backtest,INTC,2026-03-25,2026-03-30,2026,17:00,1,0,QQQ,4h,-8.1,-3.1,0,21.2,-23.63,0,0,1243,-12.87,0.81,5.04,2.17,38.19,1,6.42,7.65,0.0,-4.47,19.66,53.2,7.98,5.55,10.12,bullish,4.68,1.82,-23.74,0.458,42,-23.74,0.458,42,0,0,-8.15,-3.81,-5.12,26.12,-0.88,3,0.58,-14.6,stopp,0,4
backtest,ROST,2026-03-25,2026-04-10,2026,13:00,1,0,QQQ,4h,4.1,2.1,9,21.2,-0.72,0,1,14,-0.72,0.983,2.9,8.01,30.65,1,5.43,4.06,3.16,7.84,18.56,49.82,-0.47,2.1,5.4,bullish,11.22,2.57,-5.79,0.875,14,-5.79,0.875,14,0,0,-8.15,-3.81,-5.12,24.95,0.79,11,5.52,-3.4,zeitstopp,1,4
backtest,ARM,2026-03-31,2026-07-15,2026,18:00,1,0,QQQ,4h,92.3,-1,153,2.5,-22.57,0,0,432,-20.21,0.641,13.54,19.1,5.6,0,5.84,-0.24,0.05,10.12,24.2,-1.91,6.71,6.5,10.99,bullish,24.16,1.69,-18.41,0.331,3,-45.39,0.555,105,0,0,-12.19,-8.08,-10.4,38.63,9.33,72,209.76,-5.86,struktur,1,4
backtest,AMD,2026-04-01,2026-07-29,2026,18:00,1,0,QQQ,4h,112.2,-1.3,107,21.2,-20.12,0,0,104,-20.12,0.718,5.93,0.3,8.87,1,-2.56,4.58,-0.94,6.54,-5.65,26.07,4.88,4.62,11.74,bullish,5.79,2.54,-29.5,0.319,46,-29.53,0.319,104,0,0,-9.22,-3.94,-6.92,1.37,10.68,81,174.07,-5.97,struktur,1,7
backtest,MPWR,2026-04-01,2026-06-24,2026,18:00,1,0,QQQ,4h,26,-0.5,36,21.2,-10.07,0,0,24,-10.07,0.846,5.77,1.06,20.45,1,4.12,4.22,-0.55,1.97,17.99,23.99,3.12,4.49,14.74,bearish,-10.23,3.28,-21.35,0.528,24,-21.35,0.528,24,0,0,-9.22,-3.94,-6.92,26.76,2.03,57,52.03,-4.93,struktur,1,7
backtest,MRVL,2026-04-01,2026-07-14,2026,10:00,1,0,QQQ,4h,127.5,22.6,428,21.2,-19.83,0,0,297,-0.81,0.985,12.99,21.38,25.48,1,2.58,3.3,7.25,27.79,15.57,20.38,2.84,5.3,18.83,bullish,5.89,3.55,-13.95,1.086,3,-31.17,0.974,79,0,0,-9.22,-3.94,-6.92,24.17,8.04,70,224.02,-1.35,struktur,1,7
backtest,KLAC,2026-04-21,2026-05-06,2026,14:00,1,0,QQQ,4h,-1.3,13.4,48,21.3,0.13,1,1,0,0.13,1.002,12.09,18.56,48.49,1,3.88,6.57,2.07,20.46,15.3,64.79,0.21,3.5,8.74,bullish,0.32,2.5,-2.04,1.063,0,-2.04,1.063,0,1,1,-0.49,11.26,4.24,10.61,-0.17,11,7.2,-9.02,zeitstopp,1,0
backtest,GOOG,2026-04-23,2026-06-01,2026,10:00,1,0,QQQ,4h,10.9,-4.7,71,21.3,-3.97,0,1,54,-3.97,0.931,8.36,9.28,22.24,1,-2.86,5.16,0.98,16.78,2.92,31.58,-0.51,2.25,2.97,bullish,9.3,1.32,-22.4,0.823,54,-22.4,0.823,54,1,1,-0.03,12.18,6.43,-3.3,3.78,26,20.37,-0.58,struktur,1,3
backtest,GOOGL,2026-04-23,2026-06-01,2026,10:00,0,0,QQQ,4h,11.4,-4.8,71,21.3,-3.2,0,1,54,-3.2,0.945,8.25,9.46,22.93,1,-2.58,5.28,0.65,16.83,3.4,32.44,-0.51,2.31,3.04,bullish,9.55,1.32,-21.98,0.854,54,-21.98,0.854,54,1,1,-0.03,12.18,6.43,-2.85,3.87,26,20.97,-0.65,struktur,1,3
backtest,LRCX,2026-04-23,2026-04-29,2026,10:00,0,0,QQQ,4h,-6.2,29.2,50,21.3,-1.46,0,1,6,-1.46,0.981,11.26,15.24,60.01,1,3.03,9.71,0.15,11.18,16.41,84.87,1.5,3.84,6.24,bullish,13.31,1.63,-6.59,0.779,6,-6.59,0.779,6,1,1,-0.03,12.18,6.43,9.37,-1.06,4,2.34,-10.36,stopp,1,3
backtest,INTC,2026-04-24,2026-07-14,2026,10:00,0,0,QQQ,4h,32.9,-8.1,25,21.3,15.56,1,1,4,15.56,1.213,41.02,61.42,113.01,1,7.98,10.39,-2.51,41.54,22.94,75.18,21.7,5.09,26.33,bullish,43.03,5.17,-8.33,2.867,4,-8.33,2.867,4,1,1,-0.84,10.82,5.07,17.0,1.58,54,75.16,-2.03,struktur,1,4
backtest,MCHP,2026-04-30,2026-07-06,2026,10:00,0,0,QQQ,4h,-2.7,-8.9,62,21.3,-7.13,0,0,482,-3.62,0.932,15.26,23.91,32.43,1,0.31,1.13,9.32,39.56,12.98,41.78,-1.41,3.78,8.15,bullish,35.45,2.16,-8.99,0.597,4,-8.99,0.597,4,1,1,-0.44,14.62,4.61,8.0,-0.36,44,19.13,-6.81,struktur,1,5
backtest,BKR,2026-05-01,2026-05-08,2026,10:00,0,0,QQQ,4h,-9.2,-7.9,46,21.3,-0.82,0,1,3,-0.82,0.984,10.3,12.7,36.0,1,3.75,5.08,8.03,15.46,23.27,46.83,0.23,3.16,5.45,bearish,-3.1,1.72,-4.33,0.81,3,-4.33,0.81,3,1,1,-0.17,14.28,6.22,16.05,-1.79,5,0.24,-10.55,stopp,0,5
backtest,AVGO,2026-05-05,2026-05-20,2026,18:00,0,0,QQQ,4h,-4,34.1,119,16.7,-0.22,0,1,7,-0.22,0.996,8.19,22.08,26.11,1,8.28,3.89,-0.41,32.46,26.05,11.08,2.85,3.07,10.01,bullish,21.82,3.26,-8.07,0.973,7,-8.07,0.973,7,1,1,-0.57,14.34,7.6,17.15,-0.43,11,3.27,-5.5,zeitstopp,1,2
backtest,DDOG,2026-05-07,2026-07-23,2026,14:00,1,0,QQQ,4h,39,-3.3,150,6.6,-12.07,0,0,120,-12.07,0.765,38.46,43.05,28.42,0,2.19,-0.78,7.26,23.36,24.2,-11.33,23.4,4.5,39.95,bullish,0.12,8.88,-6.19,3.943,1,-51.41,0.765,120,1,1,-0.02,14.8,15.01,7.99,1.37,52,57.16,1.2,struktur,1,3
backtest,SNDK,2026-05-21,2026-06-08,2026,18:00,0,0,QQQ,4h,9.4,nan,nan,1.3,-6.67,0,0,7,-6.67,0.932,16.37,53.92,237.94,1,38.54,39.02,-3.78,42.23,124.21,423.76,7.23,9.07,18.08,bullish,105.76,1.99,-20.17,0.669,7,-20.17,0.669,7,1,1,-1.23,8.86,18.32,89.49,0.62,11,24.63,-7.75,struktur,1,0
backtest,TXN,2026-05-22,2026-06-08,2026,18:00,0,0,QQQ,4h,-6.6,-7,86,21.4,0.83,1,1,5,0.83,1.016,8.22,30.57,57.3,1,14.85,4.84,-3.17,5.73,35.8,90.91,4.85,3.34,8.8,bullish,7.8,2.63,-5.91,1.141,5,-5.91,1.141,5,1,1,-1.04,9.69,17.51,15.56,-0.82,10,5.96,-9.17,zeitstopp,1,1
backtest,FTNT,2026-05-29,2026-07-29,2026,18:00,0,0,QQQ,4h,9.7,-1.7,378,16.5,0.16,1,1,2,0.16,1.003,17.88,42.15,59.1,1,16.28,1.94,-0.23,50.62,63.76,62.59,4.18,3.75,21.09,bullish,1.74,5.62,-6.15,1.025,2,-6.15,1.025,2,1,1,-0.14,11.19,20.89,35.46,0.56,41,26.07,-4.53,struktur,1,3
backtest,PANW,2026-05-29,2026-06-15,2026,18:00,0,0,QQQ,4h,2.3,4.1,514,13.9,4.89,1,1,3,4.89,1.105,22.79,44.95,45.17,1,16.28,2.01,4.5,41.99,72.54,40.18,6.37,4.74,13.96,bullish,45.82,2.95,-7.03,1.696,3,-7.03,1.696,3,1,1,-0.14,11.19,20.89,42.72,0.19,11,10.49,-8.4,zeitstopp,1,3
backtest,CSCO,2026-06-02,2026-06-17,2026,18:00,1,0,QQQ,4h,-6.5,-8,424,21.4,3.51,1,1,0,3.51,1.07,15.46,34.38,60.74,1,15.29,5.6,0.76,32.1,53.6,61.21,4.04,3.77,9.8,bullish,2.39,2.6,-2.99,2.173,0,-2.99,2.173,0,1,1,-0.39,10.17,22.3,25.6,-0.73,11,3.28,-7.71,zeitstopp,1,3
backtest,LRCX,2026-06-02,2026-06-08,2026,18:00,0,0,QQQ,4h,-3.5,-6.2,34,21.4,-1.04,0,1,3,-1.04,0.986,11.35,24.23,70.2,1,11.91,11.34,3.85,23.44,37.35,104.85,4.01,4.74,8.03,bullish,20.76,1.69,-7.89,0.868,3,-7.89,0.868,3,1,1,-0.39,10.17,22.3,12.31,-0.47,4,4.95,-8.22,stopp,1,3
backtest,ASML,2026-06-11,2026-06-29,2026,14:00,0,0,QQQ,4h,0.2,1.2,94,21.4,-2.08,0,1,1,-2.08,0.967,10.19,18.4,45.7,1,7.84,7.94,0.45,14.02,25.33,55.42,3.39,4.55,8.19,bullish,8.4,1.8,-8.46,0.754,1,-8.46,0.754,1,1,1,-7.34,-1.92,14.3,9.66,0.03,11,9.26,-3.5,zeitstopp,1,2
backtest,SNDK,2026-06-12,2026-07-06,2026,10:00,0,0,QQQ,4h,-2.5,9.4,4,1.3,-1.06,0,1,0,-1.06,0.989,17.64,47.92,232.8,1,42.41,37.94,6.92,30.01,204.05,757.34,-0.35,7.9,23.3,bullish,105.76,2.95,-12.14,0.913,0,-12.14,0.913,0,1,1,-4.21,0.34,20.22,152.91,-0.13,14,25.57,-9.71,struktur,1,1
backtest,PANW,2026-06-15,2026-10-09,2026,14:00,0,1,QQQ,4h,48.5,2.3,0,13.9,-6.93,0,0,9,-6.93,0.871,6.12,30.97,45.14,1,23.72,4.82,2.78,17.38,67.42,44.91,0.83,5.34,13.4,bullish,68.99,2.51,-17.1,0.595,9,-17.1,0.595,9,1,1,-3.65,0.22,21.65,37.62,4.11,81,53.34,-2.7,offen,1,2
backtest,TXN,2026-06-18,2026-07-07,2026,18:00,1,0,QQQ,4h,-8.1,-6.6,10,21.5,-4.37,0,1,15,-4.37,0.919,4.67,13.5,51.87,1,18.61,5.59,7.05,-0.14,58.23,70.73,5.02,4.64,17.52,bullish,15.18,3.78,-17.38,0.749,15,-17.38,0.749,15,1,1,-3.49,2.99,21.6,30.12,-0.55,11,5.37,-13.01,zeitstopp,1,3
backtest,LRCX,2026-06-25,2026-07-06,2026,14:00,1,0,QQQ,4h,-8.6,-3.5,17,21.5,-2.53,0,1,2,-2.53,0.968,14.66,30.78,86.54,1,18.37,13.06,1.55,16.24,56.93,117.83,6.56,7.63,9.59,bullish,14.28,1.26,-11.8,0.785,2,-11.8,0.785,2,1,1,-4.98,-2.59,21.82,28.82,-0.99,6,9.8,-14.25,stopp,1,1
backtest,ALAB,2026-06-29,2026-07-14,2026,18:00,1,0,QQQ,4h,-12.2,nan,nan,2.3,1.27,1,1,4,1.27,1.016,21.03,57.92,133.31,1,51.97,10.59,-6.07,12.19,244.81,132.03,14.0,9.76,17.14,bullish,58.48,1.76,-15.53,1.082,4,-15.53,1.082,4,1,1,-5.52,-3.85,23.27,179.73,-0.84,10,11.84,-21.61,zeitstopp,1,1
backtest,CRWD,2026-07-14,2026-07-24,2026,18:00,1,0,QQQ,4h,-10.9,-10.4,235,7.1,-0.86,0,1,5,-0.86,0.985,14.42,26.09,62.46,1,22.49,5.9,-5.75,8.69,98.32,62.03,10.53,5.11,13.22,bullish,6.66,2.59,-13.6,0.936,5,-13.6,0.936,5,1,0,-4.83,-0.64,16.6,70.08,-0.94,8,4.72,-12.48,stopp,1,0
backtest,PLTR,2026-08-07,2026-10-09,2026,18:00,1,1,QQQ,4h,23.3,87.4,261,5.8,-18.31,0,0,189,-18.31,0.624,27.68,28.61,11.29,0,-1.3,-3.02,27.53,20.83,16.54,11.74,8.73,5.41,43.15,bearish,-15.15,7.98,-8.06,1.258,1,-8.06,1.258,1,1,1,-4.44,-1.19,2.83,13.34,0.77,44,23.63,-5.64,offen,1,0
backtest,CRWD,2026-08-14,2026-08-18,2026,10:00,1,0,QQQ,4h,-5.8,-10.9,21,7.2,-0.4,0,1,3,-0.4,0.994,12.86,19.55,65.3,1,11.01,5.86,8.75,10.68,60.36,116.96,0.21,4.0,4.77,bullish,10.74,1.19,-5.44,0.927,3,-5.44,0.927,3,1,1,-2.11,3.7,2.54,56.39,-1.26,2,0.66,-7.49,stopp,1,1
backtest,MRVL,2026-08-20,2026-09-03,2026,10:00,1,0,QQQ,4h,-15.1,127.5,37,21.6,-26.99,0,0,42,-26.99,0.668,16.8,2.71,67.81,1,-1.39,9.04,9.3,12.46,34.61,200.15,1.5,7.34,15.24,bullish,1.75,2.08,-50.62,0.467,42,-50.62,0.467,42,1,1,-4.25,1.52,2.19,31.73,-1.15,10,5.72,-16.7,stopp,0,1
backtest,ABNB,2026-08-24,2026-09-09,2026,18:00,1,0,QQQ,4h,-9.5,4.2,1068,5.7,-13.13,0,0,1387,0.98,1.024,13.07,24.39,40.31,1,10.22,3.36,1.76,32.74,39.52,46.45,2.01,3.72,5.31,bullish,0.46,1.43,-3.14,1.313,2,-3.14,1.313,2,1,1,-4.6,4.27,-0.04,39.57,-1.88,11,1.25,-11.6,stopp,0,1
backtest,CRWD,2026-08-27,2026-09-14,2026,10:00,1,0,QQQ,4h,5.8,-5.8,9,7.2,-8.99,0,0,8,-8.99,0.856,0.78,6.67,48.3,1,7.81,5.75,-6.17,5.46,17.26,108.28,9.45,4.87,11.83,bullish,4.6,2.43,-20.33,0.558,8,-20.33,0.558,8,1,0,-4.88,7.5,-2.37,20.1,0.55,11,15.61,-3.12,struktur,1,2
backtest,STX,2026-09-04,2026-09-16,2026,14:00,1,0,QQQ,4h,-4.2,15.9,185,21.7,-28.52,0,0,53,-28.52,0.664,-3.88,-4.5,38.69,1,-4.06,11.29,-5.74,-6.37,-13.76,117.78,2.48,6.07,1.78,bullish,8.28,0.29,-38.95,0.268,53,-38.95,0.268,53,1,1,-4.03,0.42,-2.99,-11.1,-2.4,7,13.07,-7.34,stopp,0,1
backtest,AMD,2026-09-16,2026-10-09,2026,18:00,1,1,QQQ,4h,16.1,112.2,49,21.7,-10.46,0,0,53,-10.46,0.859,8.88,5.75,49.68,1,-2.93,7.44,-0.3,-0.36,-7.87,156.49,3.84,3.9,10.11,bullish,1.83,2.59,-27.48,0.619,53,-27.48,0.619,53,1,0,-5.79,-3.47,-5.2,-2.81,1.76,17,25.77,-3.35,offen,1,1
backtest,FTNT,2026-09-16,2026-10-01,2026,10:00,1,0,QQQ,4h,4.1,9.7,49,16.8,-1.19,0,1,0,-1.19,0.979,7.85,7.85,52.83,1,2.85,7.36,9.46,10.6,15.31,104.01,-0.23,4.73,12.8,bullish,1.05,2.71,-3.82,0.689,0,-3.82,0.689,0,1,0,-5.79,-3.47,-5.2,21.63,0.36,11,5.46,-3.42,zeitstopp,1,1
backtest,MU,2026-09-21,2026-10-06,2026,18:00,1,0,QQQ,4h,2,702.1,77,21.7,-16.83,0,0,59,-16.83,0.808,8.78,12.57,63.08,1,-3.72,12.82,4.16,4.26,-10.42,128.74,2.76,4.23,14.9,bullish,0.61,3.52,-41.2,0.592,59,-41.2,0.592,59,1,1,-3.53,1.48,-2.48,-8.14,0.15,11,6.22,-2.01,zeitstopp,0,2
backtest,NBIS,2026-09-24,2026-10-09,2026,18:00,1,0,QQQ,4h,-9.1,nan,nan,1.9,-18.49,0,0,65,-18.49,0.755,11.32,14.55,50.24,1,-4.17,8.26,8.23,2.09,-12.73,97.21,7.86,6.91,21.11,bearish,-9.29,3.05,-49.83,0.681,59,-51.38,0.64,65,1,1,-0.95,4.4,4.41,-16.42,-0.52,11,4.37,-10.92,zeitstopp,0,3
backtest,QCOM,2026-09-25,2026-10-09,2026,18:00,1,0,QQQ,4h,-14.1,5.5,799,21.7,-21.08,0,0,81,-21.08,0.601,14.01,20.5,21.18,1,-3.35,0.7,2.94,18.65,-5.19,49.03,5.2,5.02,17.31,bearish,-13.88,3.45,-31.59,0.932,62,-44.82,0.53,81,1,1,-0.97,4.29,3.56,-8.45,-0.96,10,0.72,-16.32,zeitstopp,0,4
backtest,CRWD,2026-09-30,2026-10-09,2026,10:00,1,1,QQQ,4h,4.4,5.8,16,7.3,-1.57,0,1,0,-1.57,0.977,12.64,22.53,74.0,1,8.92,7.44,5.07,13.74,37.71,176.54,0.28,4.97,7.97,bullish,2.8,1.6,-4.46,0.647,0,-4.46,0.647,0,1,1,-1.39,3.06,0.31,37.28,0.59,7,8.92,-1.59,offen,1,3
backtest,MRVL,2026-10-02,2026-10-09,2026,10:00,1,1,QQQ,4h,1.4,-15.1,29,21.7,-17.71,0,0,72,-17.71,0.775,11.71,20.39,63.57,1,1.03,10.32,3.53,29.83,9.29,151.34,1.26,4.67,7.01,bearish,-22.82,1.5,-4.7,1.092,0,-50.62,0.65,72,1,1,-0.84,4.73,4.24,4.85,0.22,5,10.99,-2.09,offen,0,3
backtest,DDOG,2026-10-09,2026-10-09,2026,18:00,1,1,QQQ,4h,1,39,78,7.1,-0.8,0,1,45,-0.8,0.988,13.61,17.86,54.83,1,-0.41,5.91,-0.96,23.49,6.31,151.24,6.06,4.1,14.8,bullish,5.79,3.61,-30.57,0.974,45,-30.57,0.974,45,1,1,-2.0,5.6,3.15,3.07,0.08,0,1.24,-5.36,offen,1,2
